source_row_index,predicted_class,predicted_class_name,confidence,risk_band,headline,risk_factors,risk_scores,learning_path
0,1,Medium,0.948829,moderate,Lộ trình củng cố để tiến lên nhóm High,"[{""code"": ""study_time"", ""title"": ""Thời lượng tự học thấp"", ""evidence"": ""Mức studytime hiện tại: 1/4."", ""priority"": 2, ""score"": 0.9950974583625793}, {""code"": ""wellbeing"", ""title"": ""Thói quen sinh hoạt ảnh hưởng học tập"", ""evidence"": ""Tổng Dalc + Walc = 7."", ""priority"": 3, ""score"": 0.999022364616394}]","{""attendance"": 0.000262, ""failure_history"": 0.001187, ""grade_gap"": 0.306251, ""study_time"": 0.995097, ""wellbeing"": 0.999022, ""time_management"": 0.0}","[{""phase"": ""Tuần 2-4"", ""goal"": ""Ổn định nếp tự học"", ""actions"": ""Tăng ít nhất 3 giờ tự học có kế hoạch mỗi tuần; chia thành các phiên 45 phút; giảm một buổi đi chơi trong tuần nếu trùng lịch học.""}, {""phase"": ""Tuần 2-4"", ""goal"": ""Điều chỉnh thói quen sinh hoạt"", ""actions"": ""Giảm sử dụng đồ uống có cồn trong ngày học; duy trì giấc ngủ và lịch học cố định; trao đổi với cố vấn khi khó tự điều chỉnh.""}, {""phase"": ""Mỗi cuối tuần"", ""goal"": ""Theo dõi tiến bộ"", ""actions"": ""Cập nhật điểm bài tập và tỷ lệ chuyên cần; nếu điểm luyện tập dưới 60% trong hai tuần liên tiếp, chuyển sang phụ đạo trực tiếp.""}]"
1,2,High,0.690596,moderate,Lộ trình củng cố để tiến lên nhóm High,"[{""code"": ""time_management"", ""title"": ""Phân bổ thời gian chưa hợp lý"", ""evidence"": ""Mức goout hiện tại: 4/5."", ""priority"": 3, ""score"": 0.9946887493133545}]","{""attendance"": 0.018113, ""failure_history"": 0.000186, ""grade_gap"": 0.112264, ""study_time"": 0.00118, ""wellbeing"": 0.098785, ""time_management"": 0.994689}","[{""phase"": ""Tuần 2-4"", ""goal"": ""Ổn định nếp tự học"", ""actions"": ""Tăng ít nhất 3 giờ tự học có kế hoạch mỗi tuần; chia thành các phiên 45 phút; giảm một buổi đi chơi trong tuần nếu trùng lịch học.""}, {""phase"": ""Mỗi cuối tuần"", ""goal"": ""Theo dõi tiến bộ"", ""actions"": ""Cập nhật điểm bài tập và tỷ lệ chuyên cần; nếu điểm luyện tập dưới 60% trong hai tuần liên tiếp, chuyển sang phụ đạo trực tiếp.""}]"
2,1,Medium,0.867953,high,Lộ trình can thiệp ưu tiên 4 tuần,"[{""code"": ""grade_gap"", ""title"": ""Kết quả giữa kỳ chưa đạt"", ""evidence"": ""G1=11, G2=11."", ""priority"": 1, ""score"": 0.06155906990170479}]","{""attendance"": 0.000141, ""failure_history"": 0.00373, ""grade_gap"": 0.061559, ""study_time"": 0.0, ""wellbeing"": 5.7e-05, ""time_management"": 0.0}","[{""phase"": ""Tuần 1-2"", ""goal"": ""Bù lỗ hổng kiến thức"", ""actions"": ""Làm bài chẩn đoán theo chủ đề; học lại hai chủ đề yếu nhất; hoàn thành tối thiểu 3 bài luyện tập có phản hồi mỗi tuần.""}, {""phase"": ""Mỗi cuối tuần"", ""goal"": ""Theo dõi tiến bộ"", ""actions"": ""Cập nhật điểm bài tập và tỷ lệ chuyên cần; nếu điểm luyện tập dưới 60% trong hai tuần liên tiếp, chuyển sang phụ đạo trực tiếp.""}]"
3,0,Low,0.903663,high,Lộ trình can thiệp ưu tiên 4 tuần,"[{""code"": ""grade_gap"", ""title"": ""Kết quả giữa kỳ chưa đạt"", ""evidence"": ""G1=8, G2=7."", ""priority"": 1, ""score"": 0.9999712705612183}, {""code"": ""time_management"", ""title"": ""Phân bổ thời gian chưa hợp lý"", ""evidence"": ""Mức goout hiện tại: 4/5."", ""priority"": 3, ""score"": 0.9996687173843384}]","{""attendance"": 0.007843, ""failure_history"": 0.000426, ""grade_gap"": 0.999971, ""study_time"": 0.002999, ""wellbeing"": 0.0, ""time_management"": 0.999669}","[{""phase"": ""Tuần 1-2"", ""goal"": ""Bù lỗ hổng kiến thức"", ""actions"": ""Làm bài chẩn đoán theo chủ đề; học lại hai chủ đề yếu nhất; hoàn thành tối thiểu 3 bài luyện tập có phản hồi mỗi tuần.""}, {""phase"": ""Tuần 2-4"", ""goal"": ""Ổn định nếp tự học"", ""actions"": ""Tăng ít nhất 3 giờ tự học có kế hoạch mỗi tuần; chia thành các phiên 45 phút; giảm một buổi đi chơi trong tuần nếu trùng lịch học.""}, {""phase"": ""Mỗi cuối tuần"", ""goal"": ""Theo dõi tiến bộ"", ""actions"": ""Cập nhật điểm bài tập và tỷ lệ chuyên cần; nếu điểm luyện tập dưới 60% trong hai tuần liên tiếp, chuyển sang phụ đạo trực tiếp.""}]"
4,1,Medium,0.732739,high,Lộ trình can thiệp ưu tiên 4 tuần,"[{""code"": ""grade_gap"", ""title"": ""Kết quả giữa kỳ chưa đạt"", ""evidence"": ""G1=11, G2=10."", ""priority"": 1, ""score"": 0.9275354146957397}]","{""attendance"": 0.001442, ""failure_history"": 0.001497, ""grade_gap"": 0.927535, ""study_time"": 0.0, ""wellbeing"": 0.0, ""time_management"": 0.0}","[{""phase"": ""Tuần 1-2"", ""goal"": ""Bù lỗ hổng kiến thức"", ""actions"": ""Làm bài chẩn đoán theo chủ đề; học lại hai chủ đề yếu nhất; hoàn thành tối thiểu 3 bài luyện tập có phản hồi mỗi tuần.""}, {""phase"": ""Mỗi cuối tuần"", ""goal"": ""Theo dõi tiến bộ"", ""actions"": ""Cập nhật điểm bài tập và tỷ lệ chuyên cần; nếu điểm luyện tập dưới 60% trong hai tuần liên tiếp, chuyển sang phụ đạo trực tiếp.""}]"
5,2,High,0.801346,stable,Duy trì lộ trình học tập hiện tại,[],"{""attendance"": 0.463119, ""failure_history"": 0.001813, ""grade_gap"": 0.018822, ""study_time"": 0.0, ""wellbeing"": 0.001742, ""time_management"": 0.0}","[{""phase"": ""Mỗi cuối tuần"", ""goal"": ""Theo dõi tiến bộ"", ""actions"": ""Cập nhật điểm bài tập và tỷ lệ chuyên cần; nếu điểm luyện tập dưới 60% trong hai tuần liên tiếp, chuyển sang phụ đạo trực tiếp.""}]"
6,0,Low,0.963199,high,Lộ trình can thiệp ưu tiên 4 tuần,"[{""code"": ""grade_gap"", ""title"": ""Kết quả giữa kỳ chưa đạt"", ""evidence"": ""G1=7, G2=7."", ""priority"": 1, ""score"": 0.9978906512260437}]","{""attendance"": 0.000384, ""failure_history"": 0.002912, ""grade_gap"": 0.997891, ""study_time"": 0.0, ""wellbeing"": 3e-06, ""time_management"": 0.001709}","[{""phase"": ""Tuần 1-2"", ""goal"": ""Bù lỗ hổng kiến thức"", ""actions"": ""Làm bài chẩn đoán theo chủ đề; học lại hai chủ đề yếu nhất; hoàn thành tối thiểu 3 bài luyện tập có phản hồi mỗi tuần.""}, {""phase"": ""Mỗi cuối tuần"", ""goal"": ""Theo dõi tiến bộ"", ""actions"": ""Cập nhật điểm bài tập và tỷ lệ chuyên cần; nếu điểm luyện tập dưới 60% trong hai tuần liên tiếp, chuyển sang phụ đạo trực tiếp.""}]"
7,1,Medium,0.964598,high,Lộ trình can thiệp ưu tiên 4 tuần,"[{""code"": ""attendance"", ""title"": ""Nguy cơ chuyên cần"", ""evidence"": ""Vắng 12 buổi; tỷ lệ vắng/học 12.0."", ""priority"": 1, ""score"": 0.9989396929740906}, {""code"": ""study_time"", ""title"": ""Thời lượng tự học thấp"", ""evidence"": ""Mức studytime hiện tại: 1/4."", ""priority"": 2, ""score"": 0.9997634291648865}, {""code"": ""time_management"", ""title"": ""Phân bổ thời gian chưa hợp lý"", ""evidence"": ""Mức goout hiện tại: 4/5."", ""priority"": 3, ""score"": 0.9710937738418579}]","{""attendance"": 0.99894, ""failure_history"": 0.000397, ""grade_gap"": 0.001145, ""study_time"": 0.999763, ""wellbeing"": 0.001926, ""time_management"": 0.971094}","[{""phase"": ""Tuần 1"", ""goal"": ""Khôi phục chuyên cần"", ""actions"": ""Lập lịch đi học đủ; đăng ký lớp bù cho nội dung G1/G2 đã bỏ lỡ; cố vấn kiểm tra chuyên cần mỗi tuần.""}, {""phase"": ""Tuần 2-4"", ""goal"": ""Ổn định nếp tự học"", ""actions"": ""Tăng ít nhất 3 giờ tự học có kế hoạch mỗi tuần; chia thành các phiên 45 phút; giảm một buổi đi chơi trong tuần nếu trùng lịch học.""}, {""phase"": ""Mỗi cuối tuần"", ""goal"": ""Theo dõi tiến bộ"", ""actions"": ""Cập nhật điểm bài tập và tỷ lệ chuyên cần; nếu điểm luyện tập dưới 60% trong hai tuần liên tiếp, chuyển sang phụ đạo trực tiếp.""}]"
8,1,Medium,0.887134,high,Lộ trình can thiệp ưu tiên 4 tuần,"[{""code"": ""grade_gap"", ""title"": ""Kết quả giữa kỳ chưa đạt"", ""evidence"": ""G1=12, G2=10."", ""priority"": 1, ""score"": 0.9767018556594849}]","{""attendance"": 7.5e-05, ""failure_history"": 0.000257, ""grade_gap"": 0.976702, ""study_time"": 0.001821, ""wellbeing"": 0.0, ""time_management"": 0.003874}","[{""phase"": ""Tuần 1-2"", ""goal"": ""Bù lỗ hổng kiến thức"", ""actions"": ""Làm bài chẩn đoán theo chủ đề; học lại hai chủ đề yếu nhất; hoàn thành tối thiểu 3 bài luyện tập có phản hồi mỗi tuần.""}, {""phase"": ""Mỗi cuối tuần"", ""goal"": ""Theo dõi tiến bộ"", ""actions"": ""Cập nhật điểm bài tập và tỷ lệ chuyên cần; nếu điểm luyện tập dưới 60% trong hai tuần liên tiếp, chuyển sang phụ đạo trực tiếp.""}]"
9,1,Medium,0.749245,high,Lộ trình can thiệp ưu tiên 4 tuần,"[{""code"": ""attendance"", ""title"": ""Nguy cơ chuyên cần"", ""evidence"": ""Vắng 10 buổi; tỷ lệ vắng/học 2.5."", ""priority"": 1, ""score"": 0.2671922445297241}]","{""attendance"": 0.267192, ""failure_history"": 0.001571, ""grade_gap"": 0.093064, ""study_time"": 0.0, ""wellbeing"": 0.0, ""time_management"": 0.000415}","[{""phase"": ""Tuần 1"", ""goal"": ""Khôi phục chuyên cần"", ""actions"": ""Lập lịch đi học đủ; đăng ký lớp bù cho nội dung G1/G2 đã bỏ lỡ; cố vấn kiểm tra chuyên cần mỗi tuần.""}, {""phase"": ""Mỗi cuối tuần"", ""goal"": ""Theo dõi tiến bộ"", ""actions"": ""Cập nhật điểm bài tập và tỷ lệ chuyên cần; nếu điểm luyện tập dưới 60% trong hai tuần liên tiếp, chuyển sang phụ đạo trực tiếp.""}]"
10,2,High,0.986447,high,Lộ trình can thiệp ưu tiên 4 tuần,"[{""code"": ""attendance"", ""title"": ""Nguy cơ chuyên cần"", ""evidence"": ""Vắng 8 buổi; tỷ lệ vắng/học 8.0."", ""priority"": 1, ""score"": 0.9808065295219421}, {""code"": ""study_time"", ""title"": ""Thời lượng tự học thấp"", ""evidence"": ""Mức studytime hiện tại: 1/4."", ""priority"": 2, ""score"": 0.9993299245834351}, {""code"": ""wellbeing"", ""title"": ""Thói quen sinh hoạt ảnh hưởng học tập"", ""evidence"": ""Tổng Dalc + Walc = 7."", ""priority"": 3, ""score"": 0.9999973773956299}, {""code"": ""time_management"", ""title"": ""Phân bổ thời gian chưa hợp lý"", ""evidence"": ""Mức goout hiện tại: 5/5."", ""priority"": 3, ""score"": 0.9999865293502808}]","{""attendance"": 0.980807, ""failure_history"": 0.000943, ""grade_gap"": 0.000528, ""study_time"": 0.99933, ""wellbeing"": 0.999997, ""time_management"": 0.999987}","[{""phase"": ""Tuần 1"", ""goal"": ""Khôi phục chuyên cần"", ""actions"": ""Lập lịch đi học đủ; đăng ký lớp bù cho nội dung G1/G2 đã bỏ lỡ; cố vấn kiểm tra chuyên cần mỗi tuần.""}, {""phase"": ""Tuần 2-4"", ""goal"": ""Ổn định nếp tự học"", ""actions"": ""Tăng ít nhất 3 giờ tự học có kế hoạch mỗi tuần; chia thành các phiên 45 phút; giảm một buổi đi chơi trong tuần nếu trùng lịch học.""}, {""phase"": ""Tuần 2-4"", ""goal"": ""Điều chỉnh thói quen sinh hoạt"", ""actions"": ""Giảm sử dụng đồ uống có cồn trong ngày học; duy trì giấc ngủ và lịch học cố định; trao đổi với cố vấn khi khó tự điều chỉnh.""}, {""phase"": ""Mỗi cuối tuần"", ""goal"": ""Theo dõi tiến bộ"", ""actions"": ""Cập nhật điểm bài tập và tỷ lệ chuyên cần; nếu điểm luyện tập dưới 60% trong hai tuần liên tiếp, chuyển sang phụ đạo trực tiếp.""}]"
11,1,Medium,0.841444,high,Lộ trình can thiệp ưu tiên 4 tuần,"[{""code"": ""grade_gap"", ""title"": ""Kết quả giữa kỳ chưa đạt"", ""evidence"": ""G1=11, G2=11."", ""priority"": 1, ""score"": 0.14465661346912384}]","{""attendance"": 5.4e-05, ""failure_history"": 0.000189, ""grade_gap"": 0.144657, ""study_time"": 0.000986, ""wellbeing"": 0.0, ""time_management"": 0.002989}","[{""phase"": ""Tuần 1-2"", ""goal"": ""Bù lỗ hổng kiến thức"", ""actions"": ""Làm bài chẩn đoán theo chủ đề; học lại hai chủ đề yếu nhất; hoàn thành tối thiểu 3 bài luyện tập có phản hồi mỗi tuần.""}, {""phase"": ""Mỗi cuối tuần"", ""goal"": ""Theo dõi tiến bộ"", ""actions"": ""Cập nhật điểm bài tập và tỷ lệ chuyên cần; nếu điểm luyện tập dưới 60% trong hai tuần liên tiếp, chuyển sang phụ đạo trực tiếp.""}]"
12,1,Medium,0.847139,high,Lộ trình can thiệp ưu tiên 4 tuần,"[{""code"": ""grade_gap"", ""title"": ""Kết quả giữa kỳ chưa đạt"", ""evidence"": ""G1=14, G2=12."", ""priority"": 1, ""score"": 0.9704271554946899}, {""code"": ""attendance"", ""title"": ""Nguy cơ chuyên cần"", ""evidence"": ""Vắng 4 buổi; tỷ lệ vắng/học 4.0."", ""priority"": 1, ""score"": 0.9027957916259766}, {""code"": ""study_time"", ""title"": ""Thời lượng tự học thấp"", ""evidence"": ""Mức studytime hiện tại: 1/4."", ""priority"": 2, ""score"": 0.9999738931655884}]","{""attendance"": 0.902796, ""failure_history"": 0.000659, ""grade_gap"": 0.970427, ""study_time"": 0.999974, ""wellbeing"": 0.000336, ""time_management"": 0.001416}","[{""phase"": ""Tuần 1"", ""goal"": ""Khôi phục chuyên cần"", ""actions"": ""Lập lịch đi học đủ; đăng ký lớp bù cho nội dung G1/G2 đã bỏ lỡ; cố vấn kiểm tra chuyên cần mỗi tuần.""}, {""phase"": ""Tuần 1-2"", ""goal"": ""Bù lỗ hổng kiến thức"", ""actions"": ""Làm bài chẩn đoán theo chủ đề; học lại hai chủ đề yếu nhất; hoàn thành tối thiểu 3 bài luyện tập có phản hồi mỗi tuần.""}, {""phase"": ""Tuần 2-4"", ""goal"": ""Ổn định nếp tự học"", ""actions"": ""Tăng ít nhất 3 giờ tự học có kế hoạch mỗi tuần; chia thành các phiên 45 phút; giảm một buổi đi chơi trong tuần nếu trùng lịch học.""}, {""phase"": ""Mỗi cuối tuần"", ""goal"": ""Theo dõi tiến bộ"", ""actions"": ""Cập nhật điểm bài tập và tỷ lệ chuyên cần; nếu điểm luyện tập dưới 60% trong hai tuần liên tiếp, chuyển sang phụ đạo trực tiếp.""}]"
13,0,Low,0.540492,high,Lộ trình can thiệp ưu tiên 4 tuần,"[{""code"": ""grade_gap"", ""title"": ""Kết quả giữa kỳ chưa đạt"", ""evidence"": ""G1=7, G2=10."", ""priority"": 1, ""score"": 0.009578484110534191}]","{""attendance"": 0.0, ""failure_history"": 0.000595, ""grade_gap"": 0.009578, ""study_time"": 0.000903, ""wellbeing"": 0.0, ""time_management"": 0.0}","[{""phase"": ""Tuần 1-2"", ""goal"": ""Bù lỗ hổng kiến thức"", ""actions"": ""Làm bài chẩn đoán theo chủ đề; học lại hai chủ đề yếu nhất; hoàn thành tối thiểu 3 bài luyện tập có phản hồi mỗi tuần.""}, {""phase"": ""Mỗi cuối tuần"", ""goal"": ""Theo dõi tiến bộ"", ""actions"": ""Cập nhật điểm bài tập và tỷ lệ chuyên cần; nếu điểm luyện tập dưới 60% trong hai tuần liên tiếp, chuyển sang phụ đạo trực tiếp.""}]"
14,0,Low,0.985063,high,Lộ trình can thiệp ưu tiên 4 tuần,"[{""code"": ""grade_gap"", ""title"": ""Kết quả giữa kỳ chưa đạt"", ""evidence"": ""G1=6, G2=5."", ""priority"": 1, ""score"": 1.0}, {""code"": ""failure_history"", ""title"": ""Lỗ hổng kiến thức tích lũy"", ""evidence"": ""Số lần trượt môn trước đây: 2."", ""priority"": 1, ""score"": 0.9999998807907104}, {""code"": ""study_time"", ""title"": ""Thời lượng tự học thấp"", ""evidence"": ""Mức studytime hiện tại: 1/4."", ""priority"": 2, ""score"": 0.9990736246109009}, {""code"": ""time_management"", ""title"": ""Phân bổ thời gian chưa hợp lý"", ""evidence"": ""Mức goout hiện tại: 5/5."", ""priority"": 3, ""score"": 0.9999996423721313}, {""code"": ""wellbeing"", ""title"": ""Thói quen sinh hoạt ảnh hưởng học tập"", ""evidence"": ""Tổng Dalc + Walc = 6."", ""priority"": 3, ""score"": 0.9977970123291016}]","{""attendance"": 0.000839, ""failure_history"": 1.0, ""grade_gap"": 1.0, ""study_time"": 0.999074, ""wellbeing"": 0.997797, ""time_management"": 1.0}","[{""phase"": ""Tuần 1-2"", ""goal"": ""Bù lỗ hổng kiến thức"", ""actions"": ""Làm bài chẩn đoán theo chủ đề; học lại hai chủ đề yếu nhất; hoàn thành tối thiểu 3 bài luyện tập có phản hồi mỗi tuần.""}, {""phase"": ""Tuần 2-4"", ""goal"": ""Ổn định nếp tự học"", ""actions"": ""Tăng ít nhất 3 giờ tự học có kế hoạch mỗi tuần; chia thành các phiên 45 phút; giảm một buổi đi chơi trong tuần nếu trùng lịch học.""}, {""phase"": ""Tuần 2-4"", ""goal"": ""Điều chỉnh thói quen sinh hoạt"", ""actions"": ""Giảm sử dụng đồ uống có cồn trong ngày học; duy trì giấc ngủ và lịch học cố định; trao đổi với cố vấn khi khó tự điều chỉnh.""}, {""phase"": ""Mỗi cuối tuần"", ""goal"": ""Theo dõi tiến bộ"", ""actions"": ""Cập nhật điểm bài tập và tỷ lệ chuyên cần; nếu điểm luyện tập dưới 60% trong hai tuần liên tiếp, chuyển sang phụ đạo trực tiếp.""}]"
15,2,High,0.99125,high,Lộ trình can thiệp ưu tiên 4 tuần,"[{""code"": ""grade_gap"", ""title"": ""Kết quả giữa kỳ chưa đạt"", ""evidence"": ""G1=18, G2=18."", ""priority"": 1, ""score"": 0.7819572687149048}, {""code"": ""study_time"", ""title"": ""Thời lượng tự học thấp"", ""evidence"": ""Mức studytime hiện tại: 1/4."", ""priority"": 2, ""score"": 0.9999161958694458}]","{""attendance"": 0.030571, ""failure_history"": 0.000204, ""grade_gap"": 0.781957, ""study_time"": 0.999916, ""wellbeing"": 1e-06, ""time_management"": 0.001554}","[{""phase"": ""Tuần 1-2"", ""goal"": ""Bù lỗ hổng kiến thức"", ""actions"": ""Làm bài chẩn đoán theo chủ đề; học lại hai chủ đề yếu nhất; hoàn thành tối thiểu 3 bài luyện tập có phản hồi mỗi tuần.""}, {""phase"": ""Tuần 2-4"", ""goal"": ""Ổn định nếp tự học"", ""actions"": ""Tăng ít nhất 3 giờ tự học có kế hoạch mỗi tuần; chia thành các phiên 45 phút; giảm một buổi đi chơi trong tuần nếu trùng lịch học.""}, {""phase"": ""Mỗi cuối tuần"", ""goal"": ""Theo dõi tiến bộ"", ""actions"": ""Cập nhật điểm bài tập và tỷ lệ chuyên cần; nếu điểm luyện tập dưới 60% trong hai tuần liên tiếp, chuyển sang phụ đạo trực tiếp.""}]"
16,2,High,0.947417,high,Lộ trình can thiệp ưu tiên 4 tuần,"[{""code"": ""grade_gap"", ""title"": ""Kết quả giữa kỳ chưa đạt"", ""evidence"": ""G1=16, G2=15."", ""priority"": 1, ""score"": 0.6140579581260681}]","{""attendance"": 0.000302, ""failure_history"": 9.4e-05, ""grade_gap"": 0.614058, ""study_time"": 0.0, ""wellbeing"": 0.0, ""time_management"": 0.000268}","[{""phase"": ""Tuần 1-2"", ""goal"": ""Bù lỗ hổng kiến thức"", ""actions"": ""Làm bài chẩn đoán theo chủ đề; học lại hai chủ đề yếu nhất; hoàn thành tối thiểu 3 bài luyện tập có phản hồi mỗi tuần.""}, {""phase"": ""Mỗi cuối tuần"", ""goal"": ""Theo dõi tiến bộ"", ""actions"": ""Cập nhật điểm bài tập và tỷ lệ chuyên cần; nếu điểm luyện tập dưới 60% trong hai tuần liên tiếp, chuyển sang phụ đạo trực tiếp.""}]"
17,0,Low,0.980493,high,Lộ trình can thiệp ưu tiên 4 tuần,"[{""code"": ""grade_gap"", ""title"": ""Kết quả giữa kỳ chưa đạt"", ""evidence"": ""G1=10, G2=0."", ""priority"": 1, ""score"": 1.0}, {""code"": ""time_management"", ""title"": ""Phân bổ thời gian chưa hợp lý"", ""evidence"": ""Mức goout hiện tại: 5/5."", ""priority"": 3, ""score"": 0.9999948740005493}]","{""attendance"": 0.002625, ""failure_history"": 0.000501, ""grade_gap"": 1.0, ""study_time"": 1.7e-05, ""wellbeing"": 0.476344, ""time_management"": 0.999995}","[{""phase"": ""Tuần 1-2"", ""goal"": ""Bù lỗ hổng kiến thức"", ""actions"": ""Làm bài chẩn đoán theo chủ đề; học lại hai chủ đề yếu nhất; hoàn thành tối thiểu 3 bài luyện tập có phản hồi mỗi tuần.""}, {""phase"": ""Tuần 2-4"", ""goal"": ""Ổn định nếp tự học"", ""actions"": ""Tăng ít nhất 3 giờ tự học có kế hoạch mỗi tuần; chia thành các phiên 45 phút; giảm một buổi đi chơi trong tuần nếu trùng lịch học.""}, {""phase"": ""Mỗi cuối tuần"", ""goal"": ""Theo dõi tiến bộ"", ""actions"": ""Cập nhật điểm bài tập và tỷ lệ chuyên cần; nếu điểm luyện tập dưới 60% trong hai tuần liên tiếp, chuyển sang phụ đạo trực tiếp.""}]"
18,0,Low,0.672622,high,Lộ trình can thiệp ưu tiên 4 tuần,"[{""code"": ""grade_gap"", ""title"": ""Kết quả giữa kỳ chưa đạt"", ""evidence"": ""G1=9, G2=9."", ""priority"": 1, ""score"": 0.8522094488143921}, {""code"": ""wellbeing"", ""title"": ""Thói quen sinh hoạt ảnh hưởng học tập"", ""evidence"": ""Tổng Dalc + Walc = 7."", ""priority"": 3, ""score"": 0.9999769926071167}, {""code"": ""time_management"", ""title"": ""Phân bổ thời gian chưa hợp lý"", ""evidence"": ""Mức goout hiện tại: 4/5."", ""priority"": 3, ""score"": 0.9854562878608704}]","{""attendance"": 0.000233, ""failure_history"": 0.002085, ""grade_gap"": 0.852209, ""study_time"": 0.000912, ""wellbeing"": 0.999977, ""time_management"": 0.985456}","[{""phase"": ""Tuần 1-2"", ""goal"": ""Bù lỗ hổng kiến thức"", ""actions"": ""Làm bài chẩn đoán theo chủ đề; học lại hai chủ đề yếu nhất; hoàn thành tối thiểu 3 bài luyện tập có phản hồi mỗi tuần.""}, {""phase"": ""Tuần 2-4"", ""goal"": ""Ổn định nếp tự học"", ""actions"": ""Tăng ít nhất 3 giờ tự học có kế hoạch mỗi tuần; chia thành các phiên 45 phút; giảm một buổi đi chơi trong tuần nếu trùng lịch học.""}, {""phase"": ""Tuần 2-4"", ""goal"": ""Điều chỉnh thói quen sinh hoạt"", ""actions"": ""Giảm sử dụng đồ uống có cồn trong ngày học; duy trì giấc ngủ và lịch học cố định; trao đổi với cố vấn khi khó tự điều chỉnh.""}, {""phase"": ""Mỗi cuối tuần"", ""goal"": ""Theo dõi tiến bộ"", ""actions"": ""Cập nhật điểm bài tập và tỷ lệ chuyên cần; nếu điểm luyện tập dưới 60% trong hai tuần liên tiếp, chuyển sang phụ đạo trực tiếp.""}]"
19,1,Medium,0.723276,high,Lộ trình can thiệp ưu tiên 4 tuần,"[{""code"": ""attendance"", ""title"": ""Nguy cơ chuyên cần"", ""evidence"": ""Vắng 12 buổi; tỷ lệ vắng/học 12.0."", ""priority"": 1, ""score"": 0.9994798302650452}, {""code"": ""study_time"", ""title"": ""Thời lượng tự học thấp"", ""evidence"": ""Mức studytime hiện tại: 1/4."", ""priority"": 2, ""score"": 0.9991507530212402}]","{""attendance"": 0.99948, ""failure_history"": 0.001105, ""grade_gap"": 0.487025, ""study_time"": 0.999151, ""wellbeing"": 1e-06, ""time_management"": 0.0}","[{""phase"": ""Tuần 1"", ""goal"": ""Khôi phục chuyên cần"", ""actions"": ""Lập lịch đi học đủ; đăng ký lớp bù cho nội dung G1/G2 đã bỏ lỡ; cố vấn kiểm tra chuyên cần mỗi tuần.""}, {""phase"": ""Tuần 2-4"", ""goal"": ""Ổn định nếp tự học"", ""actions"": ""Tăng ít nhất 3 giờ tự học có kế hoạch mỗi tuần; chia thành các phiên 45 phút; giảm một buổi đi chơi trong tuần nếu trùng lịch học.""}, {""phase"": ""Mỗi cuối tuần"", ""goal"": ""Theo dõi tiến bộ"", ""actions"": ""Cập nhật điểm bài tập và tỷ lệ chuyên cần; nếu điểm luyện tập dưới 60% trong hai tuần liên tiếp, chuyển sang phụ đạo trực tiếp.""}]"
20,1,Medium,0.941661,moderate,Lộ trình củng cố để tiến lên nhóm High,"[{""code"": ""wellbeing"", ""title"": ""Thói quen sinh hoạt ảnh hưởng học tập"", ""evidence"": ""Tổng Dalc + Walc = 10."", ""priority"": 3, ""score"": 1.0}]","{""attendance"": 3e-05, ""failure_history"": 0.002222, ""grade_gap"": 0.054451, ""study_time"": 0.00188, ""wellbeing"": 1.0, ""time_management"": 0.0628}","[{""phase"": ""Tuần 2-4"", ""goal"": ""Điều chỉnh thói quen sinh hoạt"", ""actions"": ""Giảm sử dụng đồ uống có cồn trong ngày học; duy trì giấc ngủ và lịch học cố định; trao đổi với cố vấn khi khó tự điều chỉnh.""}, {""phase"": ""Mỗi cuối tuần"", ""goal"": ""Theo dõi tiến bộ"", ""actions"": ""Cập nhật điểm bài tập và tỷ lệ chuyên cần; nếu điểm luyện tập dưới 60% trong hai tuần liên tiếp, chuyển sang phụ đạo trực tiếp.""}]"
21,0,Low,0.871233,high,Lộ trình can thiệp ưu tiên 4 tuần,"[{""code"": ""attendance"", ""title"": ""Nguy cơ chuyên cần"", ""evidence"": ""Vắng 16 buổi; tỷ lệ vắng/học 8.0."", ""priority"": 1, ""score"": 0.9998984336853027}, {""code"": ""failure_history"", ""title"": ""Lỗ hổng kiến thức tích lũy"", ""evidence"": ""Số lần trượt môn trước đây: 1."", ""priority"": 1, ""score"": 0.9992862343788147}, {""code"": ""grade_gap"", ""title"": ""Kết quả giữa kỳ chưa đạt"", ""evidence"": ""G1=9, G2=8."", ""priority"": 1, ""score"": 0.9359837174415588}]","{""attendance"": 0.999898, ""failure_history"": 0.999286, ""grade_gap"": 0.935984, ""study_time"": 0.003515, ""wellbeing"": 0.0, ""time_management"": 0.008786}","[{""phase"": ""Tuần 1"", ""goal"": ""Khôi phục chuyên cần"", ""actions"": ""Lập lịch đi học đủ; đăng ký lớp bù cho nội dung G1/G2 đã bỏ lỡ; cố vấn kiểm tra chuyên cần mỗi tuần.""}, {""phase"": ""Tuần 1-2"", ""goal"": ""Bù lỗ hổng kiến thức"", ""actions"": ""Làm bài chẩn đoán theo chủ đề; học lại hai chủ đề yếu nhất; hoàn thành tối thiểu 3 bài luyện tập có phản hồi mỗi tuần.""}, {""phase"": ""Mỗi cuối tuần"", ""goal"": ""Theo dõi tiến bộ"", ""actions"": ""Cập nhật điểm bài tập và tỷ lệ chuyên cần; nếu điểm luyện tập dưới 60% trong hai tuần liên tiếp, chuyển sang phụ đạo trực tiếp.""}]"
22,0,Low,0.749894,high,Lộ trình can thiệp ưu tiên 4 tuần,"[{""code"": ""failure_history"", ""title"": ""Lỗ hổng kiến thức tích lũy"", ""evidence"": ""Số lần trượt môn trước đây: 1."", ""priority"": 1, ""score"": 0.9965806603431702}, {""code"": ""grade_gap"", ""title"": ""Kết quả giữa kỳ chưa đạt"", ""evidence"": ""G1=7, G2=9."", ""priority"": 1, ""score"": 0.9899202585220337}, {""code"": ""study_time"", ""title"": ""Thời lượng tự học thấp"", ""evidence"": ""Mức studytime hiện tại: 1/4."", ""priority"": 2, ""score"": 0.9997130036354065}, {""code"": ""time_management"", ""title"": ""Phân bổ thời gian chưa hợp lý"", ""evidence"": ""Mức goout hiện tại: 4/5."", ""priority"": 3, ""score"": 0.9851668477058411}]","{""attendance"": 0.001452, ""failure_history"": 0.996581, ""grade_gap"": 0.98992, ""study_time"": 0.999713, ""wellbeing"": 2.8e-05, ""time_management"": 0.985167}","[{""phase"": ""Tuần 1-2"", ""goal"": ""Bù lỗ hổng kiến thức"", ""actions"": ""Làm bài chẩn đoán theo chủ đề; học lại hai chủ đề yếu nhất; hoàn thành tối thiểu 3 bài luyện tập có phản hồi mỗi tuần.""}, {""phase"": ""Tuần 2-4"", ""goal"": ""Ổn định nếp tự học"", ""actions"": ""Tăng ít nhất 3 giờ tự học có kế hoạch mỗi tuần; chia thành các phiên 45 phút; giảm một buổi đi chơi trong tuần nếu trùng lịch học.""}, {""phase"": ""Mỗi cuối tuần"", ""goal"": ""Theo dõi tiến bộ"", ""actions"": ""Cập nhật điểm bài tập và tỷ lệ chuyên cần; nếu điểm luyện tập dưới 60% trong hai tuần liên tiếp, chuyển sang phụ đạo trực tiếp.""}]"
23,0,Low,0.698185,high,Lộ trình can thiệp ưu tiên 4 tuần,"[{""code"": ""grade_gap"", ""title"": ""Kết quả giữa kỳ chưa đạt"", ""evidence"": ""G1=8, G2=9."", ""priority"": 1, ""score"": 0.9889774918556213}, {""code"": ""attendance"", ""title"": ""Nguy cơ chuyên cần"", ""evidence"": ""Vắng 8 buổi; tỷ lệ vắng/học 8.0."", ""priority"": 1, ""score"": 0.9339680671691895}, {""code"": ""study_time"", ""title"": ""Thời lượng tự học thấp"", ""evidence"": ""Mức studytime hiện tại: 1/4."", ""priority"": 2, ""score"": 0.99988853931427}, {""code"": ""wellbeing"", ""title"": ""Thói quen sinh hoạt ảnh hưởng học tập"", ""evidence"": ""Tổng Dalc + Walc = 7."", ""priority"": 3, ""score"": 0.9999603033065796}]","{""attendance"": 0.933968, ""failure_history"": 0.001413, ""grade_gap"": 0.988977, ""study_time"": 0.999889, ""wellbeing"": 0.99996, ""time_management"": 4.4e-05}","[{""phase"": ""Tuần 1"", ""goal"": ""Khôi phục chuyên cần"", ""actions"": ""Lập lịch đi học đủ; đăng ký lớp bù cho nội dung G1/G2 đã bỏ lỡ; cố vấn kiểm tra chuyên cần mỗi tuần.""}, {""phase"": ""Tuần 1-2"", ""goal"": ""Bù lỗ hổng kiến thức"", ""actions"": ""Làm bài chẩn đoán theo chủ đề; học lại hai chủ đề yếu nhất; hoàn thành tối thiểu 3 bài luyện tập có phản hồi mỗi tuần.""}, {""phase"": ""Tuần 2-4"", ""goal"": ""Ổn định nếp tự học"", ""actions"": ""Tăng ít nhất 3 giờ tự học có kế hoạch mỗi tuần; chia thành các phiên 45 phút; giảm một buổi đi chơi trong tuần nếu trùng lịch học.""}, {""phase"": ""Tuần 2-4"", ""goal"": ""Điều chỉnh thói quen sinh hoạt"", ""actions"": ""Giảm sử dụng đồ uống có cồn trong ngày học; duy trì giấc ngủ và lịch học cố định; trao đổi với cố vấn khi khó tự điều chỉnh.""}, {""phase"": ""Mỗi cuối tuần"", ""goal"": ""Theo dõi tiến bộ"", ""actions"": ""Cập nhật điểm bài tập và tỷ lệ chuyên cần; nếu điểm luyện tập dưới 60% trong hai tuần liên tiếp, chuyển sang phụ đạo trực tiếp.""}]"
24,0,Low,0.810689,high,Lộ trình can thiệp ưu tiên 4 tuần,"[{""code"": ""failure_history"", ""title"": ""Lỗ hổng kiến thức tích lũy"", ""evidence"": ""Số lần trượt môn trước đây: 2."", ""priority"": 1, ""score"": 0.9999990463256836}, {""code"": ""attendance"", ""title"": ""Nguy cơ chuyên cần"", ""evidence"": ""Vắng 15 buổi; tỷ lệ vắng/học 7.5."", ""priority"": 1, ""score"": 0.999958872795105}, {""code"": ""grade_gap"", ""title"": ""Kết quả giữa kỳ chưa đạt"", ""evidence"": ""G1=9, G2=9."", ""priority"": 1, ""score"": 0.8991283178329468}, {""code"": ""time_management"", ""title"": ""Phân bổ thời gian chưa hợp lý"", ""evidence"": ""Mức goout hiện tại: 5/5."", ""priority"": 3, ""score"": 0.9999988079071045}, {""code"": ""wellbeing"", ""title"": ""Thói quen sinh hoạt ảnh hưởng học tập"", ""evidence"": ""Tổng Dalc + Walc = 6."", ""priority"": 3, ""score"": 0.9998372793197632}]","{""attendance"": 0.999959, ""failure_history"": 0.999999, ""grade_gap"": 0.899128, ""study_time"": 0.004985, ""wellbeing"": 0.999837, ""time_management"": 0.999999}","[{""phase"": ""Tuần 1"", ""goal"": ""Khôi phục chuyên cần"", ""actions"": ""Lập lịch đi học đủ; đăng ký lớp bù cho nội dung G1/G2 đã bỏ lỡ; cố vấn kiểm tra chuyên cần mỗi tuần.""}, {""phase"": ""Tuần 1-2"", ""goal"": ""Bù lỗ hổng kiến thức"", ""actions"": ""Làm bài chẩn đoán theo chủ đề; học lại hai chủ đề yếu nhất; hoàn thành tối thiểu 3 bài luyện tập có phản hồi mỗi tuần.""}, {""phase"": ""Tuần 2-4"", ""goal"": ""Ổn định nếp tự học"", ""actions"": ""Tăng ít nhất 3 giờ tự học có kế hoạch mỗi tuần; chia thành các phiên 45 phút; giảm một buổi đi chơi trong tuần nếu trùng lịch học.""}, {""phase"": ""Tuần 2-4"", ""goal"": ""Điều chỉnh thói quen sinh hoạt"", ""actions"": ""Giảm sử dụng đồ uống có cồn trong ngày học; duy trì giấc ngủ và lịch học cố định; trao đổi với cố vấn khi khó tự điều chỉnh.""}, {""phase"": ""Mỗi cuối tuần"", ""goal"": ""Theo dõi tiến bộ"", ""actions"": ""Cập nhật điểm bài tập và tỷ lệ chuyên cần; nếu điểm luyện tập dưới 60% trong hai tuần liên tiếp, chuyển sang phụ đạo trực tiếp.""}]"
25,2,High,0.972932,stable,Duy trì lộ trình học tập hiện tại,[],"{""attendance"": 0.0, ""failure_history"": 6.6e-05, ""grade_gap"": 0.007847, ""study_time"": 0.000792, ""wellbeing"": 0.0, ""time_management"": 0.002163}","[{""phase"": ""Mỗi cuối tuần"", ""goal"": ""Theo dõi tiến bộ"", ""actions"": ""Cập nhật điểm bài tập và tỷ lệ chuyên cần; nếu điểm luyện tập dưới 60% trong hai tuần liên tiếp, chuyển sang phụ đạo trực tiếp.""}]"
26,1,Medium,0.733892,high,Lộ trình can thiệp ưu tiên 4 tuần,"[{""code"": ""failure_history"", ""title"": ""Lỗ hổng kiến thức tích lũy"", ""evidence"": ""Số lần trượt môn trước đây: 1."", ""priority"": 1, ""score"": 0.9991164803504944}, {""code"": ""attendance"", ""title"": ""Nguy cơ chuyên cần"", ""evidence"": ""Vắng 12 buổi; tỷ lệ vắng/học 6.0."", ""priority"": 1, ""score"": 0.9808394908905029}, {""code"": ""grade_gap"", ""title"": ""Kết quả giữa kỳ chưa đạt"", ""evidence"": ""G1=11, G2=10."", ""priority"": 1, ""score"": 0.7028310298919678}]","{""attendance"": 0.980839, ""failure_history"": 0.999116, ""grade_gap"": 0.702831, ""study_time"": 0.003322, ""wellbeing"": 0.0, ""time_management"": 0.0}","[{""phase"": ""Tuần 1"", ""goal"": ""Khôi phục chuyên cần"", ""actions"": ""Lập lịch đi học đủ; đăng ký lớp bù cho nội dung G1/G2 đã bỏ lỡ; cố vấn kiểm tra chuyên cần mỗi tuần.""}, {""phase"": ""Tuần 1-2"", ""goal"": ""Bù lỗ hổng kiến thức"", ""actions"": ""Làm bài chẩn đoán theo chủ đề; học lại hai chủ đề yếu nhất; hoàn thành tối thiểu 3 bài luyện tập có phản hồi mỗi tuần.""}, {""phase"": ""Mỗi cuối tuần"", ""goal"": ""Theo dõi tiến bộ"", ""actions"": ""Cập nhật điểm bài tập và tỷ lệ chuyên cần; nếu điểm luyện tập dưới 60% trong hai tuần liên tiếp, chuyển sang phụ đạo trực tiếp.""}]"
27,0,Low,0.856645,high,Lộ trình can thiệp ưu tiên 4 tuần,"[{""code"": ""grade_gap"", ""title"": ""Kết quả giữa kỳ chưa đạt"", ""evidence"": ""G1=7, G2=7."", ""priority"": 1, ""score"": 0.9999812841415405}, {""code"": ""attendance"", ""title"": ""Nguy cơ chuyên cần"", ""evidence"": ""Vắng 3 buổi; tỷ lệ vắng/học 3.0."", ""priority"": 1, ""score"": 0.5075870752334595}, {""code"": ""study_time"", ""title"": ""Thời lượng tự học thấp"", ""evidence"": ""Mức studytime hiện tại: 1/4."", ""priority"": 2, ""score"": 0.999976634979248}]","{""attendance"": 0.507587, ""failure_history"": 0.001087, ""grade_gap"": 0.999981, ""study_time"": 0.999977, ""wellbeing"": 0.038881, ""time_management"": 0.005011}","[{""phase"": ""Tuần 1"", ""goal"": ""Khôi phục chuyên cần"", ""actions"": ""Lập lịch đi học đủ; đăng ký lớp bù cho nội dung G1/G2 đã bỏ lỡ; cố vấn kiểm tra chuyên cần mỗi tuần.""}, {""phase"": ""Tuần 1-2"", ""goal"": ""Bù lỗ hổng kiến thức"", ""actions"": ""Làm bài chẩn đoán theo chủ đề; học lại hai chủ đề yếu nhất; hoàn thành tối thiểu 3 bài luyện tập có phản hồi mỗi tuần.""}, {""phase"": ""Tuần 2-4"", ""goal"": ""Ổn định nếp tự học"", ""actions"": ""Tăng ít nhất 3 giờ tự học có kế hoạch mỗi tuần; chia thành các phiên 45 phút; giảm một buổi đi chơi trong tuần nếu trùng lịch học.""}, {""phase"": ""Mỗi cuối tuần"", ""goal"": ""Theo dõi tiến bộ"", ""actions"": ""Cập nhật điểm bài tập và tỷ lệ chuyên cần; nếu điểm luyện tập dưới 60% trong hai tuần liên tiếp, chuyển sang phụ đạo trực tiếp.""}]"
28,1,Medium,0.750852,high,Lộ trình can thiệp ưu tiên 4 tuần,"[{""code"": ""attendance"", ""title"": ""Nguy cơ chuyên cần"", ""evidence"": ""Vắng 8 buổi; tỷ lệ vắng/học 8.0."", ""priority"": 1, ""score"": 0.9696182608604431}, {""code"": ""study_time"", ""title"": ""Thời lượng tự học thấp"", ""evidence"": ""Mức studytime hiện tại: 1/4."", ""priority"": 2, ""score"": 0.9999754428863525}]","{""attendance"": 0.969618, ""failure_history"": 0.000235, ""grade_gap"": 0.310534, ""study_time"": 0.999975, ""wellbeing"": 7e-06, ""time_management"": 0.007769}","[{""phase"": ""Tuần 1"", ""goal"": ""Khôi phục chuyên cần"", ""actions"": ""Lập lịch đi học đủ; đăng ký lớp bù cho nội dung G1/G2 đã bỏ lỡ; cố vấn kiểm tra chuyên cần mỗi tuần.""}, {""phase"": ""Tuần 2-4"", ""goal"": ""Ổn định nếp tự học"", ""actions"": ""Tăng ít nhất 3 giờ tự học có kế hoạch mỗi tuần; chia thành các phiên 45 phút; giảm một buổi đi chơi trong tuần nếu trùng lịch học.""}, {""phase"": ""Mỗi cuối tuần"", ""goal"": ""Theo dõi tiến bộ"", ""actions"": ""Cập nhật điểm bài tập và tỷ lệ chuyên cần; nếu điểm luyện tập dưới 60% trong hai tuần liên tiếp, chuyển sang phụ đạo trực tiếp.""}]"
29,0,Low,0.861909,high,Lộ trình can thiệp ưu tiên 4 tuần,"[{""code"": ""attendance"", ""title"": ""Nguy cơ chuyên cần"", ""evidence"": ""Vắng 38 buổi; tỷ lệ vắng/học 38.0."", ""priority"": 1, ""score"": 1.0}, {""code"": ""grade_gap"", ""title"": ""Kết quả giữa kỳ chưa đạt"", ""evidence"": ""G1=8, G2=9."", ""priority"": 1, ""score"": 0.9879553318023682}, {""code"": ""failure_history"", ""title"": ""Lỗ hổng kiến thức tích lũy"", ""evidence"": ""Số lần trượt môn trước đây: 1."", ""priority"": 1, ""score"": 0.9517804980278015}, {""code"": ""study_time"", ""title"": ""Thời lượng tự học thấp"", ""evidence"": ""Mức studytime hiện tại: 1/4."", ""priority"": 2, ""score"": 0.9556936025619507}, {""code"": ""time_management"", ""title"": ""Phân bổ thời gian chưa hợp lý"", ""evidence"": ""Mức goout hiện tại: 4/5."", ""priority"": 3, ""score"": 0.9039693474769592}]","{""attendance"": 1.0, ""failure_history"": 0.95178, ""grade_gap"": 0.987955, ""study_time"": 0.955694, ""wellbeing"": 0.0, ""time_management"": 0.903969}","[{""phase"": ""Tuần 1"", ""goal"": ""Khôi phục chuyên cần"", ""actions"": ""Lập lịch đi học đủ; đăng ký lớp bù cho nội dung G1/G2 đã bỏ lỡ; cố vấn kiểm tra chuyên cần mỗi tuần.""}, {""phase"": ""Tuần 1-2"", ""goal"": ""Bù lỗ hổng kiến thức"", ""actions"": ""Làm bài chẩn đoán theo chủ đề; học lại hai chủ đề yếu nhất; hoàn thành tối thiểu 3 bài luyện tập có phản hồi mỗi tuần.""}, {""phase"": ""Tuần 2-4"", ""goal"": ""Ổn định nếp tự học"", ""actions"": ""Tăng ít nhất 3 giờ tự học có kế hoạch mỗi tuần; chia thành các phiên 45 phút; giảm một buổi đi chơi trong tuần nếu trùng lịch học.""}, {""phase"": ""Mỗi cuối tuần"", ""goal"": ""Theo dõi tiến bộ"", ""actions"": ""Cập nhật điểm bài tập và tỷ lệ chuyên cần; nếu điểm luyện tập dưới 60% trong hai tuần liên tiếp, chuyển sang phụ đạo trực tiếp.""}]"
30,2,High,0.994519,moderate,Lộ trình củng cố để tiến lên nhóm High,"[{""code"": ""study_time"", ""title"": ""Thời lượng tự học thấp"", ""evidence"": ""Mức studytime hiện tại: 1/4."", ""priority"": 2, ""score"": 0.9999042749404907}]","{""attendance"": 0.009325, ""failure_history"": 0.000155, ""grade_gap"": 0.186693, ""study_time"": 0.999904, ""wellbeing"": 2e-06, ""time_management"": 0.001146}","[{""phase"": ""Tuần 2-4"", ""goal"": ""Ổn định nếp tự học"", ""actions"": ""Tăng ít nhất 3 giờ tự học có kế hoạch mỗi tuần; chia thành các phiên 45 phút; giảm một buổi đi chơi trong tuần nếu trùng lịch học.""}, {""phase"": ""Mỗi cuối tuần"", ""goal"": ""Theo dõi tiến bộ"", ""actions"": ""Cập nhật điểm bài tập và tỷ lệ chuyên cần; nếu điểm luyện tập dưới 60% trong hai tuần liên tiếp, chuyển sang phụ đạo trực tiếp.""}]"
31,2,High,0.89904,stable,Duy trì lộ trình học tập hiện tại,[],"{""attendance"": 0.0, ""failure_history"": 0.000962, ""grade_gap"": 0.00237, ""study_time"": 0.00021, ""wellbeing"": 0.0, ""time_management"": 0.0}","[{""phase"": ""Mỗi cuối tuần"", ""goal"": ""Theo dõi tiến bộ"", ""actions"": ""Cập nhật điểm bài tập và tỷ lệ chuyên cần; nếu điểm luyện tập dưới 60% trong hai tuần liên tiếp, chuyển sang phụ đạo trực tiếp.""}]"
32,1,Medium,0.592637,high,Lộ trình can thiệp ưu tiên 4 tuần,"[{""code"": ""grade_gap"", ""title"": ""Kết quả giữa kỳ chưa đạt"", ""evidence"": ""G1=10, G2=10."", ""priority"": 1, ""score"": 0.8061482906341553}, {""code"": ""study_time"", ""title"": ""Thời lượng tự học thấp"", ""evidence"": ""Mức studytime hiện tại: 1/4."", ""priority"": 2, ""score"": 0.9999414682388306}]","{""attendance"": 0.17592, ""failure_history"": 0.000467, ""grade_gap"": 0.806148, ""study_time"": 0.999941, ""wellbeing"": 2e-06, ""time_management"": 1e-06}","[{""phase"": ""Tuần 1-2"", ""goal"": ""Bù lỗ hổng kiến thức"", ""actions"": ""Làm bài chẩn đoán theo chủ đề; học lại hai chủ đề yếu nhất; hoàn thành tối thiểu 3 bài luyện tập có phản hồi mỗi tuần.""}, {""phase"": ""Tuần 2-4"", ""goal"": ""Ổn định nếp tự học"", ""actions"": ""Tăng ít nhất 3 giờ tự học có kế hoạch mỗi tuần; chia thành các phiên 45 phút; giảm một buổi đi chơi trong tuần nếu trùng lịch học.""}, {""phase"": ""Mỗi cuối tuần"", ""goal"": ""Theo dõi tiến bộ"", ""actions"": ""Cập nhật điểm bài tập và tỷ lệ chuyên cần; nếu điểm luyện tập dưới 60% trong hai tuần liên tiếp, chuyển sang phụ đạo trực tiếp.""}]"
33,2,High,0.697926,stable,Duy trì lộ trình học tập hiện tại,[],"{""attendance"": 0.0, ""failure_history"": 0.000111, ""grade_gap"": 0.05319, ""study_time"": 0.0, ""wellbeing"": 0.002435, ""time_management"": 0.005469}","[{""phase"": ""Mỗi cuối tuần"", ""goal"": ""Theo dõi tiến bộ"", ""actions"": ""Cập nhật điểm bài tập và tỷ lệ chuyên cần; nếu điểm luyện tập dưới 60% trong hai tuần liên tiếp, chuyển sang phụ đạo trực tiếp.""}]"
34,0,Low,0.970717,high,Lộ trình can thiệp ưu tiên 4 tuần,"[{""code"": ""attendance"", ""title"": ""Nguy cơ chuyên cần"", ""evidence"": ""Vắng 18 buổi; tỷ lệ vắng/học 9.0."", ""priority"": 1, ""score"": 0.9999991655349731}, {""code"": ""grade_gap"", ""title"": ""Kết quả giữa kỳ chưa đạt"", ""evidence"": ""G1=8, G2=6."", ""priority"": 1, ""score"": 0.999957799911499}, {""code"": ""wellbeing"", ""title"": ""Thói quen sinh hoạt ảnh hưởng học tập"", ""evidence"": ""Tổng Dalc + Walc = 8."", ""priority"": 3, ""score"": 0.9999958276748657}]","{""attendance"": 0.999999, ""failure_history"": 0.000966, ""grade_gap"": 0.999958, ""study_time"": 0.001293, ""wellbeing"": 0.999996, ""time_management"": 0.016155}","[{""phase"": ""Tuần 1"", ""goal"": ""Khôi phục chuyên cần"", ""actions"": ""Lập lịch đi học đủ; đăng ký lớp bù cho nội dung G1/G2 đã bỏ lỡ; cố vấn kiểm tra chuyên cần mỗi tuần.""}, {""phase"": ""Tuần 1-2"", ""goal"": ""Bù lỗ hổng kiến thức"", ""actions"": ""Làm bài chẩn đoán theo chủ đề; học lại hai chủ đề yếu nhất; hoàn thành tối thiểu 3 bài luyện tập có phản hồi mỗi tuần.""}, {""phase"": ""Tuần 2-4"", ""goal"": ""Điều chỉnh thói quen sinh hoạt"", ""actions"": ""Giảm sử dụng đồ uống có cồn trong ngày học; duy trì giấc ngủ và lịch học cố định; trao đổi với cố vấn khi khó tự điều chỉnh.""}, {""phase"": ""Mỗi cuối tuần"", ""goal"": ""Theo dõi tiến bộ"", ""actions"": ""Cập nhật điểm bài tập và tỷ lệ chuyên cần; nếu điểm luyện tập dưới 60% trong hai tuần liên tiếp, chuyển sang phụ đạo trực tiếp.""}]"
35,1,Medium,0.724128,high,Lộ trình can thiệp ưu tiên 4 tuần,"[{""code"": ""grade_gap"", ""title"": ""Kết quả giữa kỳ chưa đạt"", ""evidence"": ""G1=13, G2=13."", ""priority"": 1, ""score"": 0.16557708382606506}]","{""attendance"": 0.0, ""failure_history"": 0.000254, ""grade_gap"": 0.165577, ""study_time"": 0.0, ""wellbeing"": 0.0, ""time_management"": 0.0}","[{""phase"": ""Tuần 1-2"", ""goal"": ""Bù lỗ hổng kiến thức"", ""actions"": ""Làm bài chẩn đoán theo chủ đề; học lại hai chủ đề yếu nhất; hoàn thành tối thiểu 3 bài luyện tập có phản hồi mỗi tuần.""}, {""phase"": ""Mỗi cuối tuần"", ""goal"": ""Theo dõi tiến bộ"", ""actions"": ""Cập nhật điểm bài tập và tỷ lệ chuyên cần; nếu điểm luyện tập dưới 60% trong hai tuần liên tiếp, chuyển sang phụ đạo trực tiếp.""}]"
36,2,High,0.920091,high,Lộ trình can thiệp ưu tiên 4 tuần,"[{""code"": ""attendance"", ""title"": ""Nguy cơ chuyên cần"", ""evidence"": ""Vắng 10 buổi; tỷ lệ vắng/học 5.0."", ""priority"": 1, ""score"": 0.9825606942176819}, {""code"": ""grade_gap"", ""title"": ""Kết quả giữa kỳ chưa đạt"", ""evidence"": ""G1=16, G2=15."", ""priority"": 1, ""score"": 0.6313944458961487}, {""code"": ""time_management"", ""title"": ""Phân bổ thời gian chưa hợp lý"", ""evidence"": ""Mức goout hiện tại: 4/5."", ""priority"": 3, ""score"": 0.9862793684005737}]","{""attendance"": 0.982561, ""failure_history"": 0.000307, ""grade_gap"": 0.631394, ""study_time"": 0.001845, ""wellbeing"": 0.001224, ""time_management"": 0.986279}","[{""phase"": ""Tuần 1"", ""goal"": ""Khôi phục chuyên cần"", ""actions"": ""Lập lịch đi học đủ; đăng ký lớp bù cho nội dung G1/G2 đã bỏ lỡ; cố vấn kiểm tra chuyên cần mỗi tuần.""}, {""phase"": ""Tuần 1-2"", ""goal"": ""Bù lỗ hổng kiến thức"", ""actions"": ""Làm bài chẩn đoán theo chủ đề; học lại hai chủ đề yếu nhất; hoàn thành tối thiểu 3 bài luyện tập có phản hồi mỗi tuần.""}, {""phase"": ""Tuần 2-4"", ""goal"": ""Ổn định nếp tự học"", ""actions"": ""Tăng ít nhất 3 giờ tự học có kế hoạch mỗi tuần; chia thành các phiên 45 phút; giảm một buổi đi chơi trong tuần nếu trùng lịch học.""}, {""phase"": ""Mỗi cuối tuần"", ""goal"": ""Theo dõi tiến bộ"", ""actions"": ""Cập nhật điểm bài tập và tỷ lệ chuyên cần; nếu điểm luyện tập dưới 60% trong hai tuần liên tiếp, chuyển sang phụ đạo trực tiếp.""}]"
37,1,Medium,0.976871,high,Lộ trình can thiệp ưu tiên 4 tuần,"[{""code"": ""failure_history"", ""title"": ""Lỗ hổng kiến thức tích lũy"", ""evidence"": ""Số lần trượt môn trước đây: 1."", ""priority"": 1, ""score"": 0.997072696685791}, {""code"": ""attendance"", ""title"": ""Nguy cơ chuyên cần"", ""evidence"": ""Vắng 6 buổi; tỷ lệ vắng/học 6.0."", ""priority"": 1, ""score"": 0.9604915976524353}, {""code"": ""study_time"", ""title"": ""Thời lượng tự học thấp"", ""evidence"": ""Mức studytime hiện tại: 1/4."", ""priority"": 2, ""score"": 0.9999244213104248}, {""code"": ""wellbeing"", ""title"": ""Thói quen sinh hoạt ảnh hưởng học tập"", ""evidence"": ""Tổng Dalc + Walc = 8."", ""priority"": 3, ""score"": 1.0}, {""code"": ""time_management"", ""title"": ""Phân bổ thời gian chưa hợp lý"", ""evidence"": ""Mức goout hiện tại: 4/5."", ""priority"": 3, ""score"": 0.9925754070281982}]","{""attendance"": 0.960492, ""failure_history"": 0.997073, ""grade_gap"": 0.120014, ""study_time"": 0.999924, ""wellbeing"": 1.0, ""time_management"": 0.992575}","[{""phase"": ""Tuần 1"", ""goal"": ""Khôi phục chuyên cần"", ""actions"": ""Lập lịch đi học đủ; đăng ký lớp bù cho nội dung G1/G2 đã bỏ lỡ; cố vấn kiểm tra chuyên cần mỗi tuần.""}, {""phase"": ""Tuần 1-2"", ""goal"": ""Bù lỗ hổng kiến thức"", ""actions"": ""Làm bài chẩn đoán theo chủ đề; học lại hai chủ đề yếu nhất; hoàn thành tối thiểu 3 bài luyện tập có phản hồi mỗi tuần.""}, {""phase"": ""Tuần 2-4"", ""goal"": ""Ổn định nếp tự học"", ""actions"": ""Tăng ít nhất 3 giờ tự học có kế hoạch mỗi tuần; chia thành các phiên 45 phút; giảm một buổi đi chơi trong tuần nếu trùng lịch học.""}, {""phase"": ""Tuần 2-4"", ""goal"": ""Điều chỉnh thói quen sinh hoạt"", ""actions"": ""Giảm sử dụng đồ uống có cồn trong ngày học; duy trì giấc ngủ và lịch học cố định; trao đổi với cố vấn khi khó tự điều chỉnh.""}, {""phase"": ""Mỗi cuối tuần"", ""goal"": ""Theo dõi tiến bộ"", ""actions"": ""Cập nhật điểm bài tập và tỷ lệ chuyên cần; nếu điểm luyện tập dưới 60% trong hai tuần liên tiếp, chuyển sang phụ đạo trực tiếp.""}]"
38,1,Medium,0.95358,moderate,Lộ trình củng cố để tiến lên nhóm High,"[{""code"": ""study_time"", ""title"": ""Thời lượng tự học thấp"", ""evidence"": ""Mức studytime hiện tại: 1/4."", ""priority"": 2, ""score"": 0.999699592590332}, {""code"": ""wellbeing"", ""title"": ""Thói quen sinh hoạt ảnh hưởng học tập"", ""evidence"": ""Tổng Dalc + Walc = 8."", ""priority"": 3, ""score"": 0.9999996423721313}, {""code"": ""time_management"", ""title"": ""Phân bổ thời gian chưa hợp lý"", ""evidence"": ""Mức goout hiện tại: 4/5."", ""priority"": 3, ""score"": 0.96787428855896}]","{""attendance"": 0.456159, ""failure_history"": 0.004528, ""grade_gap"": 0.001507, ""study_time"": 0.9997, ""wellbeing"": 1.0, ""time_management"": 0.967874}","[{""phase"": ""Tuần 2-4"", ""goal"": ""Ổn định nếp tự học"", ""actions"": ""Tăng ít nhất 3 giờ tự học có kế hoạch mỗi tuần; chia thành các phiên 45 phút; giảm một buổi đi chơi trong tuần nếu trùng lịch học.""}, {""phase"": ""Tuần 2-4"", ""goal"": ""Điều chỉnh thói quen sinh hoạt"", ""actions"": ""Giảm sử dụng đồ uống có cồn trong ngày học; duy trì giấc ngủ và lịch học cố định; trao đổi với cố vấn khi khó tự điều chỉnh.""}, {""phase"": ""Mỗi cuối tuần"", ""goal"": ""Theo dõi tiến bộ"", ""actions"": ""Cập nhật điểm bài tập và tỷ lệ chuyên cần; nếu điểm luyện tập dưới 60% trong hai tuần liên tiếp, chuyển sang phụ đạo trực tiếp.""}]"
39,1,Medium,0.815736,high,Lộ trình can thiệp ưu tiên 4 tuần,"[{""code"": ""attendance"", ""title"": ""Nguy cơ chuyên cần"", ""evidence"": ""Vắng 18 buổi; tỷ lệ vắng/học 9.0."", ""priority"": 1, ""score"": 1.0}, {""code"": ""failure_history"", ""title"": ""Lỗ hổng kiến thức tích lũy"", ""evidence"": ""Số lần trượt môn trước đây: 1."", ""priority"": 1, ""score"": 0.999329686164856}, {""code"": ""grade_gap"", ""title"": ""Kết quả giữa kỳ chưa đạt"", ""evidence"": ""G1=12, G2=10."", ""priority"": 1, ""score"": 0.9594825506210327}]","{""attendance"": 1.0, ""failure_history"": 0.99933, ""grade_gap"": 0.959483, ""study_time"": 0.003017, ""wellbeing"": 0.001563, ""time_management"": 0.017312}","[{""phase"": ""Tuần 1"", ""goal"": ""Khôi phục chuyên cần"", ""actions"": ""Lập lịch đi học đủ; đăng ký lớp bù cho nội dung G1/G2 đã bỏ lỡ; cố vấn kiểm tra chuyên cần mỗi tuần.""}, {""phase"": ""Tuần 1-2"", ""goal"": ""Bù lỗ hổng kiến thức"", ""actions"": ""Làm bài chẩn đoán theo chủ đề; học lại hai chủ đề yếu nhất; hoàn thành tối thiểu 3 bài luyện tập có phản hồi mỗi tuần.""}, {""phase"": ""Mỗi cuối tuần"", ""goal"": ""Theo dõi tiến bộ"", ""actions"": ""Cập nhật điểm bài tập và tỷ lệ chuyên cần; nếu điểm luyện tập dưới 60% trong hai tuần liên tiếp, chuyển sang phụ đạo trực tiếp.""}]"
40,1,Medium,0.571235,high,Lộ trình can thiệp ưu tiên 4 tuần,"[{""code"": ""grade_gap"", ""title"": ""Kết quả giữa kỳ chưa đạt"", ""evidence"": ""G1=10, G2=10."", ""priority"": 1, ""score"": 0.8988147974014282}, {""code"": ""time_management"", ""title"": ""Phân bổ thời gian chưa hợp lý"", ""evidence"": ""Mức goout hiện tại: 5/5."", ""priority"": 3, ""score"": 0.9999997615814209}]","{""attendance"": 0.000117, ""failure_history"": 0.000125, ""grade_gap"": 0.898815, ""study_time"": 0.0, ""wellbeing"": 1e-06, ""time_management"": 1.0}","[{""phase"": ""Tuần 1-2"", ""goal"": ""Bù lỗ hổng kiến thức"", ""actions"": ""Làm bài chẩn đoán theo chủ đề; học lại hai chủ đề yếu nhất; hoàn thành tối thiểu 3 bài luyện tập có phản hồi mỗi tuần.""}, {""phase"": ""Tuần 2-4"", ""goal"": ""Ổn định nếp tự học"", ""actions"": ""Tăng ít nhất 3 giờ tự học có kế hoạch mỗi tuần; chia thành các phiên 45 phút; giảm một buổi đi chơi trong tuần nếu trùng lịch học.""}, {""phase"": ""Mỗi cuối tuần"", ""goal"": ""Theo dõi tiến bộ"", ""actions"": ""Cập nhật điểm bài tập và tỷ lệ chuyên cần; nếu điểm luyện tập dưới 60% trong hai tuần liên tiếp, chuyển sang phụ đạo trực tiếp.""}]"
41,0,Low,0.913922,high,Lộ trình can thiệp ưu tiên 4 tuần,"[{""code"": ""grade_gap"", ""title"": ""Kết quả giữa kỳ chưa đạt"", ""evidence"": ""G1=8, G2=8."", ""priority"": 1, ""score"": 0.98263019323349}]","{""attendance"": 0.0, ""failure_history"": 0.00037, ""grade_gap"": 0.98263, ""study_time"": 0.003022, ""wellbeing"": 0.0, ""time_management"": 0.001344}","[{""phase"": ""Tuần 1-2"", ""goal"": ""Bù lỗ hổng kiến thức"", ""actions"": ""Làm bài chẩn đoán theo chủ đề; học lại hai chủ đề yếu nhất; hoàn thành tối thiểu 3 bài luyện tập có phản hồi mỗi tuần.""}, {""phase"": ""Mỗi cuối tuần"", ""goal"": ""Theo dõi tiến bộ"", ""actions"": ""Cập nhật điểm bài tập và tỷ lệ chuyên cần; nếu điểm luyện tập dưới 60% trong hai tuần liên tiếp, chuyển sang phụ đạo trực tiếp.""}]"
42,0,Low,0.728717,high,Lộ trình can thiệp ưu tiên 4 tuần,"[{""code"": ""grade_gap"", ""title"": ""Kết quả giữa kỳ chưa đạt"", ""evidence"": ""G1=10, G2=9."", ""priority"": 1, ""score"": 0.9710642099380493}]","{""attendance"": 0.0, ""failure_history"": 0.001296, ""grade_gap"": 0.971064, ""study_time"": 0.0, ""wellbeing"": 0.0, ""time_management"": 0.0}","[{""phase"": ""Tuần 1-2"", ""goal"": ""Bù lỗ hổng kiến thức"", ""actions"": ""Làm bài chẩn đoán theo chủ đề; học lại hai chủ đề yếu nhất; hoàn thành tối thiểu 3 bài luyện tập có phản hồi mỗi tuần.""}, {""phase"": ""Mỗi cuối tuần"", ""goal"": ""Theo dõi tiến bộ"", ""actions"": ""Cập nhật điểm bài tập và tỷ lệ chuyên cần; nếu điểm luyện tập dưới 60% trong hai tuần liên tiếp, chuyển sang phụ đạo trực tiếp.""}]"
43,2,High,0.912031,stable,Duy trì lộ trình học tập hiện tại,[],"{""attendance"": 0.0, ""failure_history"": 0.000341, ""grade_gap"": 0.004762, ""study_time"": 0.000463, ""wellbeing"": 0.0, ""time_management"": 0.0}","[{""phase"": ""Mỗi cuối tuần"", ""goal"": ""Theo dõi tiến bộ"", ""actions"": ""Cập nhật điểm bài tập và tỷ lệ chuyên cần; nếu điểm luyện tập dưới 60% trong hai tuần liên tiếp, chuyển sang phụ đạo trực tiếp.""}]"
44,0,Low,0.98694,high,Lộ trình can thiệp ưu tiên 4 tuần,"[{""code"": ""grade_gap"", ""title"": ""Kết quả giữa kỳ chưa đạt"", ""evidence"": ""G1=6, G2=5."", ""priority"": 1, ""score"": 0.9999991655349731}, {""code"": ""time_management"", ""title"": ""Phân bổ thời gian chưa hợp lý"", ""evidence"": ""Mức goout hiện tại: 4/5."", ""priority"": 3, ""score"": 0.9996106028556824}]","{""attendance"": 0.076567, ""failure_history"": 0.000278, ""grade_gap"": 0.999999, ""study_time"": 0.012625, ""wellbeing"": 0.0, ""time_management"": 0.999611}","[{""phase"": ""Tuần 1-2"", ""goal"": ""Bù lỗ hổng kiến thức"", ""actions"": ""Làm bài chẩn đoán theo chủ đề; học lại hai chủ đề yếu nhất; hoàn thành tối thiểu 3 bài luyện tập có phản hồi mỗi tuần.""}, {""phase"": ""Tuần 2-4"", ""goal"": ""Ổn định nếp tự học"", ""actions"": ""Tăng ít nhất 3 giờ tự học có kế hoạch mỗi tuần; chia thành các phiên 45 phút; giảm một buổi đi chơi trong tuần nếu trùng lịch học.""}, {""phase"": ""Mỗi cuối tuần"", ""goal"": ""Theo dõi tiến bộ"", ""actions"": ""Cập nhật điểm bài tập và tỷ lệ chuyên cần; nếu điểm luyện tập dưới 60% trong hai tuần liên tiếp, chuyển sang phụ đạo trực tiếp.""}]"
45,0,Low,0.970642,high,Lộ trình can thiệp ưu tiên 4 tuần,"[{""code"": ""failure_history"", ""title"": ""Lỗ hổng kiến thức tích lũy"", ""evidence"": ""Số lần trượt môn trước đây: 2."", ""priority"": 1, ""score"": 1.0}, {""code"": ""grade_gap"", ""title"": ""Kết quả giữa kỳ chưa đạt"", ""evidence"": ""G1=7, G2=7."", ""priority"": 1, ""score"": 0.9992201328277588}]","{""attendance"": 0.000196, ""failure_history"": 1.0, ""grade_gap"": 0.99922, ""study_time"": 0.006753, ""wellbeing"": 0.0, ""time_management"": 0.0}","[{""phase"": ""Tuần 1-2"", ""goal"": ""Bù lỗ hổng kiến thức"", ""actions"": ""Làm bài chẩn đoán theo chủ đề; học lại hai chủ đề yếu nhất; hoàn thành tối thiểu 3 bài luyện tập có phản hồi mỗi tuần.""}, {""phase"": ""Mỗi cuối tuần"", ""goal"": ""Theo dõi tiến bộ"", ""actions"": ""Cập nhật điểm bài tập và tỷ lệ chuyên cần; nếu điểm luyện tập dưới 60% trong hai tuần liên tiếp, chuyển sang phụ đạo trực tiếp.""}]"
46,2,High,0.984504,high,Lộ trình can thiệp ưu tiên 4 tuần,"[{""code"": ""attendance"", ""title"": ""Nguy cơ chuyên cần"", ""evidence"": ""Vắng 24 buổi; tỷ lệ vắng/học 24.0."", ""priority"": 1, ""score"": 1.0}, {""code"": ""failure_history"", ""title"": ""Lỗ hổng kiến thức tích lũy"", ""evidence"": ""Số lần trượt môn trước đây: 1."", ""priority"": 1, ""score"": 0.9778980612754822}, {""code"": ""study_time"", ""title"": ""Thời lượng tự học thấp"", ""evidence"": ""Mức studytime hiện tại: 1/4."", ""priority"": 2, ""score"": 0.987173318862915}, {""code"": ""wellbeing"", ""title"": ""Thói quen sinh hoạt ảnh hưởng học tập"", ""evidence"": ""Tổng Dalc + Walc = 5."", ""priority"": 3, ""score"": 0.9974939823150635}, {""code"": ""time_management"", ""title"": ""Phân bổ thời gian chưa hợp lý"", ""evidence"": ""Mức goout hiện tại: 4/5."", ""priority"": 3, ""score"": 0.9960869550704956}]","{""attendance"": 1.0, ""failure_history"": 0.977898, ""grade_gap"": 0.309577, ""study_time"": 0.987173, ""wellbeing"": 0.997494, ""time_management"": 0.996087}","[{""phase"": ""Tuần 1"", ""goal"": ""Khôi phục chuyên cần"", ""actions"": ""Lập lịch đi học đủ; đăng ký lớp bù cho nội dung G1/G2 đã bỏ lỡ; cố vấn kiểm tra chuyên cần mỗi tuần.""}, {""phase"": ""Tuần 1-2"", ""goal"": ""Bù lỗ hổng kiến thức"", ""actions"": ""Làm bài chẩn đoán theo chủ đề; học lại hai chủ đề yếu nhất; hoàn thành tối thiểu 3 bài luyện tập có phản hồi mỗi tuần.""}, {""phase"": ""Tuần 2-4"", ""goal"": ""Ổn định nếp tự học"", ""actions"": ""Tăng ít nhất 3 giờ tự học có kế hoạch mỗi tuần; chia thành các phiên 45 phút; giảm một buổi đi chơi trong tuần nếu trùng lịch học.""}, {""phase"": ""Tuần 2-4"", ""goal"": ""Điều chỉnh thói quen sinh hoạt"", ""actions"": ""Giảm sử dụng đồ uống có cồn trong ngày học; duy trì giấc ngủ và lịch học cố định; trao đổi với cố vấn khi khó tự điều chỉnh.""}, {""phase"": ""Mỗi cuối tuần"", ""goal"": ""Theo dõi tiến bộ"", ""actions"": ""Cập nhật điểm bài tập và tỷ lệ chuyên cần; nếu điểm luyện tập dưới 60% trong hai tuần liên tiếp, chuyển sang phụ đạo trực tiếp.""}]"
47,1,Medium,0.949244,high,Lộ trình can thiệp ưu tiên 4 tuần,"[{""code"": ""attendance"", ""title"": ""Nguy cơ chuyên cần"", ""evidence"": ""Vắng 13 buổi; tỷ lệ vắng/học 6.5."", ""priority"": 1, ""score"": 0.9998384714126587}, {""code"": ""wellbeing"", ""title"": ""Thói quen sinh hoạt ảnh hưởng học tập"", ""evidence"": ""Tổng Dalc + Walc = 9."", ""priority"": 3, ""score"": 1.0}, {""code"": ""time_management"", ""title"": ""Phân bổ thời gian chưa hợp lý"", ""evidence"": ""Mức goout hiện tại: 5/5."", ""priority"": 3, ""score"": 0.9999841451644897}]","{""attendance"": 0.999838, ""failure_history"": 0.011638, ""grade_gap"": 0.03625, ""study_time"": 0.004516, ""wellbeing"": 1.0, ""time_management"": 0.999984}","[{""phase"": ""Tuần 1"", ""goal"": ""Khôi phục chuyên cần"", ""actions"": ""Lập lịch đi học đủ; đăng ký lớp bù cho nội dung G1/G2 đã bỏ lỡ; cố vấn kiểm tra chuyên cần mỗi tuần.""}, {""phase"": ""Tuần 2-4"", ""goal"": ""Ổn định nếp tự học"", ""actions"": ""Tăng ít nhất 3 giờ tự học có kế hoạch mỗi tuần; chia thành các phiên 45 phút; giảm một buổi đi chơi trong tuần nếu trùng lịch học.""}, {""phase"": ""Tuần 2-4"", ""goal"": ""Điều chỉnh thói quen sinh hoạt"", ""actions"": ""Giảm sử dụng đồ uống có cồn trong ngày học; duy trì giấc ngủ và lịch học cố định; trao đổi với cố vấn khi khó tự điều chỉnh.""}, {""phase"": ""Mỗi cuối tuần"", ""goal"": ""Theo dõi tiến bộ"", ""actions"": ""Cập nhật điểm bài tập và tỷ lệ chuyên cần; nếu điểm luyện tập dưới 60% trong hai tuần liên tiếp, chuyển sang phụ đạo trực tiếp.""}]"
48,0,Low,0.770694,high,Lộ trình can thiệp ưu tiên 4 tuần,"[{""code"": ""grade_gap"", ""title"": ""Kết quả giữa kỳ chưa đạt"", ""evidence"": ""G1=8, G2=9."", ""priority"": 1, ""score"": 0.9458964467048645}, {""code"": ""study_time"", ""title"": ""Thời lượng tự học thấp"", ""evidence"": ""Mức studytime hiện tại: 1/4."", ""priority"": 2, ""score"": 0.9999598264694214}, {""code"": ""wellbeing"", ""title"": ""Thói quen sinh hoạt ảnh hưởng học tập"", ""evidence"": ""Tổng Dalc + Walc = 6."", ""priority"": 3, ""score"": 0.9966424703598022}]","{""attendance"": 0.406452, ""failure_history"": 0.003193, ""grade_gap"": 0.945896, ""study_time"": 0.99996, ""wellbeing"": 0.996642, ""time_management"": 0.01624}","[{""phase"": ""Tuần 1-2"", ""goal"": ""Bù lỗ hổng kiến thức"", ""actions"": ""Làm bài chẩn đoán theo chủ đề; học lại hai chủ đề yếu nhất; hoàn thành tối thiểu 3 bài luyện tập có phản hồi mỗi tuần.""}, {""phase"": ""Tuần 2-4"", ""goal"": ""Ổn định nếp tự học"", ""actions"": ""Tăng ít nhất 3 giờ tự học có kế hoạch mỗi tuần; chia thành các phiên 45 phút; giảm một buổi đi chơi trong tuần nếu trùng lịch học.""}, {""phase"": ""Tuần 2-4"", ""goal"": ""Điều chỉnh thói quen sinh hoạt"", ""actions"": ""Giảm sử dụng đồ uống có cồn trong ngày học; duy trì giấc ngủ và lịch học cố định; trao đổi với cố vấn khi khó tự điều chỉnh.""}, {""phase"": ""Mỗi cuối tuần"", ""goal"": ""Theo dõi tiến bộ"", ""actions"": ""Cập nhật điểm bài tập và tỷ lệ chuyên cần; nếu điểm luyện tập dưới 60% trong hai tuần liên tiếp, chuyển sang phụ đạo trực tiếp.""}]"
49,0,Low,0.535506,high,Lộ trình can thiệp ưu tiên 4 tuần,"[{""code"": ""study_time"", ""title"": ""Thời lượng tự học thấp"", ""evidence"": ""Mức studytime hiện tại: 1/4."", ""priority"": 2, ""score"": 0.9992751479148865}, {""code"": ""time_management"", ""title"": ""Phân bổ thời gian chưa hợp lý"", ""evidence"": ""Mức goout hiện tại: 4/5."", ""priority"": 3, ""score"": 0.9688498377799988}]","{""attendance"": 4.8e-05, ""failure_history"": 0.002703, ""grade_gap"": 0.0866, ""study_time"": 0.999275, ""wellbeing"": 0.229205, ""time_management"": 0.96885}","[{""phase"": ""Tuần 2-4"", ""goal"": ""Ổn định nếp tự học"", ""actions"": ""Tăng ít nhất 3 giờ tự học có kế hoạch mỗi tuần; chia thành các phiên 45 phút; giảm một buổi đi chơi trong tuần nếu trùng lịch học.""}, {""phase"": ""Mỗi cuối tuần"", ""goal"": ""Theo dõi tiến bộ"", ""actions"": ""Cập nhật điểm bài tập và tỷ lệ chuyên cần; nếu điểm luyện tập dưới 60% trong hai tuần liên tiếp, chuyển sang phụ đạo trực tiếp.""}]"
50,0,Low,0.968133,high,Lộ trình can thiệp ưu tiên 4 tuần,"[{""code"": ""grade_gap"", ""title"": ""Kết quả giữa kỳ chưa đạt"", ""evidence"": ""G1=7, G2=6."", ""priority"": 1, ""score"": 0.9999821186065674}]","{""attendance"": 0.00724, ""failure_history"": 0.001929, ""grade_gap"": 0.999982, ""study_time"": 0.005114, ""wellbeing"": 0.222186, ""time_management"": 0.006451}","[{""phase"": ""Tuần 1-2"", ""goal"": ""Bù lỗ hổng kiến thức"", ""actions"": ""Làm bài chẩn đoán theo chủ đề; học lại hai chủ đề yếu nhất; hoàn thành tối thiểu 3 bài luyện tập có phản hồi mỗi tuần.""}, {""phase"": ""Mỗi cuối tuần"", ""goal"": ""Theo dõi tiến bộ"", ""actions"": ""Cập nhật điểm bài tập và tỷ lệ chuyên cần; nếu điểm luyện tập dưới 60% trong hai tuần liên tiếp, chuyển sang phụ đạo trực tiếp.""}]"
51,2,High,0.644507,moderate,Lộ trình củng cố để tiến lên nhóm High,"[{""code"": ""study_time"", ""title"": ""Thời lượng tự học thấp"", ""evidence"": ""Mức studytime hiện tại: 1/4."", ""priority"": 2, ""score"": 0.9999719858169556}]","{""attendance"": 0.015625, ""failure_history"": 0.000431, ""grade_gap"": 0.057373, ""study_time"": 0.999972, ""wellbeing"": 0.0016, ""time_management"": 0.002248}","[{""phase"": ""Tuần 2-4"", ""goal"": ""Ổn định nếp tự học"", ""actions"": ""Tăng ít nhất 3 giờ tự học có kế hoạch mỗi tuần; chia thành các phiên 45 phút; giảm một buổi đi chơi trong tuần nếu trùng lịch học.""}, {""phase"": ""Mỗi cuối tuần"", ""goal"": ""Theo dõi tiến bộ"", ""actions"": ""Cập nhật điểm bài tập và tỷ lệ chuyên cần; nếu điểm luyện tập dưới 60% trong hai tuần liên tiếp, chuyển sang phụ đạo trực tiếp.""}]"
52,1,Medium,0.943372,moderate,Lộ trình củng cố để tiến lên nhóm High,"[{""code"": ""time_management"", ""title"": ""Phân bổ thời gian chưa hợp lý"", ""evidence"": ""Mức goout hiện tại: 4/5."", ""priority"": 3, ""score"": 0.9975433945655823}]","{""attendance"": 0.018329, ""failure_history"": 0.000462, ""grade_gap"": 0.005178, ""study_time"": 0.002053, ""wellbeing"": 0.274839, ""time_management"": 0.997543}","[{""phase"": ""Tuần 2-4"", ""goal"": ""Ổn định nếp tự học"", ""actions"": ""Tăng ít nhất 3 giờ tự học có kế hoạch mỗi tuần; chia thành các phiên 45 phút; giảm một buổi đi chơi trong tuần nếu trùng lịch học.""}, {""phase"": ""Mỗi cuối tuần"", ""goal"": ""Theo dõi tiến bộ"", ""actions"": ""Cập nhật điểm bài tập và tỷ lệ chuyên cần; nếu điểm luyện tập dưới 60% trong hai tuần liên tiếp, chuyển sang phụ đạo trực tiếp.""}]"
53,1,Medium,0.858901,high,Lộ trình can thiệp ưu tiên 4 tuần,"[{""code"": ""attendance"", ""title"": ""Nguy cơ chuyên cần"", ""evidence"": ""Vắng 54 buổi; tỷ lệ vắng/học 27.0."", ""priority"": 1, ""score"": 1.0}, {""code"": ""grade_gap"", ""title"": ""Kết quả giữa kỳ chưa đạt"", ""evidence"": ""G1=11, G2=12."", ""priority"": 1, ""score"": 0.9740765690803528}]","{""attendance"": 1.0, ""failure_history"": 0.001147, ""grade_gap"": 0.974077, ""study_time"": 1.5e-05, ""wellbeing"": 0.000651, ""time_management"": 0.001369}","[{""phase"": ""Tuần 1"", ""goal"": ""Khôi phục chuyên cần"", ""actions"": ""Lập lịch đi học đủ; đăng ký lớp bù cho nội dung G1/G2 đã bỏ lỡ; cố vấn kiểm tra chuyên cần mỗi tuần.""}, {""phase"": ""Tuần 1-2"", ""goal"": ""Bù lỗ hổng kiến thức"", ""actions"": ""Làm bài chẩn đoán theo chủ đề; học lại hai chủ đề yếu nhất; hoàn thành tối thiểu 3 bài luyện tập có phản hồi mỗi tuần.""}, {""phase"": ""Mỗi cuối tuần"", ""goal"": ""Theo dõi tiến bộ"", ""actions"": ""Cập nhật điểm bài tập và tỷ lệ chuyên cần; nếu điểm luyện tập dưới 60% trong hai tuần liên tiếp, chuyển sang phụ đạo trực tiếp.""}]"
54,0,Low,0.994273,high,Lộ trình can thiệp ưu tiên 4 tuần,"[{""code"": ""grade_gap"", ""title"": ""Kết quả giữa kỳ chưa đạt"", ""evidence"": ""G1=7, G2=0."", ""priority"": 1, ""score"": 1.0}, {""code"": ""time_management"", ""title"": ""Phân bổ thời gian chưa hợp lý"", ""evidence"": ""Mức goout hiện tại: 4/5."", ""priority"": 3, ""score"": 0.9987176656723022}]","{""attendance"": 7.9e-05, ""failure_history"": 0.000454, ""grade_gap"": 1.0, ""study_time"": 0.01079, ""wellbeing"": 0.0, ""time_management"": 0.998718}","[{""phase"": ""Tuần 1-2"", ""goal"": ""Bù lỗ hổng kiến thức"", ""actions"": ""Làm bài chẩn đoán theo chủ đề; học lại hai chủ đề yếu nhất; hoàn thành tối thiểu 3 bài luyện tập có phản hồi mỗi tuần.""}, {""phase"": ""Tuần 2-4"", ""goal"": ""Ổn định nếp tự học"", ""actions"": ""Tăng ít nhất 3 giờ tự học có kế hoạch mỗi tuần; chia thành các phiên 45 phút; giảm một buổi đi chơi trong tuần nếu trùng lịch học.""}, {""phase"": ""Mỗi cuối tuần"", ""goal"": ""Theo dõi tiến bộ"", ""actions"": ""Cập nhật điểm bài tập và tỷ lệ chuyên cần; nếu điểm luyện tập dưới 60% trong hai tuần liên tiếp, chuyển sang phụ đạo trực tiếp.""}]"
55,1,Medium,0.613957,high,Lộ trình can thiệp ưu tiên 4 tuần,"[{""code"": ""grade_gap"", ""title"": ""Kết quả giữa kỳ chưa đạt"", ""evidence"": ""G1=14, G2=13."", ""priority"": 1, ""score"": 0.7185619473457336}]","{""attendance"": 0.013848, ""failure_history"": 0.000679, ""grade_gap"": 0.718562, ""study_time"": 0.0, ""wellbeing"": 0.0, ""time_management"": 0.0}","[{""phase"": ""Tuần 1-2"", ""goal"": ""Bù lỗ hổng kiến thức"", ""actions"": ""Làm bài chẩn đoán theo chủ đề; học lại hai chủ đề yếu nhất; hoàn thành tối thiểu 3 bài luyện tập có phản hồi mỗi tuần.""}, {""phase"": ""Mỗi cuối tuần"", ""goal"": ""Theo dõi tiến bộ"", ""actions"": ""Cập nhật điểm bài tập và tỷ lệ chuyên cần; nếu điểm luyện tập dưới 60% trong hai tuần liên tiếp, chuyển sang phụ đạo trực tiếp.""}]"
56,0,Low,0.899275,high,Lộ trình can thiệp ưu tiên 4 tuần,"[{""code"": ""attendance"", ""title"": ""Nguy cơ chuyên cần"", ""evidence"": ""Vắng 20 buổi; tỷ lệ vắng/học 10.0."", ""priority"": 1, ""score"": 1.0}, {""code"": ""grade_gap"", ""title"": ""Kết quả giữa kỳ chưa đạt"", ""evidence"": ""G1=9, G2=7."", ""priority"": 1, ""score"": 0.99983811378479}, {""code"": ""failure_history"", ""title"": ""Lỗ hổng kiến thức tích lũy"", ""evidence"": ""Số lần trượt môn trước đây: 1."", ""priority"": 1, ""score"": 0.998108983039856}, {""code"": ""time_management"", ""title"": ""Phân bổ thời gian chưa hợp lý"", ""evidence"": ""Mức goout hiện tại: 4/5."", ""priority"": 3, ""score"": 0.9994876384735107}]","{""attendance"": 1.0, ""failure_history"": 0.998109, ""grade_gap"": 0.999838, ""study_time"": 0.000944, ""wellbeing"": 0.062137, ""time_management"": 0.999488}","[{""phase"": ""Tuần 1"", ""goal"": ""Khôi phục chuyên cần"", ""actions"": ""Lập lịch đi học đủ; đăng ký lớp bù cho nội dung G1/G2 đã bỏ lỡ; cố vấn kiểm tra chuyên cần mỗi tuần.""}, {""phase"": ""Tuần 1-2"", ""goal"": ""Bù lỗ hổng kiến thức"", ""actions"": ""Làm bài chẩn đoán theo chủ đề; học lại hai chủ đề yếu nhất; hoàn thành tối thiểu 3 bài luyện tập có phản hồi mỗi tuần.""}, {""phase"": ""Tuần 2-4"", ""goal"": ""Ổn định nếp tự học"", ""actions"": ""Tăng ít nhất 3 giờ tự học có kế hoạch mỗi tuần; chia thành các phiên 45 phút; giảm một buổi đi chơi trong tuần nếu trùng lịch học.""}, {""phase"": ""Mỗi cuối tuần"", ""goal"": ""Theo dõi tiến bộ"", ""actions"": ""Cập nhật điểm bài tập và tỷ lệ chuyên cần; nếu điểm luyện tập dưới 60% trong hai tuần liên tiếp, chuyển sang phụ đạo trực tiếp.""}]"
57,0,Low,0.722644,high,Lộ trình can thiệp ưu tiên 4 tuần,"[{""code"": ""grade_gap"", ""title"": ""Kết quả giữa kỳ chưa đạt"", ""evidence"": ""G1=8, G2=9."", ""priority"": 1, ""score"": 0.8460642695426941}, {""code"": ""time_management"", ""title"": ""Phân bổ thời gian chưa hợp lý"", ""evidence"": ""Mức goout hiện tại: 4/5."", ""priority"": 3, ""score"": 0.9976755976676941}]","{""attendance"": 0.164225, ""failure_history"": 0.000217, ""grade_gap"": 0.846064, ""study_time"": 0.001723, ""wellbeing"": 0.0, ""time_management"": 0.997676}","[{""phase"": ""Tuần 1-2"", ""goal"": ""Bù lỗ hổng kiến thức"", ""actions"": ""Làm bài chẩn đoán theo chủ đề; học lại hai chủ đề yếu nhất; hoàn thành tối thiểu 3 bài luyện tập có phản hồi mỗi tuần.""}, {""phase"": ""Tuần 2-4"", ""goal"": ""Ổn định nếp tự học"", ""actions"": ""Tăng ít nhất 3 giờ tự học có kế hoạch mỗi tuần; chia thành các phiên 45 phút; giảm một buổi đi chơi trong tuần nếu trùng lịch học.""}, {""phase"": ""Mỗi cuối tuần"", ""goal"": ""Theo dõi tiến bộ"", ""actions"": ""Cập nhật điểm bài tập và tỷ lệ chuyên cần; nếu điểm luyện tập dưới 60% trong hai tuần liên tiếp, chuyển sang phụ đạo trực tiếp.""}]"
58,1,Medium,0.947299,high,Lộ trình can thiệp ưu tiên 4 tuần,"[{""code"": ""grade_gap"", ""title"": ""Kết quả giữa kỳ chưa đạt"", ""evidence"": ""G1=13, G2=11."", ""priority"": 1, ""score"": 0.8801694512367249}, {""code"": ""time_management"", ""title"": ""Phân bổ thời gian chưa hợp lý"", ""evidence"": ""Mức goout hiện tại: 5/5."", ""priority"": 3, ""score"": 0.9999997615814209}]","{""attendance"": 0.004772, ""failure_history"": 0.000144, ""grade_gap"": 0.880169, ""study_time"": 8.5e-05, ""wellbeing"": 0.000127, ""time_management"": 1.0}","[{""phase"": ""Tuần 1-2"", ""goal"": ""Bù lỗ hổng kiến thức"", ""actions"": ""Làm bài chẩn đoán theo chủ đề; học lại hai chủ đề yếu nhất; hoàn thành tối thiểu 3 bài luyện tập có phản hồi mỗi tuần.""}, {""phase"": ""Tuần 2-4"", ""goal"": ""Ổn định nếp tự học"", ""actions"": ""Tăng ít nhất 3 giờ tự học có kế hoạch mỗi tuần; chia thành các phiên 45 phút; giảm một buổi đi chơi trong tuần nếu trùng lịch học.""}, {""phase"": ""Mỗi cuối tuần"", ""goal"": ""Theo dõi tiến bộ"", ""actions"": ""Cập nhật điểm bài tập và tỷ lệ chuyên cần; nếu điểm luyện tập dưới 60% trong hai tuần liên tiếp, chuyển sang phụ đạo trực tiếp.""}]"
59,1,Medium,0.695827,high,Lộ trình can thiệp ưu tiên 4 tuần,"[{""code"": ""grade_gap"", ""title"": ""Kết quả giữa kỳ chưa đạt"", ""evidence"": ""G1=9, G2=11."", ""priority"": 1, ""score"": 0.007907496765255928}]","{""attendance"": 1e-06, ""failure_history"": 0.000481, ""grade_gap"": 0.007907, ""study_time"": 0.0, ""wellbeing"": 0.0, ""time_management"": 0.0}","[{""phase"": ""Tuần 1-2"", ""goal"": ""Bù lỗ hổng kiến thức"", ""actions"": ""Làm bài chẩn đoán theo chủ đề; học lại hai chủ đề yếu nhất; hoàn thành tối thiểu 3 bài luyện tập có phản hồi mỗi tuần.""}, {""phase"": ""Mỗi cuối tuần"", ""goal"": ""Theo dõi tiến bộ"", ""actions"": ""Cập nhật điểm bài tập và tỷ lệ chuyên cần; nếu điểm luyện tập dưới 60% trong hai tuần liên tiếp, chuyển sang phụ đạo trực tiếp.""}]"
60,2,High,0.990462,moderate,Lộ trình củng cố để tiến lên nhóm High,"[{""code"": ""time_management"", ""title"": ""Phân bổ thời gian chưa hợp lý"", ""evidence"": ""Mức goout hiện tại: 4/5."", ""priority"": 3, ""score"": 0.9143016338348389}]","{""attendance"": 0.0, ""failure_history"": 4e-06, ""grade_gap"": 0.000789, ""study_time"": 0.000427, ""wellbeing"": 0.0, ""time_management"": 0.914302}","[{""phase"": ""Tuần 2-4"", ""goal"": ""Ổn định nếp tự học"", ""actions"": ""Tăng ít nhất 3 giờ tự học có kế hoạch mỗi tuần; chia thành các phiên 45 phút; giảm một buổi đi chơi trong tuần nếu trùng lịch học.""}, {""phase"": ""Mỗi cuối tuần"", ""goal"": ""Theo dõi tiến bộ"", ""actions"": ""Cập nhật điểm bài tập và tỷ lệ chuyên cần; nếu điểm luyện tập dưới 60% trong hai tuần liên tiếp, chuyển sang phụ đạo trực tiếp.""}]"
61,0,Low,0.992758,high,Lộ trình can thiệp ưu tiên 4 tuần,"[{""code"": ""grade_gap"", ""title"": ""Kết quả giữa kỳ chưa đạt"", ""evidence"": ""G1=3, G2=5."", ""priority"": 1, ""score"": 0.9999923706054688}, {""code"": ""failure_history"", ""title"": ""Lỗ hổng kiến thức tích lũy"", ""evidence"": ""Số lần trượt môn trước đây: 1."", ""priority"": 1, ""score"": 0.9999476671218872}]","{""attendance"": 0.079263, ""failure_history"": 0.999948, ""grade_gap"": 0.999992, ""study_time"": 0.028116, ""wellbeing"": 6.9e-05, ""time_management"": 0.013209}","[{""phase"": ""Tuần 1-2"", ""goal"": ""Bù lỗ hổng kiến thức"", ""actions"": ""Làm bài chẩn đoán theo chủ đề; học lại hai chủ đề yếu nhất; hoàn thành tối thiểu 3 bài luyện tập có phản hồi mỗi tuần.""}, {""phase"": ""Mỗi cuối tuần"", ""goal"": ""Theo dõi tiến bộ"", ""actions"": ""Cập nhật điểm bài tập và tỷ lệ chuyên cần; nếu điểm luyện tập dưới 60% trong hai tuần liên tiếp, chuyển sang phụ đạo trực tiếp.""}]"
62,1,Medium,0.976623,high,Lộ trình can thiệp ưu tiên 4 tuần,"[{""code"": ""grade_gap"", ""title"": ""Kết quả giữa kỳ chưa đạt"", ""evidence"": ""G1=12, G2=12."", ""priority"": 1, ""score"": 0.2763138711452484}]","{""attendance"": 0.0, ""failure_history"": 0.000286, ""grade_gap"": 0.276314, ""study_time"": 0.0, ""wellbeing"": 0.0, ""time_management"": 0.0}","[{""phase"": ""Tuần 1-2"", ""goal"": ""Bù lỗ hổng kiến thức"", ""actions"": ""Làm bài chẩn đoán theo chủ đề; học lại hai chủ đề yếu nhất; hoàn thành tối thiểu 3 bài luyện tập có phản hồi mỗi tuần.""}, {""phase"": ""Mỗi cuối tuần"", ""goal"": ""Theo dõi tiến bộ"", ""actions"": ""Cập nhật điểm bài tập và tỷ lệ chuyên cần; nếu điểm luyện tập dưới 60% trong hai tuần liên tiếp, chuyển sang phụ đạo trực tiếp.""}]"
63,0,Low,0.981908,high,Lộ trình can thiệp ưu tiên 4 tuần,"[{""code"": ""grade_gap"", ""title"": ""Kết quả giữa kỳ chưa đạt"", ""evidence"": ""G1=5, G2=5."", ""priority"": 1, ""score"": 0.9999902248382568}]","{""attendance"": 0.000529, ""failure_history"": 0.000861, ""grade_gap"": 0.99999, ""study_time"": 0.013394, ""wellbeing"": 0.0, ""time_management"": 0.003858}","[{""phase"": ""Tuần 1-2"", ""goal"": ""Bù lỗ hổng kiến thức"", ""actions"": ""Làm bài chẩn đoán theo chủ đề; học lại hai chủ đề yếu nhất; hoàn thành tối thiểu 3 bài luyện tập có phản hồi mỗi tuần.""}, {""phase"": ""Mỗi cuối tuần"", ""goal"": ""Theo dõi tiến bộ"", ""actions"": ""Cập nhật điểm bài tập và tỷ lệ chuyên cần; nếu điểm luyện tập dưới 60% trong hai tuần liên tiếp, chuyển sang phụ đạo trực tiếp.""}]"
64,0,Low,0.909921,high,Lộ trình can thiệp ưu tiên 4 tuần,"[{""code"": ""failure_history"", ""title"": ""Lỗ hổng kiến thức tích lũy"", ""evidence"": ""Số lần trượt môn trước đây: 3."", ""priority"": 1, ""score"": 1.0}, {""code"": ""grade_gap"", ""title"": ""Kết quả giữa kỳ chưa đạt"", ""evidence"": ""G1=7, G2=8."", ""priority"": 1, ""score"": 0.9811059832572937}]","{""attendance"": 0.269749, ""failure_history"": 1.0, ""grade_gap"": 0.981106, ""study_time"": 0.000986, ""wellbeing"": 0.000637, ""time_management"": 4e-06}","[{""phase"": ""Tuần 1-2"", ""goal"": ""Bù lỗ hổng kiến thức"", ""actions"": ""Làm bài chẩn đoán theo chủ đề; học lại hai chủ đề yếu nhất; hoàn thành tối thiểu 3 bài luyện tập có phản hồi mỗi tuần.""}, {""phase"": ""Mỗi cuối tuần"", ""goal"": ""Theo dõi tiến bộ"", ""actions"": ""Cập nhật điểm bài tập và tỷ lệ chuyên cần; nếu điểm luyện tập dưới 60% trong hai tuần liên tiếp, chuyển sang phụ đạo trực tiếp.""}]"
65,0,Low,0.9447,high,Lộ trình can thiệp ưu tiên 4 tuần,"[{""code"": ""grade_gap"", ""title"": ""Kết quả giữa kỳ chưa đạt"", ""evidence"": ""G1=8, G2=7."", ""priority"": 1, ""score"": 0.9999507665634155}]","{""attendance"": 0.405395, ""failure_history"": 0.000576, ""grade_gap"": 0.999951, ""study_time"": 0.003654, ""wellbeing"": 3.8e-05, ""time_management"": 0.005164}","[{""phase"": ""Tuần 1-2"", ""goal"": ""Bù lỗ hổng kiến thức"", ""actions"": ""Làm bài chẩn đoán theo chủ đề; học lại hai chủ đề yếu nhất; hoàn thành tối thiểu 3 bài luyện tập có phản hồi mỗi tuần.""}, {""phase"": ""Mỗi cuối tuần"", ""goal"": ""Theo dõi tiến bộ"", ""actions"": ""Cập nhật điểm bài tập và tỷ lệ chuyên cần; nếu điểm luyện tập dưới 60% trong hai tuần liên tiếp, chuyển sang phụ đạo trực tiếp.""}]"
66,0,Low,0.910132,high,Lộ trình can thiệp ưu tiên 4 tuần,"[{""code"": ""grade_gap"", ""title"": ""Kết quả giữa kỳ chưa đạt"", ""evidence"": ""G1=7, G2=8."", ""priority"": 1, ""score"": 0.9373656511306763}]","{""attendance"": 1e-06, ""failure_history"": 0.003454, ""grade_gap"": 0.937366, ""study_time"": 0.001235, ""wellbeing"": 0.059571, ""time_management"": 0.0}","[{""phase"": ""Tuần 1-2"", ""goal"": ""Bù lỗ hổng kiến thức"", ""actions"": ""Làm bài chẩn đoán theo chủ đề; học lại hai chủ đề yếu nhất; hoàn thành tối thiểu 3 bài luyện tập có phản hồi mỗi tuần.""}, {""phase"": ""Mỗi cuối tuần"", ""goal"": ""Theo dõi tiến bộ"", ""actions"": ""Cập nhật điểm bài tập và tỷ lệ chuyên cần; nếu điểm luyện tập dưới 60% trong hai tuần liên tiếp, chuyển sang phụ đạo trực tiếp.""}]"
67,2,High,0.952608,moderate,Lộ trình củng cố để tiến lên nhóm High,"[{""code"": ""study_time"", ""title"": ""Thời lượng tự học thấp"", ""evidence"": ""Mức studytime hiện tại: 1/4."", ""priority"": 2, ""score"": 0.9990109205245972}, {""code"": ""time_management"", ""title"": ""Phân bổ thời gian chưa hợp lý"", ""evidence"": ""Mức goout hiện tại: 5/5."", ""priority"": 3, ""score"": 0.9999502897262573}, {""code"": ""wellbeing"", ""title"": ""Thói quen sinh hoạt ảnh hưởng học tập"", ""evidence"": ""Tổng Dalc + Walc = 7."", ""priority"": 3, ""score"": 0.9999384880065918}]","{""attendance"": 0.014, ""failure_history"": 0.000646, ""grade_gap"": 1.3e-05, ""study_time"": 0.999011, ""wellbeing"": 0.999938, ""time_management"": 0.99995}","[{""phase"": ""Tuần 2-4"", ""goal"": ""Ổn định nếp tự học"", ""actions"": ""Tăng ít nhất 3 giờ tự học có kế hoạch mỗi tuần; chia thành các phiên 45 phút; giảm một buổi đi chơi trong tuần nếu trùng lịch học.""}, {""phase"": ""Tuần 2-4"", ""goal"": ""Điều chỉnh thói quen sinh hoạt"", ""actions"": ""Giảm sử dụng đồ uống có cồn trong ngày học; duy trì giấc ngủ và lịch học cố định; trao đổi với cố vấn khi khó tự điều chỉnh.""}, {""phase"": ""Mỗi cuối tuần"", ""goal"": ""Theo dõi tiến bộ"", ""actions"": ""Cập nhật điểm bài tập và tỷ lệ chuyên cần; nếu điểm luyện tập dưới 60% trong hai tuần liên tiếp, chuyển sang phụ đạo trực tiếp.""}]"
68,2,High,0.988767,stable,Duy trì lộ trình học tập hiện tại,[],"{""attendance"": 0.0, ""failure_history"": 2e-05, ""grade_gap"": 0.000726, ""study_time"": 0.0, ""wellbeing"": 0.0, ""time_management"": 0.000225}","[{""phase"": ""Mỗi cuối tuần"", ""goal"": ""Theo dõi tiến bộ"", ""actions"": ""Cập nhật điểm bài tập và tỷ lệ chuyên cần; nếu điểm luyện tập dưới 60% trong hai tuần liên tiếp, chuyển sang phụ đạo trực tiếp.""}]"
69,2,High,0.675781,stable,Duy trì lộ trình học tập hiện tại,[],"{""attendance"": 2.6e-05, ""failure_history"": 0.000119, ""grade_gap"": 0.078474, ""study_time"": 0.0, ""wellbeing"": 0.0, ""time_management"": 0.000808}","[{""phase"": ""Mỗi cuối tuần"", ""goal"": ""Theo dõi tiến bộ"", ""actions"": ""Cập nhật điểm bài tập và tỷ lệ chuyên cần; nếu điểm luyện tập dưới 60% trong hai tuần liên tiếp, chuyển sang phụ đạo trực tiếp.""}]"
70,1,Medium,0.967385,moderate,Lộ trình củng cố để tiến lên nhóm High,"[{""code"": ""study_time"", ""title"": ""Thời lượng tự học thấp"", ""evidence"": ""Mức studytime hiện tại: 1/4."", ""priority"": 2, ""score"": 0.9998589754104614}]","{""attendance"": 0.013482, ""failure_history"": 0.001848, ""grade_gap"": 0.08701, ""study_time"": 0.999859, ""wellbeing"": 0.001993, ""time_management"": 4e-06}","[{""phase"": ""Tuần 2-4"", ""goal"": ""Ổn định nếp tự học"", ""actions"": ""Tăng ít nhất 3 giờ tự học có kế hoạch mỗi tuần; chia thành các phiên 45 phút; giảm một buổi đi chơi trong tuần nếu trùng lịch học.""}, {""phase"": ""Mỗi cuối tuần"", ""goal"": ""Theo dõi tiến bộ"", ""actions"": ""Cập nhật điểm bài tập và tỷ lệ chuyên cần; nếu điểm luyện tập dưới 60% trong hai tuần liên tiếp, chuyển sang phụ đạo trực tiếp.""}]"
71,0,Low,0.714579,high,Lộ trình can thiệp ưu tiên 4 tuần,"[{""code"": ""grade_gap"", ""title"": ""Kết quả giữa kỳ chưa đạt"", ""evidence"": ""G1=9, G2=9."", ""priority"": 1, ""score"": 0.8454383015632629}]","{""attendance"": 0.076461, ""failure_history"": 0.000642, ""grade_gap"": 0.845438, ""study_time"": 0.003474, ""wellbeing"": 0.206941, ""time_management"": 0.003836}","[{""phase"": ""Tuần 1-2"", ""goal"": ""Bù lỗ hổng kiến thức"", ""actions"": ""Làm bài chẩn đoán theo chủ đề; học lại hai chủ đề yếu nhất; hoàn thành tối thiểu 3 bài luyện tập có phản hồi mỗi tuần.""}, {""phase"": ""Mỗi cuối tuần"", ""goal"": ""Theo dõi tiến bộ"", ""actions"": ""Cập nhật điểm bài tập và tỷ lệ chuyên cần; nếu điểm luyện tập dưới 60% trong hai tuần liên tiếp, chuyển sang phụ đạo trực tiếp.""}]"
72,1,Medium,0.509263,moderate,Lộ trình củng cố để tiến lên nhóm High,"[{""code"": ""time_management"", ""title"": ""Phân bổ thời gian chưa hợp lý"", ""evidence"": ""Mức goout hiện tại: 4/5."", ""priority"": 3, ""score"": 0.9876313805580139}]","{""attendance"": 0.048857, ""failure_history"": 0.000505, ""grade_gap"": 0.336453, ""study_time"": 0.0, ""wellbeing"": 0.0, ""time_management"": 0.987631}","[{""phase"": ""Tuần 2-4"", ""goal"": ""Ổn định nếp tự học"", ""actions"": ""Tăng ít nhất 3 giờ tự học có kế hoạch mỗi tuần; chia thành các phiên 45 phút; giảm một buổi đi chơi trong tuần nếu trùng lịch học.""}, {""phase"": ""Mỗi cuối tuần"", ""goal"": ""Theo dõi tiến bộ"", ""actions"": ""Cập nhật điểm bài tập và tỷ lệ chuyên cần; nếu điểm luyện tập dưới 60% trong hai tuần liên tiếp, chuyển sang phụ đạo trực tiếp.""}]"
73,1,Medium,0.576022,high,Lộ trình can thiệp ưu tiên 4 tuần,"[{""code"": ""attendance"", ""title"": ""Nguy cơ chuyên cần"", ""evidence"": ""Vắng 12 buổi; tỷ lệ vắng/học 6.0."", ""priority"": 1, ""score"": 0.9937363862991333}, {""code"": ""grade_gap"", ""title"": ""Kết quả giữa kỳ chưa đạt"", ""evidence"": ""G1=11, G2=9."", ""priority"": 1, ""score"": 0.8387341499328613}]","{""attendance"": 0.993736, ""failure_history"": 0.003154, ""grade_gap"": 0.838734, ""study_time"": 0.000974, ""wellbeing"": 0.0, ""time_management"": 1e-06}","[{""phase"": ""Tuần 1"", ""goal"": ""Khôi phục chuyên cần"", ""actions"": ""Lập lịch đi học đủ; đăng ký lớp bù cho nội dung G1/G2 đã bỏ lỡ; cố vấn kiểm tra chuyên cần mỗi tuần.""}, {""phase"": ""Tuần 1-2"", ""goal"": ""Bù lỗ hổng kiến thức"", ""actions"": ""Làm bài chẩn đoán theo chủ đề; học lại hai chủ đề yếu nhất; hoàn thành tối thiểu 3 bài luyện tập có phản hồi mỗi tuần.""}, {""phase"": ""Mỗi cuối tuần"", ""goal"": ""Theo dõi tiến bộ"", ""actions"": ""Cập nhật điểm bài tập và tỷ lệ chuyên cần; nếu điểm luyện tập dưới 60% trong hai tuần liên tiếp, chuyển sang phụ đạo trực tiếp.""}]"
74,1,Medium,0.788695,moderate,Lộ trình củng cố để tiến lên nhóm High,"[{""code"": ""wellbeing"", ""title"": ""Thói quen sinh hoạt ảnh hưởng học tập"", ""evidence"": ""Tổng Dalc + Walc = 7."", ""priority"": 3, ""score"": 0.9989719390869141}]","{""attendance"": 0.0, ""failure_history"": 0.001207, ""grade_gap"": 0.074566, ""study_time"": 0.001929, ""wellbeing"": 0.998972, ""time_management"": 4e-06}","[{""phase"": ""Tuần 2-4"", ""goal"": ""Điều chỉnh thói quen sinh hoạt"", ""actions"": ""Giảm sử dụng đồ uống có cồn trong ngày học; duy trì giấc ngủ và lịch học cố định; trao đổi với cố vấn khi khó tự điều chỉnh.""}, {""phase"": ""Mỗi cuối tuần"", ""goal"": ""Theo dõi tiến bộ"", ""actions"": ""Cập nhật điểm bài tập và tỷ lệ chuyên cần; nếu điểm luyện tập dưới 60% trong hai tuần liên tiếp, chuyển sang phụ đạo trực tiếp.""}]"
75,0,Low,0.985991,high,Lộ trình can thiệp ưu tiên 4 tuần,"[{""code"": ""grade_gap"", ""title"": ""Kết quả giữa kỳ chưa đạt"", ""evidence"": ""G1=6, G2=5."", ""priority"": 1, ""score"": 0.9999998807907104}, {""code"": ""failure_history"", ""title"": ""Lỗ hổng kiến thức tích lũy"", ""evidence"": ""Số lần trượt môn trước đây: 1."", ""priority"": 1, ""score"": 0.9995505213737488}, {""code"": ""study_time"", ""title"": ""Thời lượng tự học thấp"", ""evidence"": ""Mức studytime hiện tại: 1/4."", ""priority"": 2, ""score"": 0.9999836683273315}]","{""attendance"": 0.000206, ""failure_history"": 0.999551, ""grade_gap"": 1.0, ""study_time"": 0.999984, ""wellbeing"": 8.6e-05, ""time_management"": 5e-06}","[{""phase"": ""Tuần 1-2"", ""goal"": ""Bù lỗ hổng kiến thức"", ""actions"": ""Làm bài chẩn đoán theo chủ đề; học lại hai chủ đề yếu nhất; hoàn thành tối thiểu 3 bài luyện tập có phản hồi mỗi tuần.""}, {""phase"": ""Tuần 2-4"", ""goal"": ""Ổn định nếp tự học"", ""actions"": ""Tăng ít nhất 3 giờ tự học có kế hoạch mỗi tuần; chia thành các phiên 45 phút; giảm một buổi đi chơi trong tuần nếu trùng lịch học.""}, {""phase"": ""Mỗi cuối tuần"", ""goal"": ""Theo dõi tiến bộ"", ""actions"": ""Cập nhật điểm bài tập và tỷ lệ chuyên cần; nếu điểm luyện tập dưới 60% trong hai tuần liên tiếp, chuyển sang phụ đạo trực tiếp.""}]"
76,2,High,0.929015,moderate,Lộ trình củng cố để tiến lên nhóm High,"[{""code"": ""time_management"", ""title"": ""Phân bổ thời gian chưa hợp lý"", ""evidence"": ""Mức goout hiện tại: 4/5."", ""priority"": 3, ""score"": 0.9429720044136047}]","{""attendance"": 0.0, ""failure_history"": 9e-06, ""grade_gap"": 0.346989, ""study_time"": 0.000779, ""wellbeing"": 0.0, ""time_management"": 0.942972}","[{""phase"": ""Tuần 2-4"", ""goal"": ""Ổn định nếp tự học"", ""actions"": ""Tăng ít nhất 3 giờ tự học có kế hoạch mỗi tuần; chia thành các phiên 45 phút; giảm một buổi đi chơi trong tuần nếu trùng lịch học.""}, {""phase"": ""Mỗi cuối tuần"", ""goal"": ""Theo dõi tiến bộ"", ""actions"": ""Cập nhật điểm bài tập và tỷ lệ chuyên cần; nếu điểm luyện tập dưới 60% trong hai tuần liên tiếp, chuyển sang phụ đạo trực tiếp.""}]"
77,1,Medium,0.935192,high,Lộ trình can thiệp ưu tiên 4 tuần,"[{""code"": ""attendance"", ""title"": ""Nguy cơ chuyên cần"", ""evidence"": ""Vắng 12 buổi; tỷ lệ vắng/học 6.0."", ""priority"": 1, ""score"": 0.9982012510299683}, {""code"": ""time_management"", ""title"": ""Phân bổ thời gian chưa hợp lý"", ""evidence"": ""Mức goout hiện tại: 4/5."", ""priority"": 3, ""score"": 0.9917179346084595}]","{""attendance"": 0.998201, ""failure_history"": 0.001163, ""grade_gap"": 0.03261, ""study_time"": 0.003849, ""wellbeing"": 0.355032, ""time_management"": 0.991718}","[{""phase"": ""Tuần 1"", ""goal"": ""Khôi phục chuyên cần"", ""actions"": ""Lập lịch đi học đủ; đăng ký lớp bù cho nội dung G1/G2 đã bỏ lỡ; cố vấn kiểm tra chuyên cần mỗi tuần.""}, {""phase"": ""Tuần 2-4"", ""goal"": ""Ổn định nếp tự học"", ""actions"": ""Tăng ít nhất 3 giờ tự học có kế hoạch mỗi tuần; chia thành các phiên 45 phút; giảm một buổi đi chơi trong tuần nếu trùng lịch học.""}, {""phase"": ""Mỗi cuối tuần"", ""goal"": ""Theo dõi tiến bộ"", ""actions"": ""Cập nhật điểm bài tập và tỷ lệ chuyên cần; nếu điểm luyện tập dưới 60% trong hai tuần liên tiếp, chuyển sang phụ đạo trực tiếp.""}]"
78,0,Low,0.640996,high,Lộ trình can thiệp ưu tiên 4 tuần,"[{""code"": ""grade_gap"", ""title"": ""Kết quả giữa kỳ chưa đạt"", ""evidence"": ""G1=10, G2=9."", ""priority"": 1, ""score"": 0.9830290675163269}, {""code"": ""time_management"", ""title"": ""Phân bổ thời gian chưa hợp lý"", ""evidence"": ""Mức goout hiện tại: 4/5."", ""priority"": 3, ""score"": 0.9967212080955505}]","{""attendance"": 1e-06, ""failure_history"": 7.5e-05, ""grade_gap"": 0.983029, ""study_time"": 0.001265, ""wellbeing"": 0.0, ""time_management"": 0.996721}","[{""phase"": ""Tuần 1-2"", ""goal"": ""Bù lỗ hổng kiến thức"", ""actions"": ""Làm bài chẩn đoán theo chủ đề; học lại hai chủ đề yếu nhất; hoàn thành tối thiểu 3 bài luyện tập có phản hồi mỗi tuần.""}, {""phase"": ""Tuần 2-4"", ""goal"": ""Ổn định nếp tự học"", ""actions"": ""Tăng ít nhất 3 giờ tự học có kế hoạch mỗi tuần; chia thành các phiên 45 phút; giảm một buổi đi chơi trong tuần nếu trùng lịch học.""}, {""phase"": ""Mỗi cuối tuần"", ""goal"": ""Theo dõi tiến bộ"", ""actions"": ""Cập nhật điểm bài tập và tỷ lệ chuyên cần; nếu điểm luyện tập dưới 60% trong hai tuần liên tiếp, chuyển sang phụ đạo trực tiếp.""}]"
