domain,model,fold,seed,stage,ap,roc_auc,risk_f1,risk_precision,risk_recall,accuracy,recall_at_20,n,prevalence,n_models,one_weight_all_stages,feature_set
oulad,LR,0,42,20pct,0.7562300122556396,0.7874852610263612,0.6814895155459146,0.6317024128686327,0.7397959183673469,0.7045111521046453,0.38657770800627944,5963,0.4273016937782995,1,True,hybrid_tensor_parity
oulad,LR,0,42,35pct,0.7975786463173807,0.8223329695268435,0.6978021978021978,0.6418772563176895,0.764402407566638,0.7318007662835249,0.43594153052450557,5742,0.4050853361198189,1,True,hybrid_tensor_parity
oulad,LR,0,42,50pct,0.8436490302541328,0.8704349502994922,0.7301663853387992,0.7421568627450981,0.7185571903179877,0.7973927213470939,0.4855244423350736,5523,0.38149556400506973,1,True,hybrid_tensor_parity
oulad,LR,0,42,75pct,0.8910605048025075,0.9158851348911362,0.7829716193656093,0.7634291915355399,0.8035408338092519,0.8490419972904973,0.5750999428897773,5167,0.3388813624927424,1,True,hybrid_tensor_parity
oulad,LR,0,42,100pct,0.919756997606315,0.9398849489769928,0.8307797071842016,0.9186746987951807,0.7582349285270354,0.9010945273631841,0.6208825357364823,5025,0.3201990049751244,1,True,hybrid_tensor_parity
oulad,DT,0,42,20pct,0.7008440483908588,0.7254063704544776,0.6337551238638389,0.5804766568723474,0.6978021978021978,0.6553748113365756,0.36813186813186816,5963,0.4273016937782995,1,True,hybrid_tensor_parity
oulad,DT,0,42,35pct,0.7409778571742078,0.7604022771802714,0.644435516271595,0.6048265460030166,0.6895958727429062,0.6917450365726228,0.4165950128976784,5742,0.4050853361198189,1,True,hybrid_tensor_parity
oulad,DT,0,42,50pct,0.8038691861283708,0.8239071362437466,0.6916455696202531,0.7411828540423223,0.6483151400094922,0.779467680608365,0.4755576649264357,5523,0.38149556400506973,1,True,hybrid_tensor_parity
oulad,DT,0,42,75pct,0.8531750767209869,0.8770364743064185,0.7428737638161722,0.7569650266745702,0.7292975442604226,0.828914263595897,0.5739577384351799,5167,0.3388813624927424,1,True,hybrid_tensor_parity
oulad,DT,0,42,100pct,0.8715006356380102,0.8922749376676569,0.8001425008906305,0.9373956594323873,0.6979490366687383,0.8883582089552239,0.6196395276569298,5025,0.3201990049751244,1,True,hybrid_tensor_parity
oulad,RF,0,42,20pct,0.7536905390058626,0.7781896518039585,0.673936360386128,0.6188443860801051,0.7397959183673469,0.6941137011571357,0.3877551020408163,5963,0.4273016937782995,1,True,hybrid_tensor_parity
oulad,RF,0,42,35pct,0.7917264143540633,0.8130971846613277,0.6886025768087215,0.6388378080176536,0.7467755803955288,0.7264019505398815,0.43336199484092863,5742,0.4050853361198189,1,True,hybrid_tensor_parity
oulad,RF,0,42,50pct,0.8462829735369543,0.8674728156062816,0.7229629629629629,0.6524064171122995,0.8106312292358804,0.7629911280101395,0.4931181775035596,5523,0.38149556400506973,1,True,hybrid_tensor_parity
oulad,RF,0,42,75pct,0.8926076411571091,0.9145476589489847,0.7875457875457875,0.8459016393442623,0.7367218732153056,0.8652990129669054,0.5813820673900628,5167,0.3388813624927424,1,True,hybrid_tensor_parity
oulad,RF,0,42,100pct,0.9125575109855297,0.931943852131526,0.8300205620287868,0.9251336898395722,0.7526413921690491,0.9012935323383084,0.620261031696706,5025,0.3201990049751244,1,True,hybrid_tensor_parity
oulad,SVM,0,42,20pct,0.7324690547165033,0.7642837605816062,0.6651728553137004,0.5616216216216217,0.8155416012558869,0.6491698809324166,0.3716640502354788,5963,0.4273016937782995,1,True,hybrid_tensor_parity
oulad,SVM,0,42,35pct,0.7837909468350447,0.8103005481261616,0.6788553259141494,0.631189948263119,0.7343078245915735,0.7185649599442703,0.4286328460877042,5742,0.4050853361198189,1,True,hybrid_tensor_parity
oulad,SVM,0,42,50pct,0.8250576948981752,0.8536931928699806,0.711055900621118,0.7460896767466111,0.6791646891314665,0.7894260365743255,0.4803037494067394,5523,0.38149556400506973,1,True,hybrid_tensor_parity
oulad,SVM,0,42,75pct,0.8816823585251112,0.9079228062385227,0.7777139574956922,0.782206816868862,0.7732724157624215,0.8502032126959551,0.5711022272986864,5167,0.3388813624927424,1,True,hybrid_tensor_parity
oulad,SVM,0,42,100pct,0.909659953544323,0.9302107000580749,0.8157534246575342,0.9084668192219679,0.7402113113735239,0.8929353233830846,0.6196395276569298,5025,0.3201990049751244,1,True,hybrid_tensor_parity
oulad,XGB,0,42,20pct,0.7692347771950174,0.7931715742947703,0.6853992530677574,0.6266666666666667,0.7562794348508635,0.7033372463525072,0.3959968602825746,5963,0.4273016937782995,1,True,hybrid_tensor_parity
oulad,XGB,0,42,35pct,0.804349289833715,0.8250608889228979,0.694105480868666,0.6687923475488242,0.7214101461736887,0.7424242424242424,0.4376612209802236,5742,0.4050853361198189,1,True,hybrid_tensor_parity
oulad,XGB,0,42,50pct,0.8539227147053232,0.8766764126270299,0.7323156310470866,0.6694182389937107,0.8082581869957285,0.7745790331341662,0.4973896535358329,5523,0.38149556400506973,1,True,hybrid_tensor_parity
oulad,XGB,0,42,75pct,0.8974054569552612,0.9208811926807967,0.7908002520478891,0.881939564300773,0.7167332952598515,0.8714921617960132,0.5819531696173615,5167,0.3388813624927424,1,True,hybrid_tensor_parity
oulad,XGB,0,42,100pct,0.9205201338666998,0.9400619757424209,0.8405797101449275,0.9449185415050426,0.7569919204474829,0.9080597014925373,0.6215040397762586,5025,0.3201990049751244,1,True,hybrid_tensor_parity
oulad,CatBoost,0,42,20pct,0.7653195263916949,0.7879466799671777,0.6773803352341455,0.605125038592158,0.7692307692307693,0.6869025658225726,0.3979591836734694,5963,0.4273016937782995,1,True,hybrid_tensor_parity
oulad,CatBoost,0,42,35pct,0.8024819213777474,0.8229521789122454,0.6935763888888888,0.7002629272567923,0.6870163370593293,0.7540926506443748,0.4402407566638005,5742,0.4050853361198189,1,True,hybrid_tensor_parity
oulad,CatBoost,0,42,50pct,0.8510928897761013,0.8744270242272607,0.7368421052631579,0.7264760147601476,0.7475083056478405,0.7963063552417164,0.49881347887992405,5523,0.38149556400506973,1,True,hybrid_tensor_parity
oulad,CatBoost,0,42,75pct,0.896770992170053,0.9202820870509592,0.7879936808846761,0.8818953323903819,0.712164477441462,0.8701374104896459,0.5819531696173615,5167,0.3388813624927424,1,True,hybrid_tensor_parity
oulad,CatBoost,0,42,100pct,0.9162584865644019,0.9367959865685264,0.8313699091215079,0.906754772393539,0.7675574891236793,0.9002985074626866,0.620261031696706,5025,0.3201990049751244,1,True,hybrid_tensor_parity
oulad,MLP,0,42,20pct,0.7231041741696548,0.7598559200682189,0.6587403598971723,0.5576713819368879,0.804552590266876,0.6438034546369277,0.3783359497645212,5963,0.4273016937782995,1,True,hybrid_tensor_parity
oulad,MLP,0,42,35pct,0.7677411270454595,0.794996825922622,0.6692015209125475,0.59986366734833,0.7566638005159071,0.696969696969697,0.4230438521066208,5742,0.4050853361198189,1,True,hybrid_tensor_parity
oulad,MLP,0,42,50pct,0.8144069632023672,0.8459412780416342,0.7105201772801493,0.6986238532110092,0.722828666350261,0.7753032772044179,0.47223540579022305,5523,0.38149556400506973,1,True,hybrid_tensor_parity
oulad,MLP,0,42,75pct,0.8733688997908802,0.9001315073220121,0.7751891074130106,0.8243243243243243,0.7315819531696174,0.8562028256241533,0.5648201027984009,5167,0.3388813624927424,1,True,hybrid_tensor_parity
oulad,MLP,0,42,100pct,0.9135991061814899,0.9311356785528707,0.8309415470773539,0.9511217948717948,0.7377252952144189,0.9038805970149254,0.6183965195773773,5025,0.3201990049751244,1,True,hybrid_tensor_parity
oulad,LR,0,1201,20pct,0.7562300122556396,0.7874852610263612,0.6814895155459146,0.6317024128686327,0.7397959183673469,0.7045111521046453,0.38657770800627944,5963,0.4273016937782995,1,True,hybrid_tensor_parity
oulad,LR,0,1201,35pct,0.7975786463173807,0.8223329695268435,0.6978021978021978,0.6418772563176895,0.764402407566638,0.7318007662835249,0.43594153052450557,5742,0.4050853361198189,1,True,hybrid_tensor_parity
oulad,LR,0,1201,50pct,0.8436490302541328,0.8704349502994922,0.7301663853387992,0.7421568627450981,0.7185571903179877,0.7973927213470939,0.4855244423350736,5523,0.38149556400506973,1,True,hybrid_tensor_parity
oulad,LR,0,1201,75pct,0.8910605048025075,0.9158851348911362,0.7829716193656093,0.7634291915355399,0.8035408338092519,0.8490419972904973,0.5750999428897773,5167,0.3388813624927424,1,True,hybrid_tensor_parity
oulad,LR,0,1201,100pct,0.919756997606315,0.9398849489769928,0.8307797071842016,0.9186746987951807,0.7582349285270354,0.9010945273631841,0.6208825357364823,5025,0.3201990049751244,1,True,hybrid_tensor_parity
oulad,DT,0,1201,20pct,0.7005728015151056,0.7253220164065177,0.6337551238638389,0.5804766568723474,0.6978021978021978,0.6553748113365756,0.3685243328100471,5963,0.4273016937782995,1,True,hybrid_tensor_parity
oulad,DT,0,1201,35pct,0.7415766551969443,0.7606001850580243,0.644435516271595,0.6048265460030166,0.6895958727429062,0.6917450365726228,0.4174548581255374,5742,0.4050853361198189,1,True,hybrid_tensor_parity
oulad,DT,0,1201,50pct,0.8041025088540965,0.8240694145421362,0.6966471527408196,0.7928528164748637,0.6212624584717608,0.7935904399782727,0.4760322733744661,5523,0.38149556400506973,1,True,hybrid_tensor_parity
oulad,DT,0,1201,75pct,0.8539326873858231,0.8781204149652859,0.7427240977881258,0.7572700296735905,0.728726442033124,0.828914263595897,0.575671045117076,5167,0.3388813624927424,1,True,hybrid_tensor_parity
oulad,DT,0,1201,100pct,0.8719015811107909,0.8942304193478429,0.7985739750445633,0.9364548494983278,0.6960845245494096,0.8875621890547264,0.6196395276569298,5025,0.3201990049751244,1,True,hybrid_tensor_parity
oulad,RF,0,1201,20pct,0.7535094748836628,0.7782797520404716,0.6701722574796011,0.6228513650151668,0.7252747252747253,0.6949522052658058,0.3873626373626374,5963,0.4273016937782995,1,True,hybrid_tensor_parity
oulad,RF,0,1201,35pct,0.7922310136989256,0.813681154488211,0.6892655367231638,0.6302101888136801,0.7605331040412726,0.7222222222222222,0.4342218400687876,5742,0.4050853361198189,1,True,hybrid_tensor_parity
oulad,RF,0,1201,50pct,0.8464800928142493,0.8677158162431684,0.7215059308922125,0.7899491812535291,0.6639772187944946,0.8044541010320478,0.4931181775035596,5523,0.38149556400506973,1,True,hybrid_tensor_parity
oulad,RF,0,1201,75pct,0.8923253365834789,0.9142169680222878,0.7872919818456884,0.8371943371943372,0.7430039977155911,0.8639442616605381,0.5813820673900628,5167,0.3388813624927424,1,True,hybrid_tensor_parity
oulad,RF,0,1201,100pct,0.9132892679591271,0.932613388099435,0.8307480179248535,0.9326625386996904,0.7489123679303915,0.9022885572139303,0.620261031696706,5025,0.3201990049751244,1,True,hybrid_tensor_parity
oulad,SVM,0,1201,20pct,0.7324690547165033,0.7642837605816062,0.6651728553137004,0.5616216216216217,0.8155416012558869,0.6491698809324166,0.3716640502354788,5963,0.4273016937782995,1,True,hybrid_tensor_parity
oulad,SVM,0,1201,35pct,0.7837909468350447,0.8103005481261616,0.6788553259141494,0.631189948263119,0.7343078245915735,0.7185649599442703,0.4286328460877042,5742,0.4050853361198189,1,True,hybrid_tensor_parity
oulad,SVM,0,1201,50pct,0.8250576948981752,0.8536931928699806,0.711055900621118,0.7460896767466111,0.6791646891314665,0.7894260365743255,0.4803037494067394,5523,0.38149556400506973,1,True,hybrid_tensor_parity
oulad,SVM,0,1201,75pct,0.8816823585251112,0.9079228062385227,0.7777139574956922,0.782206816868862,0.7732724157624215,0.8502032126959551,0.5711022272986864,5167,0.3388813624927424,1,True,hybrid_tensor_parity
oulad,SVM,0,1201,100pct,0.909659953544323,0.9302107000580749,0.8157534246575342,0.9084668192219679,0.7402113113735239,0.8929353233830846,0.6196395276569298,5025,0.3201990049751244,1,True,hybrid_tensor_parity
oulad,XGB,0,1201,20pct,0.7685882800298354,0.7924624946273138,0.6854625550660793,0.622001918771986,0.7633437990580848,0.7006540332047627,0.39481946624803765,5963,0.4273016937782995,1,True,hybrid_tensor_parity
oulad,XGB,0,1201,35pct,0.8037504388541516,0.824203057384097,0.6940250903678503,0.6865797223390829,0.7016337059329321,0.7493904562870081,0.4355116079105761,5742,0.4050853361198189,1,True,hybrid_tensor_parity
oulad,XGB,0,1201,50pct,0.8533881438739387,0.8758547398045324,0.7343173431734318,0.7142216240466577,0.7555766492643569,0.7914177077675176,0.49644043663977216,5523,0.38149556400506973,1,True,hybrid_tensor_parity
oulad,XGB,0,1201,75pct,0.8974590582816853,0.9204394076586546,0.7945205479452054,0.8733744010951403,0.728726442033124,0.8722663053996517,0.5813820673900628,5167,0.3388813624927424,1,True,hybrid_tensor_parity
oulad,XGB,0,1201,100pct,0.9200822573735415,0.939047847077985,0.8342391304347826,0.9198501872659176,0.7632069608452455,0.9028855721393034,0.6215040397762586,5025,0.3201990049751244,1,True,hybrid_tensor_parity
oulad,CatBoost,0,1201,20pct,0.7668899228857884,0.7893340397314461,0.6841741534208707,0.6111111111111112,0.7770800627943485,0.6934428978701995,0.3967817896389325,5963,0.4273016937782995,1,True,hybrid_tensor_parity
oulad,CatBoost,0,1201,35pct,0.8011477138884648,0.8217809040859765,0.69172314643664,0.66220998820291,0.7239896818572656,0.7385928247997213,0.43895098882201206,5742,0.4050853361198189,1,True,hybrid_tensor_parity
oulad,CatBoost,0,1201,50pct,0.8514189097481911,0.8745128872310322,0.7412322274881517,0.7401798390913393,0.7422876127195064,0.8022813688212928,0.49691504508780254,5523,0.38149556400506973,1,True,hybrid_tensor_parity
oulad,CatBoost,0,1201,75pct,0.8975282609410993,0.9206111061327285,0.794435857805255,0.8659029649595688,0.7338663620788121,0.8712986258951035,0.5808109651627641,5167,0.3388813624927424,1,True,hybrid_tensor_parity
oulad,CatBoost,0,1201,100pct,0.9177690650207155,0.938128690635084,0.8304907761921336,0.9438291139240507,0.7414543194530765,0.9030845771144279,0.6215040397762586,5025,0.3201990049751244,1,True,hybrid_tensor_parity
oulad,MLP,0,1201,20pct,0.6876896021297106,0.7347051400805846,0.6421393289047862,0.567258501354198,0.7397959183673469,0.6476605735368103,0.3555729984301413,5963,0.4273016937782995,1,True,hybrid_tensor_parity
oulad,MLP,0,1201,35pct,0.7431123272872502,0.7783224107482668,0.6556463595839525,0.5771746239372139,0.7588134135855547,0.677115987460815,0.4114359415305245,5742,0.4050853361198189,1,True,hybrid_tensor_parity
oulad,MLP,0,1201,50pct,0.7912894855672155,0.8324955901428159,0.6969972702456779,0.6692878986456968,0.7271001423825344,0.7588267246061923,0.4560987185571903,5523,0.38149556400506973,1,True,hybrid_tensor_parity
oulad,MLP,0,1201,75pct,0.8637978570071426,0.8953695914144745,0.7663995250816266,0.7978986402966626,0.7372929754426042,0.84768724598413,0.5613934894346088,5167,0.3388813624927424,1,True,hybrid_tensor_parity
oulad,MLP,0,1201,100pct,0.9030320036963704,0.9248862516611043,0.81669449081803,0.8823953823953824,0.7600994406463643,0.8907462686567165,0.6171535114978247,5025,0.3201990049751244,1,True,hybrid_tensor_parity
oulad,LR,0,2026,20pct,0.7562300122556396,0.7874852610263612,0.6814895155459146,0.6317024128686327,0.7397959183673469,0.7045111521046453,0.38657770800627944,5963,0.4273016937782995,1,True,hybrid_tensor_parity
oulad,LR,0,2026,35pct,0.7975786463173807,0.8223329695268435,0.6978021978021978,0.6418772563176895,0.764402407566638,0.7318007662835249,0.43594153052450557,5742,0.4050853361198189,1,True,hybrid_tensor_parity
oulad,LR,0,2026,50pct,0.8436490302541328,0.8704349502994922,0.7301663853387992,0.7421568627450981,0.7185571903179877,0.7973927213470939,0.4855244423350736,5523,0.38149556400506973,1,True,hybrid_tensor_parity
oulad,LR,0,2026,75pct,0.8910605048025075,0.9158851348911362,0.7829716193656093,0.7634291915355399,0.8035408338092519,0.8490419972904973,0.5750999428897773,5167,0.3388813624927424,1,True,hybrid_tensor_parity
oulad,LR,0,2026,100pct,0.919756997606315,0.9398849489769928,0.8307797071842016,0.9186746987951807,0.7582349285270354,0.9010945273631841,0.6208825357364823,5025,0.3201990049751244,1,True,hybrid_tensor_parity
oulad,DT,0,2026,20pct,0.7035178957416852,0.7262631846296351,0.6337551238638389,0.5804766568723474,0.6978021978021978,0.6553748113365756,0.37009419152276296,5963,0.4273016937782995,1,True,hybrid_tensor_parity
oulad,DT,0,2026,35pct,0.7411648134348621,0.76073868910856,0.644435516271595,0.6048265460030166,0.6895958727429062,0.6917450365726228,0.4165950128976784,5742,0.4050853361198189,1,True,hybrid_tensor_parity
oulad,DT,0,2026,50pct,0.8039863634334387,0.8245650024619618,0.6968085106382979,0.7924984875983061,0.6217370669197911,0.7935904399782727,0.4760322733744661,5523,0.38149556400506973,1,True,hybrid_tensor_parity
oulad,DT,0,2026,75pct,0.8535495314228942,0.8782179671168164,0.7427240977881258,0.7572700296735905,0.728726442033124,0.828914263595897,0.5745288406624786,5167,0.3388813624927424,1,True,hybrid_tensor_parity
oulad,DT,0,2026,100pct,0.872354643474156,0.8950839867373657,0.7990021382751248,0.9365079365079365,0.6967060285891858,0.8877611940298508,0.6196395276569298,5025,0.3201990049751244,1,True,hybrid_tensor_parity
oulad,RF,0,2026,20pct,0.7533110512288486,0.7784286932477688,0.6721011478955249,0.5833092694195784,0.792778649921507,0.6694616803622337,0.3873626373626374,5963,0.4273016937782995,1,True,hybrid_tensor_parity
oulad,RF,0,2026,35pct,0.7920547821483234,0.8138771116046887,0.6835300730747611,0.6057788110262371,0.7841788478073947,0.7058516196447231,0.43207222699914016,5742,0.4050853361198189,1,True,hybrid_tensor_parity
oulad,RF,0,2026,50pct,0.8462592044957208,0.867853085899683,0.7237214083783089,0.7892376681614349,0.668248694826768,0.8053594061198623,0.4931181775035596,5523,0.38149556400506973,1,True,hybrid_tensor_parity
oulad,RF,0,2026,75pct,0.8923975415563785,0.9146757222704457,0.7864551555826723,0.8441388343156516,0.7361507709880069,0.8645248693632669,0.5808109651627641,5167,0.3388813624927424,1,True,hybrid_tensor_parity
oulad,RF,0,2026,100pct,0.9123720099527887,0.9320288177013665,0.8304093567251462,0.9298921417565486,0.7501553760099441,0.9018905472636816,0.620261031696706,5025,0.3201990049751244,1,True,hybrid_tensor_parity
oulad,SVM,0,2026,20pct,0.7324690547165033,0.7642837605816062,0.6651728553137004,0.5616216216216217,0.8155416012558869,0.6491698809324166,0.3716640502354788,5963,0.4273016937782995,1,True,hybrid_tensor_parity
oulad,SVM,0,2026,35pct,0.7837909468350447,0.8103005481261616,0.6788553259141494,0.631189948263119,0.7343078245915735,0.7185649599442703,0.4286328460877042,5742,0.4050853361198189,1,True,hybrid_tensor_parity
oulad,SVM,0,2026,50pct,0.8250576948981752,0.8536931928699806,0.711055900621118,0.7460896767466111,0.6791646891314665,0.7894260365743255,0.4803037494067394,5523,0.38149556400506973,1,True,hybrid_tensor_parity
oulad,SVM,0,2026,75pct,0.8816823585251112,0.9079228062385227,0.7777139574956922,0.782206816868862,0.7732724157624215,0.8502032126959551,0.5711022272986864,5167,0.3388813624927424,1,True,hybrid_tensor_parity
oulad,SVM,0,2026,100pct,0.909659953544323,0.9302107000580749,0.8157534246575342,0.9084668192219679,0.7402113113735239,0.8929353233830846,0.6196395276569298,5025,0.3201990049751244,1,True,hybrid_tensor_parity
oulad,XGB,0,2026,20pct,0.7680514499182473,0.7923737734760534,0.6848222029488291,0.6136151694124962,0.7747252747252747,0.6952876069092738,0.39481946624803765,5963,0.4273016937782995,1,True,hybrid_tensor_parity
oulad,XGB,0,2026,35pct,0.8030153801587656,0.8236839661015584,0.691701244813278,0.6684041700080192,0.7166809974204643,0.7412051549982585,0.43637145313843506,5742,0.4050853361198189,1,True,hybrid_tensor_parity
oulad,XGB,0,2026,50pct,0.8533685393092135,0.8760288277393633,0.7366666666666667,0.7391304347826086,0.7342192691029901,0.7997465145754119,0.49644043663977216,5523,0.38149556400506973,1,True,hybrid_tensor_parity
oulad,XGB,0,2026,75pct,0.8971943166595339,0.920376211920388,0.7954475545985851,0.862,0.7384351798972016,0.8712986258951035,0.5825242718446602,5167,0.3388813624927424,1,True,hybrid_tensor_parity
oulad,XGB,0,2026,100pct,0.9197290679465976,0.9390574898514357,0.8343685300207039,0.9379363847944143,0.7513983840894966,0.9044776119402985,0.6215040397762586,5025,0.3201990049751244,1,True,hybrid_tensor_parity
oulad,CatBoost,0,2026,20pct,0.7634433460243353,0.7877592392965747,0.6795039164490861,0.5815642458100558,0.8171114599686028,0.6706355861143719,0.39717425431711145,5963,0.4273016937782995,1,True,hybrid_tensor_parity
oulad,CatBoost,0,2026,35pct,0.8011209957586483,0.8227545856734079,0.6898910023509297,0.685932851678708,0.6938950988822012,0.7473005921281783,0.4380911435941531,5742,0.4050853361198189,1,True,hybrid_tensor_parity
oulad,CatBoost,0,2026,50pct,0.8495270842112609,0.8739283796956504,0.7349132665526509,0.75730110775428,0.7138111058376839,0.8035487959442332,0.4959658281917418,5523,0.38149556400506973,1,True,hybrid_tensor_parity
oulad,CatBoost,0,2026,75pct,0.8931894694415514,0.9172590570527113,0.7862547288776797,0.8775510204081632,0.712164477441462,0.8687826591832785,0.5808109651627641,5167,0.3388813624927424,1,True,hybrid_tensor_parity
oulad,CatBoost,0,2026,100pct,0.914909005151408,0.9358335286146573,0.8280773143438453,0.9111940298507463,0.7588564325668117,0.8991044776119403,0.6215040397762586,5025,0.3201990049751244,1,True,hybrid_tensor_parity
oulad,MLP,0,2026,20pct,0.705131403848507,0.747784901774653,0.6515249837767684,0.5553097345132744,0.7880690737833596,0.6397786349153111,0.36930926216640503,5963,0.4273016937782995,1,True,hybrid_tensor_parity
oulad,MLP,0,2026,35pct,0.7573664332959535,0.7877288557614665,0.6628188419288773,0.5845648604269293,0.765262252794497,0.6846046673632881,0.4140154772141015,5742,0.4050853361198189,1,True,hybrid_tensor_parity
oulad,MLP,0,2026,50pct,0.8071203014655901,0.8400318749034388,0.70501999111506,0.6626304801670146,0.7532036070242051,0.759550968676444,0.4712861888941623,5523,0.38149556400506973,1,True,hybrid_tensor_parity
oulad,MLP,0,2026,75pct,0.8654522243077345,0.8960765310421479,0.7679708826205641,0.8188874514877102,0.7230154197601371,0.8519450358041417,0.5613934894346088,5167,0.3388813624927424,1,True,hybrid_tensor_parity
oulad,MLP,0,2026,100pct,0.9086161374556695,0.9280372553100752,0.8209150326797385,0.8656099241902137,0.7806090739589807,0.8909452736318408,0.6208825357364823,5025,0.3201990049751244,1,True,hybrid_tensor_parity
oulad,LR,1,42,20pct,0.7566002296079237,0.7844372008150717,0.6788437666252882,0.616822429906542,0.7547318611987381,0.6937774771728102,0.3911671924290221,5914,0.4288129861345959,1,True,hybrid_tensor_parity
oulad,LR,1,42,35pct,0.7977210194644696,0.8241201611861164,0.7021362353889561,0.6475836431226766,0.766725352112676,0.7384533710847637,0.43882042253521125,5651,0.40205273402937536,1,True,hybrid_tensor_parity
oulad,LR,1,42,50pct,0.8438168081817016,0.8699765388794576,0.7299118714359772,0.7800554016620499,0.685825621042377,0.8082090925823671,0.49245007306380906,5433,0.3778759433094055,1,True,hybrid_tensor_parity
oulad,LR,1,42,75pct,0.8850400814359207,0.9108206561427215,0.7847201658276577,0.8064516129032258,0.7641291810841984,0.8578412201798983,0.5709342560553633,5114,0.33906922174423154,1,True,hybrid_tensor_parity
oulad,LR,1,42,100pct,0.9181443355408786,0.9349387428158002,0.8327086882453152,0.9174174174174174,0.7623206487835309,0.9014649809351796,0.619463505926388,4983,0.3216937587798515,1,True,hybrid_tensor_parity
oulad,DT,1,42,20pct,0.7107337964595073,0.7440415739812072,0.6589147286821705,0.5579868708971554,0.804416403785489,0.6428812986134596,0.3718454258675079,5914,0.4288129861345959,1,True,hybrid_tensor_parity
oulad,DT,1,42,35pct,0.753047919325943,0.7793146958846896,0.6645030425963488,0.6162528216704289,0.7209507042253521,0.7073084409838967,0.43133802816901406,5651,0.40205273402937536,1,True,hybrid_tensor_parity
oulad,DT,1,42,50pct,0.7938258702060925,0.8238058318465977,0.699921239170386,0.7591116173120729,0.6492937165124208,0.7896189950303699,0.4846566000974184,5433,0.3778759433094055,1,True,hybrid_tensor_parity
oulad,DT,1,42,75pct,0.8434891048917652,0.8655709342560554,0.7621567978828978,0.8937160589604345,0.6643598615916955,0.8594055533828705,0.5715109573241061,5114,0.33906922174423154,1,True,hybrid_tensor_parity
oulad,DT,1,42,100pct,0.8778718362263191,0.893926052113825,0.8101963486048915,0.9046153846153846,0.7336244541484717,0.8894240417419226,0.6150966936993137,4983,0.3216937587798515,1,True,hybrid_tensor_parity
oulad,RF,1,42,20pct,0.7616118113378787,0.7876311137383665,0.6804993845612801,0.6140907648365598,0.76301261829653,0.6927629354075077,0.38998422712933756,5914,0.4288129861345959,1,True,hybrid_tensor_parity
oulad,RF,1,42,35pct,0.7999258101999465,0.8233447369627651,0.6949152542372882,0.7043399638336347,0.6857394366197183,0.7579189523978057,0.4423415492957746,5651,0.40205273402937536,1,True,hybrid_tensor_parity
oulad,RF,1,42,50pct,0.8467842111904685,0.8689181944736668,0.736323311976343,0.7451371571072319,0.7277155382367267,0.8030554021719124,0.49585971748660496,5433,0.3778759433094055,1,True,hybrid_tensor_parity
oulad,RF,1,42,75pct,0.8865482390146768,0.906720275997625,0.7796610169491526,0.896551724137931,0.6897347174163783,0.8678138443488463,0.580161476355248,5114,0.33906922174423154,1,True,hybrid_tensor_parity
oulad,RF,1,42,100pct,0.9125194896248703,0.9279433532540688,0.8304907761921336,0.9393700787401574,0.7442295695570805,0.9022677102147301,0.6213349968808484,4983,0.3216937587798515,1,True,hybrid_tensor_parity
oulad,SVM,1,42,20pct,0.72602475981887,0.7584144156006671,0.6627426026089723,0.5554666666666667,0.8213722397476341,0.6415285762597227,0.37618296529968454,5914,0.4288129861345959,1,True,hybrid_tensor_parity
oulad,SVM,1,42,35pct,0.7851646239222425,0.8129035384249861,0.6909693454846727,0.6525821596244131,0.7341549295774648,0.7359759334631039,0.43661971830985913,5651,0.40205273402937536,1,True,hybrid_tensor_parity
oulad,SVM,1,42,50pct,0.8275111904476112,0.8565841011998605,0.7127045235803657,0.7042320494531622,0.7213833414515344,0.7802319160684704,0.4880662445202143,5433,0.3778759433094055,1,True,hybrid_tensor_parity
oulad,SVM,1,42,75pct,0.8772010432254858,0.9036932768234338,0.7745839636913767,0.8147676639083387,0.7381776239907728,0.8543214704732108,0.5703575547866205,5114,0.33906922174423154,1,True,hybrid_tensor_parity
oulad,SVM,1,42,100pct,0.9058938650121121,0.9215692100979302,0.8207115181401902,0.9425566343042071,0.7267623206487835,0.8978526991772025,0.6188396756082346,4983,0.3216937587798515,1,True,hybrid_tensor_parity
oulad,XGB,1,42,20pct,0.7692345385582526,0.7957126087711729,0.6917293233082706,0.6214263273641218,0.7799684542586751,0.7018938112952317,0.3955047318611987,5914,0.4288129861345959,1,True,hybrid_tensor_parity
oulad,XGB,1,42,35pct,0.8088928250635616,0.8331603076583205,0.7085836909871245,0.6913735343383585,0.7266725352112676,0.7596885506989913,0.44278169014084506,5651,0.40205273402937536,1,True,hybrid_tensor_parity
oulad,XGB,1,42,50pct,0.8541240602250639,0.87694483754471,0.7437437437437437,0.7647967061245496,0.7238188017535314,0.8115221792748021,0.4997564539698003,5433,0.3778759433094055,1,True,hybrid_tensor_parity
oulad,XGB,1,42,75pct,0.8939823102839983,0.9158420521010354,0.7884615384615384,0.8874458874458875,0.7093425605536332,0.8709425107547908,0.5813148788927336,5114,0.33906922174423154,1,True,hybrid_tensor_parity
oulad,XGB,1,42,100pct,0.9193297783946488,0.9352619164510331,0.8388675288360713,0.9538950715421304,0.7485963817841547,0.9074854505318082,0.6219588271990019,4983,0.3216937587798515,1,True,hybrid_tensor_parity
oulad,CatBoost,1,42,20pct,0.7659056299269649,0.7920756967051603,0.6865872083263388,0.597778427360421,0.8063880126182965,0.684308420696652,0.39629337539432175,5914,0.4288129861345959,1,True,hybrid_tensor_parity
oulad,CatBoost,1,42,35pct,0.8034038602175021,0.8278820042182661,0.7027251924277096,0.6662721893491125,0.7433978873239436,0.7471244027605733,0.44058098591549294,5651,0.40205273402937536,1,True,hybrid_tensor_parity
oulad,CatBoost,1,42,50pct,0.8500520637525869,0.8730724556645348,0.7382121807465619,0.7444279346210996,0.7320993667803215,0.8037916436591201,0.4968339016074038,5433,0.3778759433094055,1,True,hybrid_tensor_parity
oulad,CatBoost,1,42,75pct,0.8897867291732581,0.9122158295967187,0.7882124352331606,0.8988183161004432,0.701845444059977,0.8721157606570199,0.5784313725490197,5114,0.33906922174423154,1,True,hybrid_tensor_parity
oulad,CatBoost,1,42,100pct,0.9133784708572171,0.9306793475251655,0.826629680998613,0.9305230288836847,0.743605739238927,0.899658840056191,0.6200873362445415,4983,0.3216937587798515,1,True,hybrid_tensor_parity
oulad,MLP,1,42,20pct,0.7108978983581105,0.7496537719480101,0.6525660964230171,0.5387776065742167,0.8272870662460567,0.6222522827189719,0.36790220820189273,5914,0.4288129861345959,1,True,hybrid_tensor_parity
oulad,MLP,1,42,35pct,0.7649229967401406,0.7952964066583579,0.6638593921640424,0.5683385579937305,0.797975352112676,0.6751017519023181,0.4216549295774648,5651,0.40205273402937536,1,True,hybrid_tensor_parity
oulad,MLP,1,42,50pct,0.817047143537512,0.8459391221390546,0.7116564417177914,0.748789671866595,0.6780321480759863,0.7923799006073993,0.48416950803701897,5433,0.3778759433094055,1,True,hybrid_tensor_parity
oulad,MLP,1,42,75pct,0.87288707579691,0.8985913474335087,0.7692760447321955,0.7854567307692307,0.7537485582468282,0.8466953461087211,0.566320645905421,5114,0.33906922174423154,1,True,hybrid_tensor_parity
oulad,MLP,1,42,100pct,0.9099933003963364,0.9272887005503734,0.8226902173913043,0.9030574198359433,0.7554585152838428,0.8952438290186635,0.6163443543356207,4983,0.3216937587798515,1,True,hybrid_tensor_parity
oulad,LR,1,1201,20pct,0.7566002296079237,0.7844372008150717,0.6788437666252882,0.616822429906542,0.7547318611987381,0.6937774771728102,0.3911671924290221,5914,0.4288129861345959,1,True,hybrid_tensor_parity
oulad,LR,1,1201,35pct,0.7977210194644696,0.8241201611861164,0.7021362353889561,0.6475836431226766,0.766725352112676,0.7384533710847637,0.43882042253521125,5651,0.40205273402937536,1,True,hybrid_tensor_parity
oulad,LR,1,1201,50pct,0.8438168081817016,0.8699765388794576,0.7299118714359772,0.7800554016620499,0.685825621042377,0.8082090925823671,0.49245007306380906,5433,0.3778759433094055,1,True,hybrid_tensor_parity
oulad,LR,1,1201,75pct,0.8850400814359207,0.9108206561427215,0.7847201658276577,0.8064516129032258,0.7641291810841984,0.8578412201798983,0.5709342560553633,5114,0.33906922174423154,1,True,hybrid_tensor_parity
oulad,LR,1,1201,100pct,0.9181443355408786,0.9349387428158002,0.8327086882453152,0.9174174174174174,0.7623206487835309,0.9014649809351796,0.619463505926388,4983,0.3216937587798515,1,True,hybrid_tensor_parity
oulad,DT,1,1201,20pct,0.7106702862465759,0.7438276036442897,0.6589147286821705,0.5579868708971554,0.804416403785489,0.6428812986134596,0.3718454258675079,5914,0.4288129861345959,1,True,hybrid_tensor_parity
oulad,DT,1,1201,35pct,0.7531709806721426,0.7796471787219319,0.6645030425963488,0.6162528216704289,0.7209507042253521,0.7073084409838967,0.43133802816901406,5651,0.40205273402937536,1,True,hybrid_tensor_parity
oulad,DT,1,1201,50pct,0.7937873296148976,0.8236328276991096,0.7001050420168067,0.7595441595441595,0.6492937165124208,0.7898030554021719,0.4870920603994155,5433,0.3778759433094055,1,True,hybrid_tensor_parity
oulad,DT,1,1201,75pct,0.8437057743823132,0.865095070398504,0.7610853739245532,0.8928571428571429,0.6632064590542099,0.858818928431756,0.5709342560553633,5114,0.33906922174423154,1,True,hybrid_tensor_parity
oulad,DT,1,1201,100pct,0.8777855966107164,0.8943410469275433,0.8100481761871989,0.9033000767459708,0.734248284466625,0.8892233594220349,0.6138490330630069,4983,0.3216937587798515,1,True,hybrid_tensor_parity
oulad,RF,1,1201,20pct,0.761350839691927,0.7870266738013459,0.6814268142681427,0.6145800316957211,0.764589905362776,0.6934392965843761,0.388801261829653,5914,0.4288129861345959,1,True,hybrid_tensor_parity
oulad,RF,1,1201,35pct,0.7996130611406846,0.8233883732998762,0.6963682432432432,0.669237012987013,0.7257922535211268,0.7455317642895063,0.4423415492957746,5651,0.40205273402937536,1,True,hybrid_tensor_parity
oulad,RF,1,1201,50pct,0.8466698022488165,0.8686064843770267,0.7360725989412654,0.7628004179728317,0.7111544081831466,0.8072887907233572,0.4963468095470044,5433,0.3778759433094055,1,True,hybrid_tensor_parity
oulad,RF,1,1201,75pct,0.8875895323398414,0.9081451376234448,0.7833228048010107,0.8659217877094972,0.7151095732410612,0.865858427845131,0.580161476355248,5114,0.33906922174423154,1,True,hybrid_tensor_parity
oulad,RF,1,1201,100pct,0.9134092642474377,0.9287598696231547,0.8314840499306518,0.9359875097580016,0.7479725514660013,0.9024683925346177,0.6219588271990019,4983,0.3216937587798515,1,True,hybrid_tensor_parity
oulad,SVM,1,1201,20pct,0.72602475981887,0.7584144156006671,0.6627426026089723,0.5554666666666667,0.8213722397476341,0.6415285762597227,0.37618296529968454,5914,0.4288129861345959,1,True,hybrid_tensor_parity
oulad,SVM,1,1201,35pct,0.7851646239222425,0.8129035384249861,0.6909693454846727,0.6525821596244131,0.7341549295774648,0.7359759334631039,0.43661971830985913,5651,0.40205273402937536,1,True,hybrid_tensor_parity
oulad,SVM,1,1201,50pct,0.8275111904476112,0.8565841011998605,0.7127045235803657,0.7042320494531622,0.7213833414515344,0.7802319160684704,0.4880662445202143,5433,0.3778759433094055,1,True,hybrid_tensor_parity
oulad,SVM,1,1201,75pct,0.8772010432254858,0.9036932768234338,0.7745839636913767,0.8147676639083387,0.7381776239907728,0.8543214704732108,0.5703575547866205,5114,0.33906922174423154,1,True,hybrid_tensor_parity
oulad,SVM,1,1201,100pct,0.9058938650121121,0.9215692100979302,0.8207115181401902,0.9425566343042071,0.7267623206487835,0.8978526991772025,0.6188396756082346,4983,0.3216937587798515,1,True,hybrid_tensor_parity
oulad,XGB,1,1201,20pct,0.7687259354398601,0.7942465092367947,0.6878980891719745,0.6104491292392301,0.7878548895899053,0.6934392965843761,0.3951104100946372,5914,0.4288129861345959,1,True,hybrid_tensor_parity
oulad,XGB,1,1201,35pct,0.8072399288237218,0.8317913641213961,0.7048064653339005,0.6818930041152264,0.7293133802816901,0.7543797557954345,0.4449823943661972,5651,0.40205273402937536,1,True,hybrid_tensor_parity
oulad,XGB,1,1201,50pct,0.853979044060561,0.8764339673215988,0.7410735398439348,0.7201286764705882,0.763273258645884,0.7984538928768636,0.5021919142717973,5433,0.3778759433094055,1,True,hybrid_tensor_parity
oulad,XGB,1,1201,75pct,0.8939305424147784,0.9157490632869926,0.7885235332043843,0.8940058479532164,0.7053056516724336,0.8717246773562769,0.5818915801614764,5114,0.33906922174423154,1,True,hybrid_tensor_parity
oulad,XGB,1,1201,100pct,0.9194193164808887,0.935336296219736,0.8422138191818495,0.9379785604900459,0.7641921397379913,0.9078868151715834,0.6219588271990019,4983,0.3216937587798515,1,True,hybrid_tensor_parity
oulad,CatBoost,1,1201,20pct,0.7622588523226415,0.7884758471497704,0.6830892143808256,0.5910138248847926,0.8091482649842271,0.6780520798106189,0.3919558359621451,5914,0.4288129861345959,1,True,hybrid_tensor_parity
oulad,CatBoost,1,1201,35pct,0.8007780313409352,0.8249348581128678,0.6984126984126984,0.6996466431095406,0.6971830985915493,0.7579189523978057,0.4423415492957746,5651,0.40205273402937536,1,True,hybrid_tensor_parity
oulad,CatBoost,1,1201,50pct,0.8484762671505555,0.8710982917191469,0.7338266889472428,0.7195692883895131,0.7486604968339016,0.7947726854408246,0.4978080857282026,5433,0.3778759433094055,1,True,hybrid_tensor_parity
oulad,CatBoost,1,1201,75pct,0.889124904118578,0.9119276495840243,0.7884146341463415,0.8363518758085382,0.745674740484429,0.8642940946421588,0.5767012687427913,5114,0.33906922174423154,1,True,hybrid_tensor_parity
oulad,CatBoost,1,1201,100pct,0.9135863227315552,0.9309244500880376,0.828437917222964,0.8908829863603733,0.7741734248284466,0.8968492875777644,0.6188396756082346,4983,0.3216937587798515,1,True,hybrid_tensor_parity
oulad,MLP,1,1201,20pct,0.70359549424405,0.7467205222884017,0.6510554089709762,0.5595238095238095,0.7783911671924291,0.6422049374365911,0.3627760252365931,5914,0.4288129861345959,1,True,hybrid_tensor_parity
oulad,MLP,1,1201,35pct,0.7532358447097124,0.7927136565322686,0.6648986550483046,0.5836381775856335,0.7724471830985915,0.6869580605202619,0.41153169014084506,5651,0.40205273402937536,1,True,hybrid_tensor_parity
oulad,MLP,1,1201,50pct,0.8094890911135046,0.8412240565833806,0.7004887130556202,0.6706773618538324,0.7330735509011204,0.763114301490889,0.47929858743302484,5433,0.3778759433094055,1,True,hybrid_tensor_parity
oulad,MLP,1,1201,75pct,0.8612766509649565,0.8922869617739193,0.7574812967581047,0.8242876526458616,0.7006920415224913,0.8478685960109503,0.5622837370242214,5114,0.33906922174423154,1,True,hybrid_tensor_parity
oulad,MLP,1,1201,100pct,0.9041090838987013,0.923273023583739,0.8161494828161495,0.8773314203730272,0.7629444791016844,0.8894240417419226,0.6157205240174672,4983,0.3216937587798515,1,True,hybrid_tensor_parity
oulad,LR,1,2026,20pct,0.7566002296079237,0.7844372008150717,0.6788437666252882,0.616822429906542,0.7547318611987381,0.6937774771728102,0.3911671924290221,5914,0.4288129861345959,1,True,hybrid_tensor_parity
oulad,LR,1,2026,35pct,0.7977210194644696,0.8241201611861164,0.7021362353889561,0.6475836431226766,0.766725352112676,0.7384533710847637,0.43882042253521125,5651,0.40205273402937536,1,True,hybrid_tensor_parity
oulad,LR,1,2026,50pct,0.8438168081817016,0.8699765388794576,0.7299118714359772,0.7800554016620499,0.685825621042377,0.8082090925823671,0.49245007306380906,5433,0.3778759433094055,1,True,hybrid_tensor_parity
oulad,LR,1,2026,75pct,0.8850400814359207,0.9108206561427215,0.7847201658276577,0.8064516129032258,0.7641291810841984,0.8578412201798983,0.5709342560553633,5114,0.33906922174423154,1,True,hybrid_tensor_parity
oulad,LR,1,2026,100pct,0.9181443355408786,0.9349387428158002,0.8327086882453152,0.9174174174174174,0.7623206487835309,0.9014649809351796,0.619463505926388,4983,0.3216937587798515,1,True,hybrid_tensor_parity
oulad,DT,1,2026,20pct,0.7109537820703872,0.7439250751289193,0.6589147286821705,0.5579868708971554,0.804416403785489,0.6428812986134596,0.37302839116719244,5914,0.4288129861345959,1,True,hybrid_tensor_parity
oulad,DT,1,2026,35pct,0.7534746889178927,0.7797435043078832,0.6636971046770601,0.6145481814773154,0.7213908450704225,0.7060697221730667,0.4335387323943662,5651,0.40205273402937536,1,True,hybrid_tensor_parity
oulad,DT,1,2026,50pct,0.793329838319835,0.8230432733739339,0.6990036706869428,0.7569562748438388,0.6492937165124208,0.7886986931713602,0.4870920603994155,5433,0.3778759433094055,1,True,hybrid_tensor_parity
oulad,DT,1,2026,75pct,0.8432899407098319,0.8657970079782695,0.7492483463619964,0.7826633165829145,0.7185697808535179,0.8369182635901447,0.5703575547866205,5114,0.33906922174423154,1,True,hybrid_tensor_parity
oulad,DT,1,2026,100pct,0.8783833890771654,0.895292941858276,0.8103270223752151,0.9039938556067588,0.734248284466625,0.8894240417419226,0.6144728633811604,4983,0.3216937587798515,1,True,hybrid_tensor_parity
oulad,RF,1,2026,20pct,0.7616144624306652,0.7877574181052758,0.6769432600852738,0.5794497473329591,0.8138801261829653,0.6668921203922895,0.388801261829653,5914,0.4288129861345959,1,True,hybrid_tensor_parity
oulad,RF,1,2026,35pct,0.8007216135134223,0.8249088716971853,0.6946448087431694,0.6899696048632219,0.6993838028169014,0.7527871173243673,0.4423415492957746,5651,0.40205273402937536,1,True,hybrid_tensor_parity
oulad,RF,1,2026,50pct,0.8468974172709046,0.8690254123709855,0.7318533300074832,0.75,0.7145640526059425,0.8021351003129026,0.49585971748660496,5433,0.3778759433094055,1,True,hybrid_tensor_parity
oulad,RF,1,2026,75pct,0.887788073106446,0.9081512800038218,0.7822164948453608,0.8861313868613139,0.7001153402537486,0.8678138443488463,0.580161476355248,5114,0.33906922174423154,1,True,hybrid_tensor_parity
oulad,RF,1,2026,100pct,0.9132357840355577,0.9289496026311611,0.8294384373910011,0.9406645569620253,0.7417342482844667,0.9018663455749548,0.6213349968808484,4983,0.3216937587798515,1,True,hybrid_tensor_parity
oulad,SVM,1,2026,20pct,0.72602475981887,0.7584144156006671,0.6627426026089723,0.5554666666666667,0.8213722397476341,0.6415285762597227,0.37618296529968454,5914,0.4288129861345959,1,True,hybrid_tensor_parity
oulad,SVM,1,2026,35pct,0.7851646239222425,0.8129035384249861,0.6909693454846727,0.6525821596244131,0.7341549295774648,0.7359759334631039,0.43661971830985913,5651,0.40205273402937536,1,True,hybrid_tensor_parity
oulad,SVM,1,2026,50pct,0.8275111904476112,0.8565841011998605,0.7127045235803657,0.7042320494531622,0.7213833414515344,0.7802319160684704,0.4880662445202143,5433,0.3778759433094055,1,True,hybrid_tensor_parity
oulad,SVM,1,2026,75pct,0.8772010432254858,0.9036932768234338,0.7745839636913767,0.8147676639083387,0.7381776239907728,0.8543214704732108,0.5703575547866205,5114,0.33906922174423154,1,True,hybrid_tensor_parity
oulad,SVM,1,2026,100pct,0.9058938650121121,0.9215692100979302,0.8207115181401902,0.9425566343042071,0.7267623206487835,0.8978526991772025,0.6188396756082346,4983,0.3216937587798515,1,True,hybrid_tensor_parity
oulad,XGB,1,2026,20pct,0.7696745062702374,0.7954727822260572,0.6906960227272727,0.6282299741602068,0.7669558359621451,0.705444707473791,0.3947160883280757,5914,0.4288129861345959,1,True,hybrid_tensor_parity
oulad,XGB,1,2026,35pct,0.8082727759626696,0.8322780721023388,0.7047268262737876,0.6585086042065009,0.7579225352112676,0.7446469651389135,0.44366197183098594,5651,0.40205273402937536,1,True,hybrid_tensor_parity
oulad,XGB,1,2026,50pct,0.8538417413923625,0.8764890173710287,0.7387764596417772,0.7070347284060552,0.7735021919142718,0.793300202466409,0.5026790063321968,5433,0.3778759433094055,1,True,hybrid_tensor_parity
oulad,XGB,1,2026,75pct,0.8934601888068234,0.9153564628078867,0.7904610492845787,0.8809355067328136,0.7168396770472895,0.8711380524051623,0.5824682814302191,5114,0.33906922174423154,1,True,hybrid_tensor_parity
oulad,XGB,1,2026,100pct,0.9196796839554403,0.9354712133684253,0.8355681016231475,0.9618196588139724,0.7386150966936993,0.90648203893237,0.6219588271990019,4983,0.3216937587798515,1,True,hybrid_tensor_parity
oulad,CatBoost,1,2026,20pct,0.7680473081506829,0.793488916499973,0.6891730605285592,0.607089215980775,0.7969242902208202,0.691748393642205,0.3955047318611987,5914,0.4288129861345959,1,True,hybrid_tensor_parity
oulad,CatBoost,1,2026,35pct,0.8059724307161089,0.8311743332888721,0.6993355481727574,0.6619496855345912,0.7411971830985915,0.7437621659883207,0.44366197183098594,5651,0.40205273402937536,1,True,hybrid_tensor_parity
oulad,CatBoost,1,2026,50pct,0.8519104593652462,0.8752584614231735,0.729687148323205,0.6782426778242678,0.7895762299074525,0.7789434934658568,0.501704822211398,5433,0.3778759433094055,1,True,hybrid_tensor_parity
oulad,CatBoost,1,2026,75pct,0.8920778667091283,0.9149756352245039,0.7925126903553299,0.8808180535966149,0.7202998846597463,0.8721157606570199,0.5790080738177624,5114,0.33906922174423154,1,True,hybrid_tensor_parity
oulad,CatBoost,1,2026,100pct,0.9158615492249389,0.9332547700871516,0.8301260783012607,0.8866052445074415,0.7804117280099813,0.8972506522175396,0.6200873362445415,4983,0.3216937587798515,1,True,hybrid_tensor_parity
oulad,MLP,1,2026,20pct,0.7003549394765044,0.7422182735570485,0.6435040831477357,0.5160752560133365,0.8544952681388013,0.5940142035847142,0.3592271293375394,5914,0.4288129861345959,1,True,hybrid_tensor_parity
oulad,MLP,1,2026,35pct,0.7555509121840691,0.7925835941961328,0.665166700756801,0.6213221245701185,0.715669014084507,0.7103167580959122,0.4154929577464789,5651,0.40205273402937536,1,True,hybrid_tensor_parity
oulad,MLP,1,2026,50pct,0.8139711311311782,0.846666878028113,0.6997782705099779,0.6422466422466423,0.7686312713102776,0.7507822565801583,0.48075986361422307,5433,0.3778759433094055,1,True,hybrid_tensor_parity
oulad,MLP,1,2026,75pct,0.8675547990568545,0.8972308954908104,0.7627118644067796,0.8367768595041323,0.7006920415224913,0.852170512319124,0.5599769319492502,5114,0.33906922174423154,1,True,hybrid_tensor_parity
oulad,MLP,1,2026,100pct,0.9084067327574938,0.9270550410288402,0.8220689655172414,0.9190439475713185,0.743605739238927,0.8964479229379891,0.6157205240174672,4983,0.3216937587798515,1,True,hybrid_tensor_parity
oulad,LR,2,42,20pct,0.7540247925088892,0.7793108842593583,0.6634466769706336,0.6459744168547781,0.681890389197776,0.7062394603709949,0.39197776012708496,5930,0.4246205733558179,1,True,hybrid_tensor_parity
oulad,LR,2,42,35pct,0.7922377455596068,0.8226156353740184,0.6971263179656813,0.6477141759508259,0.7547000895255148,0.7405242649663478,0.44180841539838855,5646,0.39567835635848386,1,True,hybrid_tensor_parity
oulad,LR,2,42,50pct,0.8370340632821728,0.8672995730190953,0.7196433254655127,0.7617990005552471,0.6819085487077535,0.8029129793510325,0.4985089463220676,5424,0.37094395280235987,1,True,hybrid_tensor_parity
oulad,LR,2,42,75pct,0.8798775794384919,0.9067322266565299,0.7763528307788552,0.8328859060402685,0.7270064440538957,0.860324282086345,0.5782073813708261,5119,0.3334635671029498,1,True,hybrid_tensor_parity
oulad,LR,2,42,100pct,0.9118589725636304,0.9334142890211393,0.8242074927953891,0.9485903814262023,0.7286624203821656,0.9020473705339221,0.6267515923566879,4982,0.3151344841429145,1,True,hybrid_tensor_parity
oulad,DT,2,42,20pct,0.7023633321006069,0.7386844031298216,0.6406992209766293,0.614207650273224,0.6695790309769658,0.6811129848229343,0.36457505957108816,5930,0.4246205733558179,1,True,hybrid_tensor_parity
oulad,DT,2,42,35pct,0.7433213443891515,0.7760222228985907,0.6519155910674043,0.601057801284473,0.7121754700089525,0.6990789939780375,0.41629364368845123,5646,0.39567835635848386,1,True,hybrid_tensor_parity
oulad,DT,2,42,50pct,0.7972528683657059,0.8268098035468315,0.6899464939453676,0.7959714100064977,0.6088469184890656,0.7970132743362832,0.4821073558648111,5424,0.37094395280235987,1,True,hybrid_tensor_parity
oulad,DT,2,42,75pct,0.8458338813934795,0.8698447740529135,0.7532884183509785,0.8326241134751773,0.6877562975981254,0.8497753467474116,0.5764499121265377,5119,0.3334635671029498,1,True,hybrid_tensor_parity
oulad,DT,2,42,100pct,0.8734334519418171,0.8916645821043749,0.794692222631773,0.9431321084864392,0.686624203821656,0.8881975110397431,0.6280254777070063,4982,0.3151344841429145,1,True,hybrid_tensor_parity
oulad,RF,2,42,20pct,0.7455263157103946,0.7740818277219961,0.670476812540823,0.5693288962839712,0.8153296266878475,0.6596964586846543,0.3868149324861001,5930,0.4246205733558179,1,True,hybrid_tensor_parity
oulad,RF,2,42,35pct,0.7840595605688278,0.8125465076128173,0.6801399144966964,0.6009615384615384,0.7833482542524619,0.7084661707403471,0.43554162936436885,5646,0.39567835635848386,1,True,hybrid_tensor_parity
oulad,RF,2,42,50pct,0.8410293504688444,0.8687093441694498,0.7282580645161291,0.7573805689747719,0.7012922465208747,0.8058628318584071,0.5044731610337972,5424,0.37094395280235987,1,True,hybrid_tensor_parity
oulad,RF,2,42,75pct,0.8833673511196395,0.9090659040664913,0.7733419188667096,0.858470335954253,0.7035735207967194,0.8624731392850166,0.5817223198594025,5119,0.3334635671029498,1,True,hybrid_tensor_parity
oulad,RF,2,42,100pct,0.9129877059742365,0.9334407971864009,0.8276363636363636,0.964406779661017,0.7248407643312101,0.9048574869530309,0.6331210191082802,4982,0.3151344841429145,1,True,hybrid_tensor_parity
oulad,SVM,2,42,20pct,0.7288472362745844,0.7592991655857428,0.6558064516129032,0.5521455730581206,0.8073868149324861,0.6401349072512648,0.3725178713264496,5930,0.4246205733558179,1,True,hybrid_tensor_parity
oulad,SVM,2,42,35pct,0.7807589921122334,0.8131139136084029,0.6792079207920793,0.6090198863636364,0.7676812891674127,0.7130712008501594,0.4333034914950761,5646,0.39567835635848386,1,True,hybrid_tensor_parity
oulad,SVM,2,42,50pct,0.822351735951542,0.8565442048762526,0.7075773745997865,0.7638248847926268,0.6590457256461233,0.7979351032448377,0.4845924453280318,5424,0.37094395280235987,1,True,hybrid_tensor_parity
oulad,SVM,2,42,75pct,0.8713603869702784,0.9003012215750468,0.765179677819083,0.811965811965812,0.7234915055653193,0.8519242039460833,0.5700058582308143,5119,0.3334635671029498,1,True,hybrid_tensor_parity
oulad,SVM,2,42,100pct,0.899420974893142,0.9221279709679587,0.8117306299782766,0.9404362416107382,0.7140127388535031,0.8956242472902449,0.6261146496815286,4982,0.3151344841429145,1,True,hybrid_tensor_parity
oulad,XGB,2,42,20pct,0.7608187871718682,0.7858205213203504,0.6773686965625545,0.6041083099906629,0.7708498808578237,0.688195615514334,0.39197776012708496,5930,0.4246205733558179,1,True,hybrid_tensor_parity
oulad,XGB,2,42,35pct,0.7968910011687613,0.8261275177083147,0.7013977128335451,0.6655948553054662,0.7412712623097583,0.7502656748140276,0.4386750223813787,5646,0.39567835635848386,1,True,hybrid_tensor_parity
oulad,XGB,2,42,50pct,0.8462739901821779,0.8754699237167849,0.7293695540748334,0.7529100529100529,0.7072564612326043,0.8053097345132744,0.5034791252485089,5424,0.37094395280235987,1,True,hybrid_tensor_parity
oulad,XGB,2,42,75pct,0.8893083344772917,0.9138371343155658,0.7874885004599816,0.8262548262548263,0.7521968365553603,0.8646219964836882,0.5828939660222613,5119,0.3334635671029498,1,True,hybrid_tensor_parity
oulad,XGB,2,42,100pct,0.9163570728873458,0.9363703228022492,0.8336215842269111,0.9121877365632097,0.767515923566879,0.9034524287434765,0.6318471337579618,4982,0.3151344841429145,1,True,hybrid_tensor_parity
oulad,CatBoost,2,42,20pct,0.7532937740725594,0.7798465351928018,0.6720401217983163,0.6120717781402937,0.7450357426528992,0.6912310286677908,0.3868149324861001,5930,0.4246205733558179,1,True,hybrid_tensor_parity
oulad,CatBoost,2,42,35pct,0.7904061376229442,0.8202061605728792,0.6776703607639708,0.7159940209267563,0.6432408236347359,0.7578816861494864,0.44001790510295435,5646,0.39567835635848386,1,True,hybrid_tensor_parity
oulad,CatBoost,2,42,50pct,0.8418331784822398,0.8709415546579841,0.7158590308370044,0.8024691358024691,0.6461232604373758,0.8097345132743363,0.5024850894632207,5424,0.37094395280235987,1,True,hybrid_tensor_parity
oulad,CatBoost,2,42,75pct,0.8843780199909129,0.910083368187403,0.7808955223880597,0.7961046865489957,0.7662565905096661,0.8566126196522759,0.5817223198594025,5119,0.3334635671029498,1,True,hybrid_tensor_parity
oulad,CatBoost,2,42,100pct,0.91246407015512,0.9326909147930496,0.8282122905027933,0.9165378670788253,0.7554140127388536,0.9012444801284625,0.6292993630573248,4982,0.3151344841429145,1,True,hybrid_tensor_parity
oulad,MLP,2,42,20pct,0.6936651182761893,0.7350629977642801,0.6431822012472611,0.5587115666178624,0.7577442414614773,0.6430016863406408,0.3550436854646545,5930,0.4246205733558179,1,True,hybrid_tensor_parity
oulad,MLP,2,42,35pct,0.7479199230642611,0.7861775438942655,0.6558721049395367,0.6049149338374291,0.7162041181736795,0.7026213248317393,0.41360787824529993,5646,0.39567835635848386,1,True,hybrid_tensor_parity
oulad,MLP,2,42,50pct,0.7960145501043375,0.8355132248711716,0.6906338694418165,0.6588447653429603,0.7256461232604374,0.7588495575221239,0.4726640159045726,5424,0.37094395280235987,1,True,hybrid_tensor_parity
oulad,MLP,2,42,75pct,0.8555485698181476,0.888826678094681,0.7482949009418642,0.8396501457725948,0.6748681898066784,0.8486032428208634,0.5647334504979497,5119,0.3334635671029498,1,True,hybrid_tensor_parity
oulad,MLP,2,42,100pct,0.9052809027335981,0.9282901860051822,0.8123138033763655,0.8456237077877325,0.7815286624203822,0.886190285026094,0.6248407643312102,4982,0.3151344841429145,1,True,hybrid_tensor_parity
oulad,LR,2,1201,20pct,0.7540247925088892,0.7793108842593583,0.6634466769706336,0.6459744168547781,0.681890389197776,0.7062394603709949,0.39197776012708496,5930,0.4246205733558179,1,True,hybrid_tensor_parity
oulad,LR,2,1201,35pct,0.7922377455596068,0.8226156353740184,0.6971263179656813,0.6477141759508259,0.7547000895255148,0.7405242649663478,0.44180841539838855,5646,0.39567835635848386,1,True,hybrid_tensor_parity
oulad,LR,2,1201,50pct,0.8370340632821728,0.8672995730190953,0.7196433254655127,0.7617990005552471,0.6819085487077535,0.8029129793510325,0.4985089463220676,5424,0.37094395280235987,1,True,hybrid_tensor_parity
oulad,LR,2,1201,75pct,0.8798775794384919,0.9067322266565299,0.7763528307788552,0.8328859060402685,0.7270064440538957,0.860324282086345,0.5782073813708261,5119,0.3334635671029498,1,True,hybrid_tensor_parity
oulad,LR,2,1201,100pct,0.9118589725636304,0.9334142890211393,0.8242074927953891,0.9485903814262023,0.7286624203821656,0.9020473705339221,0.6267515923566879,4982,0.3151344841429145,1,True,hybrid_tensor_parity
oulad,DT,2,1201,20pct,0.7023091078505196,0.7386232956243768,0.6405775075987842,0.6139839766933721,0.6695790309769658,0.6809443507588533,0.36616362192216045,5930,0.4246205733558179,1,True,hybrid_tensor_parity
oulad,DT,2,1201,35pct,0.7432959045900173,0.775946197054789,0.6519155910674043,0.601057801284473,0.7121754700089525,0.6990789939780375,0.41629364368845123,5646,0.39567835635848386,1,True,hybrid_tensor_parity
oulad,DT,2,1201,50pct,0.7975564771793792,0.8269064540074909,0.6901805869074492,0.7983028720626631,0.6078528827037774,0.797566371681416,0.4826043737574553,5424,0.37094395280235987,1,True,hybrid_tensor_parity
oulad,DT,2,1201,75pct,0.8454400704212214,0.8691059707940065,0.752895752895753,0.8351177730192719,0.6854130052724078,0.8499706974018363,0.5764499121265377,5119,0.3334635671029498,1,True,hybrid_tensor_parity
oulad,DT,2,1201,100pct,0.8735282032964987,0.8917298257928182,0.794692222631773,0.9431321084864392,0.686624203821656,0.8881975110397431,0.6280254777070063,4982,0.3151344841429145,1,True,hybrid_tensor_parity
oulad,RF,2,1201,20pct,0.745430295582129,0.7745342560527857,0.6696159971686427,0.6038940312799234,0.7513899920571883,0.6851602023608769,0.38840349483717235,5930,0.4246205733558179,1,True,hybrid_tensor_parity
oulad,RF,2,1201,35pct,0.7841498581081955,0.8125895386339855,0.6816745655608215,0.6098939929328622,0.7726051924798567,0.7144881331916401,0.43643688451208595,5646,0.39567835635848386,1,True,hybrid_tensor_parity
oulad,RF,2,1201,50pct,0.8411735840656529,0.8696480990959286,0.7280334728033473,0.7682119205298014,0.6918489065606361,0.8082595870206489,0.5029821073558648,5424,0.37094395280235987,1,True,hybrid_tensor_parity
oulad,RF,2,1201,75pct,0.8834079169068905,0.9094977168008979,0.7740308855972265,0.8376534788540245,0.7193907439953134,0.8599335807774956,0.5817223198594025,5119,0.3334635671029498,1,True,hybrid_tensor_parity
oulad,RF,2,1201,100pct,0.9133265668419365,0.9341641714144906,0.8263254113345521,0.9699570815450643,0.7197452229299363,0.904656764351666,0.6318471337579618,4982,0.3151344841429145,1,True,hybrid_tensor_parity
oulad,SVM,2,1201,20pct,0.7288472362745844,0.7592991655857428,0.6558064516129032,0.5521455730581206,0.8073868149324861,0.6401349072512648,0.3725178713264496,5930,0.4246205733558179,1,True,hybrid_tensor_parity
oulad,SVM,2,1201,35pct,0.7807589921122334,0.8131139136084029,0.6792079207920793,0.6090198863636364,0.7676812891674127,0.7130712008501594,0.4333034914950761,5646,0.39567835635848386,1,True,hybrid_tensor_parity
oulad,SVM,2,1201,50pct,0.822351735951542,0.8565442048762526,0.7075773745997865,0.7638248847926268,0.6590457256461233,0.7979351032448377,0.4845924453280318,5424,0.37094395280235987,1,True,hybrid_tensor_parity
oulad,SVM,2,1201,75pct,0.8713603869702784,0.9003012215750468,0.765179677819083,0.811965811965812,0.7234915055653193,0.8519242039460833,0.5700058582308143,5119,0.3334635671029498,1,True,hybrid_tensor_parity
oulad,SVM,2,1201,100pct,0.899420974893142,0.9221279709679587,0.8117306299782766,0.9404362416107382,0.7140127388535031,0.8956242472902449,0.6261146496815286,4982,0.3151344841429145,1,True,hybrid_tensor_parity
oulad,XGB,2,1201,20pct,0.7603043224469301,0.7849756082117313,0.6714956930305404,0.6621621621621622,0.6810961080222399,0.7170320404721754,0.3931691818903892,5930,0.4246205733558179,1,True,hybrid_tensor_parity
oulad,XGB,2,1201,35pct,0.796289388765565,0.8246429474780148,0.6965367965367966,0.6743503772003353,0.7202327663384065,0.7516826071555083,0.4404655326768129,5646,0.39567835635848386,1,True,hybrid_tensor_parity
oulad,XGB,2,1201,50pct,0.845878823153198,0.8749912599432712,0.7311450764219494,0.7372410308236483,0.7251491053677932,0.8021755162241888,0.5034791252485089,5424,0.37094395280235987,1,True,hybrid_tensor_parity
oulad,XGB,2,1201,75pct,0.8895568116263864,0.9137281080386878,0.7835723598435462,0.8831741366642175,0.7041593438781488,0.8702871654620044,0.5834797891036907,5119,0.3334635671029498,1,True,hybrid_tensor_parity
oulad,XGB,2,1201,100pct,0.9170457463627888,0.9365889218270473,0.8312037659717552,0.8803418803418803,0.7872611464968153,0.8992372541148134,0.6318471337579618,4982,0.3151344841429145,1,True,hybrid_tensor_parity
oulad,CatBoost,2,1201,20pct,0.7535247763370752,0.7786902647945344,0.6723667454975442,0.6203423967774421,0.7339158061953932,0.6962900505902192,0.3891977760127085,5930,0.4246205733558179,1,True,hybrid_tensor_parity
oulad,CatBoost,2,1201,35pct,0.7902577233485465,0.8183922980769333,0.6959863364645602,0.6653061224489796,0.729632945389436,0.7477860432164364,0.4404655326768129,5646,0.39567835635848386,1,True,hybrid_tensor_parity
oulad,CatBoost,2,1201,50pct,0.8407947416316879,0.8694784691615839,0.730638852672751,0.7685134393856281,0.6963220675944334,0.8095501474926253,0.4985089463220676,5424,0.37094395280235987,1,True,hybrid_tensor_parity
oulad,CatBoost,2,1201,75pct,0.883476108714478,0.9087310989642676,0.7860479601370289,0.839095744680851,0.7393087287639133,0.8657941004102364,0.5811364967779731,5119,0.3334635671029498,1,True,hybrid_tensor_parity
oulad,CatBoost,2,1201,100pct,0.912528443425641,0.933023760276581,0.8297946397493908,0.9148119723714505,0.759235668789809,0.9018466479325572,0.6312101910828025,4982,0.3151344841429145,1,True,hybrid_tensor_parity
oulad,MLP,2,1201,20pct,0.6954684034000199,0.7392432749153341,0.6416903409090909,0.5802825947334618,0.7176330420969023,0.6596964586846543,0.3550436854646545,5930,0.4246205733558179,1,True,hybrid_tensor_parity
oulad,MLP,2,1201,35pct,0.7437198355048857,0.7854618251870014,0.6516366789507912,0.6317780580075663,0.6727842435094001,0.7153737159050655,0.40823634735899733,5646,0.39567835635848386,1,True,hybrid_tensor_parity
oulad,MLP,2,1201,50pct,0.7904389640249545,0.8330440860114809,0.6773179675222629,0.7159468438538206,0.6426441351888668,0.7728613569321534,0.4696819085487077,5424,0.37094395280235987,1,True,hybrid_tensor_parity
oulad,MLP,2,1201,75pct,0.8583773008229825,0.8916810203623313,0.7540463344969851,0.8227146814404432,0.6959578207381371,0.8486032428208634,0.5676625659050967,5119,0.3334635671029498,1,True,hybrid_tensor_parity
oulad,MLP,2,1201,100pct,0.901476403211779,0.9256453431500661,0.8148148148148148,0.9130434782608695,0.7356687898089171,0.8946206342834203,0.6229299363057325,4982,0.3151344841429145,1,True,hybrid_tensor_parity
oulad,LR,2,2026,20pct,0.7540247925088892,0.7793108842593583,0.6634466769706336,0.6459744168547781,0.681890389197776,0.7062394603709949,0.39197776012708496,5930,0.4246205733558179,1,True,hybrid_tensor_parity
oulad,LR,2,2026,35pct,0.7922377455596068,0.8226156353740184,0.6971263179656813,0.6477141759508259,0.7547000895255148,0.7405242649663478,0.44180841539838855,5646,0.39567835635848386,1,True,hybrid_tensor_parity
oulad,LR,2,2026,50pct,0.8370340632821728,0.8672995730190953,0.7196433254655127,0.7617990005552471,0.6819085487077535,0.8029129793510325,0.4985089463220676,5424,0.37094395280235987,1,True,hybrid_tensor_parity
oulad,LR,2,2026,75pct,0.8798775794384919,0.9067322266565299,0.7763528307788552,0.8328859060402685,0.7270064440538957,0.860324282086345,0.5782073813708261,5119,0.3334635671029498,1,True,hybrid_tensor_parity
oulad,LR,2,2026,100pct,0.9118589725636304,0.9334142890211393,0.8242074927953891,0.9485903814262023,0.7286624203821656,0.9020473705339221,0.6267515923566879,4982,0.3151344841429145,1,True,hybrid_tensor_parity
oulad,DT,2,2026,20pct,0.70237231840827,0.7394917787708103,0.6411519514967791,0.6130434782608696,0.6719618745035743,0.6806070826306914,0.3641779189833201,5930,0.4246205733558179,1,True,hybrid_tensor_parity
oulad,DT,2,2026,35pct,0.7433320601232166,0.7760724038912639,0.6519155910674043,0.601057801284473,0.7121754700089525,0.6990789939780375,0.41629364368845123,5646,0.39567835635848386,1,True,hybrid_tensor_parity
oulad,DT,2,2026,50pct,0.797506881410729,0.826726773007908,0.6901805869074492,0.7983028720626631,0.6078528827037774,0.797566371681416,0.4826043737574553,5424,0.37094395280235987,1,True,hybrid_tensor_parity
oulad,DT,2,2026,75pct,0.8458178225855237,0.8693335524160567,0.7542563443623514,0.8349928876244666,0.6877562975981254,0.8505567493651104,0.5764499121265377,5119,0.3334635671029498,1,True,hybrid_tensor_parity
oulad,DT,2,2026,100pct,0.8738607048262603,0.8915573360413974,0.794692222631773,0.9431321084864392,0.686624203821656,0.8881975110397431,0.6273885350318471,4982,0.3151344841429145,1,True,hybrid_tensor_parity
oulad,RF,2,2026,20pct,0.7461516701873296,0.7749467608133513,0.6709502874535002,0.5842167255594818,0.7879269261318507,0.6718381112984823,0.38999205718824465,5930,0.4246205733558179,1,True,hybrid_tensor_parity
oulad,RF,2,2026,35pct,0.7837533006145123,0.8125104953710167,0.6827098078867543,0.6226484691995574,0.7555953446732319,0.7221041445270988,0.43733213965980305,5646,0.39567835635848386,1,True,hybrid_tensor_parity
oulad,RF,2,2026,50pct,0.8416251119904234,0.8695559643312458,0.7299270072992701,0.7394186639469659,0.7206759443339961,0.8021755162241888,0.5029821073558648,5424,0.37094395280235987,1,True,hybrid_tensor_parity
oulad,RF,2,2026,75pct,0.8835222823380746,0.9093122004352809,0.7754318618042226,0.854122621564482,0.7100175746924429,0.862863840593866,0.5817223198594025,5119,0.3334635671029498,1,True,hybrid_tensor_parity
oulad,RF,2,2026,100pct,0.9128024903401677,0.9334339834678653,0.8279374317933794,0.9652247667514843,0.7248407643312101,0.9050582095543959,0.6331210191082802,4982,0.3151344841429145,1,True,hybrid_tensor_parity
oulad,SVM,2,2026,20pct,0.7288472362745844,0.7592991655857428,0.6558064516129032,0.5521455730581206,0.8073868149324861,0.6401349072512648,0.3725178713264496,5930,0.4246205733558179,1,True,hybrid_tensor_parity
oulad,SVM,2,2026,35pct,0.7807589921122334,0.8131139136084029,0.6792079207920793,0.6090198863636364,0.7676812891674127,0.7130712008501594,0.4333034914950761,5646,0.39567835635848386,1,True,hybrid_tensor_parity
oulad,SVM,2,2026,50pct,0.822351735951542,0.8565442048762526,0.7075773745997865,0.7638248847926268,0.6590457256461233,0.7979351032448377,0.4845924453280318,5424,0.37094395280235987,1,True,hybrid_tensor_parity
oulad,SVM,2,2026,75pct,0.8713603869702784,0.9003012215750468,0.765179677819083,0.811965811965812,0.7234915055653193,0.8519242039460833,0.5700058582308143,5119,0.3334635671029498,1,True,hybrid_tensor_parity
oulad,SVM,2,2026,100pct,0.899420974893142,0.9221279709679587,0.8117306299782766,0.9404362416107382,0.7140127388535031,0.8956242472902449,0.6261146496815286,4982,0.3151344841429145,1,True,hybrid_tensor_parity
oulad,XGB,2,2026,20pct,0.7604770708007069,0.7849729311210167,0.6747080222094581,0.6513863216266174,0.6997617156473391,0.7134907251264756,0.3931691818903892,5930,0.4246205733558179,1,True,hybrid_tensor_parity
oulad,XGB,2,2026,35pct,0.7959689438047987,0.8240050257084113,0.6916400182731841,0.7061567164179104,0.6777081468218442,0.7608926673751328,0.4404655326768129,5646,0.39567835635848386,1,True,hybrid_tensor_parity
oulad,XGB,2,2026,50pct,0.8456348573858088,0.8741825133606334,0.7290488431876607,0.7550585729499467,0.7047713717693836,0.8056784660766961,0.5029821073558648,5424,0.37094395280235987,1,True,hybrid_tensor_parity
oulad,XGB,2,2026,75pct,0.8887815407799078,0.9132755202184508,0.7821538461538462,0.8237200259235256,0.7445811364967779,0.8616917366673178,0.5834797891036907,5119,0.3334635671029498,1,True,hybrid_tensor_parity
oulad,XGB,2,2026,100pct,0.9164898982726283,0.9357985304769231,0.8332203389830508,0.8905797101449275,0.7828025477707007,0.9012444801284625,0.6318471337579618,4982,0.3151344841429145,1,True,hybrid_tensor_parity
oulad,CatBoost,2,2026,20pct,0.7574340330393113,0.7834451270896439,0.6733596271064898,0.6137254901960785,0.7458300238284352,0.6927487352445194,0.38840349483717235,5930,0.4246205733558179,1,True,hybrid_tensor_parity
oulad,CatBoost,2,2026,35pct,0.7932971275691052,0.8216179191667515,0.6936589545844044,0.6651602300739523,0.7247090420769919,0.7467233439603259,0.43912264995523725,5646,0.39567835635848386,1,True,hybrid_tensor_parity
oulad,CatBoost,2,2026,50pct,0.8433134439944594,0.8712072523825395,0.7147196906931786,0.8042262274704786,0.643141153081511,0.8095501474926253,0.5014910536779325,5424,0.37094395280235987,1,True,hybrid_tensor_parity
oulad,CatBoost,2,2026,75pct,0.8840983690878025,0.90860662014421,0.7848258706467661,0.8363154406891982,0.7393087287639133,0.8648173471381129,0.5817223198594025,5119,0.3334635671029498,1,True,hybrid_tensor_parity
oulad,CatBoost,2,2026,100pct,0.9120852761354702,0.9321891264252806,0.8304568527918782,0.8859205776173286,0.7815286624203822,0.8994379767161782,0.629936305732484,4982,0.3151344841429145,1,True,hybrid_tensor_parity
oulad,MLP,2,2026,20pct,0.7022896305273485,0.742459915804333,0.6478490052712124,0.5664585191793042,0.7565528196981731,0.6507588532883642,0.35544082605242255,5930,0.4246205733558179,1,True,hybrid_tensor_parity
oulad,MLP,2,2026,35pct,0.75139016703951,0.78762236290684,0.6587512794268168,0.6069407770652584,0.7202327663384065,0.7047467233439604,0.41047448522829005,5646,0.39567835635848386,1,True,hybrid_tensor_parity
oulad,MLP,2,2026,50pct,0.8067063664117453,0.8428245736600327,0.6965416463711641,0.6829035339063992,0.7107355864811133,0.7702802359882006,0.47813121272365805,5424,0.37094395280235987,1,True,hybrid_tensor_parity
oulad,MLP,2,2026,75pct,0.8619967210631597,0.8941522254065908,0.752324037184595,0.8681992337164751,0.6637375512595196,0.8542684117991796,0.5676625659050967,5119,0.3334635671029498,1,True,hybrid_tensor_parity
oulad,MLP,2,2026,100pct,0.9071234673148388,0.9280388251282474,0.8256752016836197,0.9188134270101483,0.7496815286624203,0.9002408671216379,0.6254777070063694,4982,0.3151344841429145,1,True,hybrid_tensor_parity
