dataset,model_id,model_family,prediction_stage,accuracy,balanced_accuracy,macro_precision,macro_recall,macro_f1,weighted_f1,pr_auc,roc_auc,brier,nll,ece,medium_to_low_errors,low_to_medium_errors,seed_macro_f1_mean,seed_macro_f1_std,low_recall,low_f1,rank_macro_f1,rank_balanced_accuracy,rank_pr_auc,rank_low_recall,rank_low_f1,authority_scope,risk_f1,risk_precision,risk_recall,threshold_policy,threshold,seed_macro_f1_min,seed_macro_f1_max,not_risk_precision,not_risk_recall,not_risk_f1,specificity,tn,fp,fn,tp,eligible_count,positive_count,negative_count,coverage
student_mat,bilstm_only_mat,bilstm_only,S0_EARLY_NO_GRADE,0.430379746835443,0.4751386693595598,0.4521858424160687,0.4751386693595598,0.431257914794549,0.433729154806089,0.4409865431590822,0.6303846024588186,0.6368100498417957,1.0424978002696272,0.0864061731062874,48.0,29.0,0.4091394996594538,0.0250252139064947,0.5153846153846153,0.5275590551181102,3.0,1.0,6.0,1.0,1.0,UNIFIED_STAGE_AWARE_UCI,,,,,,,,,,,,,,,,,,,
student_mat,bilstm_only_mat,bilstm_only,S1_MID_G1_ONLY,0.6658227848101266,0.7345985540334855,0.673597276509898,0.7345985540334855,0.6684619184341329,0.64632681605181,0.7762311580016985,0.8723686256040892,0.4317216826827674,0.691909749354413,0.0527856649405887,65.0,12.0,0.6471556684159491,0.0181511346802448,0.9,0.75,10.0,4.0,8.0,1.0,3.0,UNIFIED_STAGE_AWARE_UCI,,,,,,,,,,,,,,,,,,,
student_mat,bilstm_only_mat,bilstm_only,S2_LATE_G1_G2,0.7518987341772152,0.8147468826835266,0.7550071024930061,0.8147468826835266,0.7547940947940948,0.7412563807500517,0.8810087936018268,0.9343768000153528,0.350336313918019,0.5919157766152138,0.1098490069499191,48.0,8.0,0.7406711838814848,0.0224462783951178,0.9384615384615383,0.8133333333333334,10.0,10.0,10.0,2.0,10.0,UNIFIED_STAGE_AWARE_UCI,,,,,,,,,,,,,,,,,,,
student_mat,cnn_bilstm_mat,cnn_bilstm,S0_EARLY_NO_GRADE,0.4151898734177215,0.4395972368575108,0.4272467185356424,0.4395972368575108,0.4135582605142271,0.4238995627518076,0.4624081616421924,0.6444952182385374,0.623101832524897,1.0178269873296248,0.1029962004713919,47.0,35.0,0.4149551950004636,0.0303282635949554,0.4923076923076923,0.5161290322580645,7.0,6.0,3.0,2.0,2.0,UNIFIED_STAGE_AWARE_UCI,,,,,,,,,,,,,,,,,,,
student_mat,cnn_bilstm_mat,cnn_bilstm,S1_MID_G1_ONLY,0.7367088607594937,0.775411617492097,0.732069733630337,0.775411617492097,0.743811236189285,0.7321943698989083,0.8301186365547307,0.8998146655244067,0.3703609852218586,0.5859908762463423,0.0479047620369326,47.0,19.0,0.7228526968004247,0.0171908278370448,0.8538461538461538,0.7708333333333334,2.0,1.0,3.0,2.0,2.0,UNIFIED_STAGE_AWARE_UCI,,,,,,,,,,,,,,,,,,,
student_mat,cnn_bilstm_mat,cnn_bilstm,S2_LATE_G1_G2,0.8405063291139241,0.8735086640908559,0.8359863039781238,0.8735086640908559,0.846139241860266,0.8383160787601404,0.9462193735288648,0.9671950932112452,0.2400132843591393,0.419791382371922,0.1053068300015318,35.0,7.0,0.842592103953254,0.0157725108088491,0.946153846153846,0.8541666666666666,9.0,4.0,4.0,1.0,4.0,UNIFIED_STAGE_AWARE_UCI,,,,,,,,,,,,,,,,,,,
student_mat,cnn_only_mat,cnn_only,S0_EARLY_NO_GRADE,0.4253164556962025,0.4562060941341763,0.4397065672754734,0.4562060941341763,0.4239012732907659,0.4330208597725857,0.465916292307108,0.645816164560596,0.6262586460296256,1.0257445947737398,0.0850167200506391,46.0,35.0,0.4135197879454867,0.0124741393380114,0.4769230769230769,0.5,5.0,2.0,2.0,4.0,4.0,UNIFIED_STAGE_AWARE_UCI,,,,,,,,,,,,,,,,,,,
student_mat,cnn_only_mat,cnn_only,S1_MID_G1_ONLY,0.7468354430379747,0.7753860057370331,0.7388969806260692,0.7753860057370331,0.7522229502654812,0.7448688523547412,0.8471309612771462,0.9059526781568468,0.3593767900149617,0.5639404820611614,0.0635415756828745,38.0,24.0,0.7389405968439452,0.0054310663604361,0.8153846153846154,0.7737226277372263,1.0,2.0,1.0,3.0,1.0,UNIFIED_STAGE_AWARE_UCI,,,,,,,,,,,,,,,,,,,
student_mat,cnn_only_mat,cnn_only,S2_LATE_G1_G2,0.8481012658227848,0.876233023065215,0.838804753028891,0.876233023065215,0.8517849356878134,0.8467479572153555,0.95138448453016,0.9704587514460528,0.2204740692865613,0.3853987289242508,0.0914153422879985,28.0,10.0,0.852321705285021,0.01258009590453,0.9230769230769232,0.8633093525179856,7.0,3.0,3.0,3.0,1.0,UNIFIED_STAGE_AWARE_UCI,,,,,,,,,,,,,,,,,,,
student_mat,decision_tree_mat,decision_tree,S0_EARLY_NO_GRADE,0.4886075949367088,0.4097379551574757,0.4367389060887512,0.4097379551574757,0.4103904876874096,0.4683859366677162,0.4010480152166905,0.5817544702042333,0.6798929004913539,3.0189208967475136,0.1647379341775918,43.0,68.0,0.4091817764107511,0.0013129924738993,0.4307692307692308,0.4827586206896552,9.0,10.0,10.0,7.0,6.0,UNIFIED_STAGE_AWARE_UCI,,,,,,,,,,,,,,,,,,,
student_mat,decision_tree_mat,decision_tree,S1_MID_G1_ONLY,0.7291139240506329,0.7321767796510947,0.7322109611095716,0.7321767796510947,0.7310114863445788,0.7289517135552901,0.7524853077993452,0.8624573719402978,0.399223873943837,2.3706736613534547,0.1323398290706544,27.0,41.0,0.729600099761133,0.0011523923197506,0.6846153846153846,0.7235772357723578,3.0,5.0,10.0,8.0,6.0,UNIFIED_STAGE_AWARE_UCI,,,,,,,,,,,,,,,,,,,
student_mat,decision_tree_mat,decision_tree,S2_LATE_G1_G2,0.8531645569620253,0.8632811585294462,0.861273701026608,0.8632811585294462,0.8622592618128332,0.8530565698739297,0.8829894461920739,0.937666477322114,0.223184353365549,1.691736913519232,0.0693821752152805,22.0,23.0,0.8609083645171685,0.0011030030230947,0.823076923076923,0.8262548262548263,4.0,6.0,9.0,6.0,7.0,UNIFIED_STAGE_AWARE_UCI,,,,,,,,,,,,,,,,,,,
student_mat,hist_gradient_boosting_mat,hist_gradient_boosting,S0_EARLY_NO_GRADE,0.4734177215189873,0.4324544842524294,0.4482653111757257,0.4324544842524294,0.4378850969885695,0.4685967179697458,0.4512754091680242,0.6308231116959471,0.7527636039088074,1.5610410978497626,0.293387872091602,55.0,68.0,0.4378850969885695,0.0,0.4230769230769231,0.4280155642023346,2.0,7.0,5.0,8.0,10.0,UNIFIED_STAGE_AWARE_UCI,,,,,,,,,,,,,,,,,,,
student_mat,hist_gradient_boosting_mat,hist_gradient_boosting,S1_MID_G1_ONLY,0.6987341772151898,0.6873927965109473,0.7205613609975264,0.6873927965109473,0.7013662551440328,0.6985766526019691,0.76359946007293,0.8595660469884964,0.473494003599488,0.9533094470695932,0.1905616162655161,36.0,46.0,0.7013662551440328,0.0,0.6461538461538462,0.672,9.0,10.0,9.0,10.0,10.0,UNIFIED_STAGE_AWARE_UCI,,,,,,,,,,,,,,,,,,,
student_mat,hist_gradient_boosting_mat,hist_gradient_boosting,S2_LATE_G1_G2,0.8455696202531645,0.847926545486477,0.8611512046901937,0.847926545486477,0.8541729476977635,0.8457583130149042,0.9133284026583428,0.9491781801289294,0.253272571567745,0.5320120300524087,0.0925063302840663,22.0,25.0,0.8541729476977636,1.1102230246251563e-16,0.8076923076923077,0.8171206225680934,6.0,8.0,8.0,8.0,8.0,UNIFIED_STAGE_AWARE_UCI,,,,,,,,,,,,,,,,,,,
student_mat,logistic_regression_mat,logistic_regression,S0_EARLY_NO_GRADE,0.3949367088607595,0.4531813458611404,0.4280926583298125,0.4531813458611404,0.397920753696986,0.3927734552405948,0.4408629519076252,0.6308779765790441,0.6564080345197031,1.06580938894453,0.1381091449904408,47.0,29.0,0.397920753696986,0.0,0.4846153846153846,0.50199203187251,10.0,3.0,7.0,3.0,3.0,UNIFIED_STAGE_AWARE_UCI,,,,,,,,,,,,,,,,,,,
student_mat,logistic_regression_mat,logistic_regression,S1_MID_G1_ONLY,0.7139240506329114,0.7543368018967334,0.7069754101347051,0.7543368018967334,0.7224065004705791,0.7104574339129004,0.8332899254484115,0.9003711751741313,0.3673401316422411,0.5676806348376364,0.0723139071559877,42.0,29.0,0.7224065004705791,0.0,0.7769230769230769,0.73992673992674,6.0,3.0,2.0,4.0,4.0,UNIFIED_STAGE_AWARE_UCI,,,,,,,,,,,,,,,,,,,
student_mat,logistic_regression_mat,logistic_regression,S2_LATE_G1_G2,0.8683544303797468,0.8896400450766889,0.8650226033367795,0.8896400450766889,0.875424555205976,0.8678193709943035,0.9570919924998228,0.9728332149001448,0.1749326975897424,0.2913496294271631,0.0367078829439999,24.0,14.0,0.8754245552059758,1.1102230246251563e-16,0.8923076923076924,0.8592592592592593,2.0,2.0,2.0,4.0,3.0,UNIFIED_STAGE_AWARE_UCI,,,,,,,,,,,,,,,,,,,
student_mat,mlp_mat,mlp,S0_EARLY_NO_GRADE,0.5037974683544304,0.4191908880693127,0.4835832083958021,0.4191908880693127,0.4218916160092631,0.4758355072576963,0.4557641223535322,0.6404319106266292,0.6113465478574491,1.0175185089299266,0.1191764033282688,37.0,81.0,0.4376892907743023,0.0166088180721238,0.3692307692307692,0.4363636363636363,6.0,8.0,4.0,10.0,9.0,UNIFIED_STAGE_AWARE_UCI,,,,,,,,,,,,,,,,,,,
student_mat,mlp_mat,mlp,S1_MID_G1_ONLY,0.7291139240506329,0.7273445732349842,0.7351293847723311,0.7273445732349842,0.7305771725709844,0.7290272836257705,0.8044830174511657,0.8903415787371936,0.3618564237018459,0.5804666744971884,0.0652403797427657,29.0,40.0,0.731638285250815,0.0081885000990423,0.6923076923076923,0.7228915662650602,4.0,6.0,5.0,7.0,7.0,UNIFIED_STAGE_AWARE_UCI,,,,,,,,,,,,,,,,,,,
student_mat,mlp_mat,mlp,S2_LATE_G1_G2,0.8455696202531645,0.8564168422901299,0.8531610750728698,0.8564168422901299,0.8546948231773134,0.8453151805257405,0.9425130125840931,0.9643682652161176,0.1982381200510097,0.3247743720196143,0.040480925424524,22.0,25.0,0.8522240332891201,0.0097814045177342,0.8076923076923077,0.8171206225680934,5.0,7.0,6.0,8.0,8.0,UNIFIED_STAGE_AWARE_UCI,,,,,,,,,,,,,,,,,,,
student_mat,random_forest_mat,random_forest,S0_EARLY_NO_GRADE,0.4379746835443038,0.443419974241892,0.4282828282828283,0.443419974241892,0.4296116698045338,0.4424766810646234,0.4326244945304294,0.6220716096973858,0.6316238833103949,1.0402685346889309,0.0577082585841944,54.0,51.0,0.4298328241132015,0.006323529951854,0.4615384615384615,0.48,4.0,5.0,9.0,5.0,7.0,UNIFIED_STAGE_AWARE_UCI,,,,,,,,,,,,,,,,,,,
student_mat,random_forest_mat,random_forest,S1_MID_G1_ONLY,0.7012658227848101,0.7213594719587869,0.7063062314293432,0.7213594719587869,0.7117961402917009,0.7001137022240241,0.8078101573317902,0.8853283804046069,0.3619589739077105,0.5786507628699443,0.0453071824204409,50.0,31.0,0.7149040361561769,0.0038882085018171,0.7615384615384615,0.7096774193548387,7.0,7.0,4.0,5.0,8.0,UNIFIED_STAGE_AWARE_UCI,,,,,,,,,,,,,,,,,,,
student_mat,random_forest_mat,random_forest,S2_LATE_G1_G2,0.8810126582278481,0.8910044198571597,0.8878839428396237,0.8910044198571597,0.8892912179053084,0.8811114689077199,0.9603786698263408,0.9745990791211944,0.1721303828234572,0.2911812490919843,0.0619817517997888,21.0,16.0,0.8890996721016758,0.0029812814784196,0.8769230769230769,0.8603773584905661,1.0,1.0,1.0,5.0,2.0,UNIFIED_STAGE_AWARE_UCI,,,,,,,,,,,,,,,,,,,
student_mat,svm_mat,svm,S0_EARLY_NO_GRADE,0.5037974683544304,0.4464535036880927,0.4688750969300015,0.4464535036880927,0.4522705036254504,0.4953264865070784,0.472452609614184,0.6413332625521423,0.6379086450132219,1.0579717211781297,0.1435731923441603,39.0,64.0,0.4563429926968433,0.0053485765295795,0.4384615384615384,0.4892703862660944,1.0,4.0,1.0,6.0,5.0,UNIFIED_STAGE_AWARE_UCI,,,,,,,,,,,,,,,,,,,
student_mat,svm_mat,svm,S1_MID_G1_ONLY,0.7265822784810126,0.7139419418100926,0.7378361650485438,0.7139419418100926,0.7244611493131897,0.7264354556997258,0.7822883340098382,0.8755502790143547,0.3830202000370732,0.6083187870202922,0.0521067772246565,32.0,37.0,0.722970171811776,0.0037105653552367,0.7153846153846154,0.7294117647058823,5.0,8.0,7.0,6.0,5.0,UNIFIED_STAGE_AWARE_UCI,,,,,,,,,,,,,,,,,,,
student_mat,svm_mat,svm,S2_LATE_G1_G2,0.8455696202531645,0.8374341412012645,0.8660940121305974,0.8374341412012645,0.8501283386040068,0.845814168084993,0.926233376307032,0.9549130494548728,0.2506837662029613,0.4424971550610398,0.1138393566697703,20.0,24.0,0.8517276391454388,0.0023538470820903,0.8153846153846154,0.828125,8.0,9.0,7.0,7.0,6.0,UNIFIED_STAGE_AWARE_UCI,,,,,,,,,,,,,,,,,,,
student_mat,xgboost_mat,xgboost,S0_EARLY_NO_GRADE,0.5012658227848101,0.4139324288724974,0.4514774183989642,0.4139324288724974,0.4116042279255048,0.4736633475900703,0.4366469252751142,0.6243831814950574,0.6284323601203903,1.0422551268414797,0.1242596564710194,40.0,73.0,0.410286759229412,0.0074166150174442,0.4153846153846154,0.4675324675324675,8.0,9.0,8.0,9.0,8.0,UNIFIED_STAGE_AWARE_UCI,,,,,,,,,,,,,,,,,,,
student_mat,xgboost_mat,xgboost,S1_MID_G1_ONLY,0.7063291139240506,0.6979152031378059,0.7237531269543465,0.6979152031378059,0.7092246809574642,0.7063589522970952,0.802873255830869,0.8820369587930457,0.382742282629178,0.5976407611695032,0.0988418008310079,36.0,43.0,0.7071291845406874,0.0039757826987247,0.6692307692307692,0.6877470355731226,8.0,9.0,6.0,9.0,9.0,UNIFIED_STAGE_AWARE_UCI,,,,,,,,,,,,,,,,,,,
student_mat,xgboost_mat,xgboost,S2_LATE_G1_G2,0.8658227848101265,0.8674756322444678,0.8819591375272551,0.8674756322444678,0.8740776804067943,0.8657111984847924,0.9457949841759926,0.9669373296207544,0.1940748735583337,0.319085925240297,0.028286308013394,17.0,25.0,0.8715204467502264,0.0025328553167072,0.8076923076923077,0.8333333333333334,3.0,5.0,5.0,8.0,5.0,UNIFIED_STAGE_AWARE_UCI,,,,,,,,,,,,,,,,,,,
student_por,bilstm_only_por,bilstm_only,S0_EARLY_NO_GRADE,0.5130970724191063,0.5919030400428552,0.5105901054757148,0.5919030400428552,0.5093850779014473,0.5212500518143316,0.4993898628131612,0.7062028570500093,0.6165121763137829,0.9629734689244542,0.1535830297466177,80.0,24.0,0.482042450706187,0.0187629703795367,0.66,0.528,1.0,1.0,4.0,1.0,3.0,UNIFIED_STAGE_AWARE_UCI,,,,,,,,,,,,,,,,,,,
student_por,bilstm_only_por,bilstm_only,S1_MID_G1_ONLY,0.7580893682588598,0.8164167184094865,0.7112093373715241,0.8164167184094865,0.7407858605854228,0.7646154114946476,0.8434202272977359,0.9305311995429286,0.3345869561498076,0.5217758523834856,0.0606438907631915,77.0,12.0,0.741986780953194,0.0056401534679291,0.88,0.6641509433962264,8.0,5.0,2.0,2.0,7.0,UNIFIED_STAGE_AWARE_UCI,,,,,,,,,,,,,,,,,,,
student_por,bilstm_only_por,bilstm_only,S2_LATE_G1_G2,0.8366718027734977,0.8839121224295994,0.7870956929780459,0.8839121224295994,0.8191915602554193,0.8420759988900821,0.9079454825457584,0.9605940549320452,0.242537500163024,0.4008127408019583,0.0356361242280838,62.0,9.0,0.8132132443990077,0.0114554354527212,0.91,0.7193675889328063,7.0,4.0,7.0,2.0,6.0,UNIFIED_STAGE_AWARE_UCI,,,,,,,,,,,,,,,,,,,
student_por,cnn_bilstm_por,cnn_bilstm,S0_EARLY_NO_GRADE,0.5115562403697997,0.5885697067095218,0.5105695524152233,0.5885697067095218,0.5088862277534547,0.5199936734429658,0.4970259398114113,0.7086340026123209,0.6122519923849311,0.9593888658907416,0.1496708447971817,76.0,25.0,0.4750515742603156,0.0166007972710189,0.65,0.5327868852459017,2.0,2.0,5.0,2.0,1.0,UNIFIED_STAGE_AWARE_UCI,,,,,,,,,,,,,,,,,,,
student_por,cnn_bilstm_por,cnn_bilstm,S1_MID_G1_ONLY,0.773497688751926,0.8208970378757442,0.7241925280762809,0.8208970378757442,0.7541803875993889,0.7795354432991002,0.8530893401451235,0.9328329301195546,0.3182628821663117,0.5102187287564417,0.0548413219471656,70.0,12.0,0.7539696186580116,0.0039784893796439,0.88,0.6821705426356589,5.0,3.0,1.0,2.0,3.0,UNIFIED_STAGE_AWARE_UCI,,,,,,,,,,,,,,,,,,,
student_por,cnn_bilstm_por,cnn_bilstm,S2_LATE_G1_G2,0.8705701078582434,0.9006671780074753,0.8223053631158086,0.9006671780074753,0.8519466776181582,0.8745147483228287,0.9282971653010008,0.9669063159508332,0.2057112160143152,0.3592110131521246,0.0313158918990769,49.0,10.0,0.8405575165697681,0.0077417872788067,0.9,0.7531380753138075,3.0,1.0,1.0,3.0,3.0,UNIFIED_STAGE_AWARE_UCI,,,,,,,,,,,,,,,,,,,
student_por,cnn_only_por,cnn_only,S0_EARLY_NO_GRADE,0.5038520801232665,0.5777636144490302,0.4979908793667182,0.5777636144490302,0.4984191775302455,0.5115242277719382,0.4902218394723663,0.7069684202386693,0.6175575114737658,0.9739061849682316,0.165777209196452,83.0,28.0,0.4666868918420764,0.0279264217755064,0.63,0.5060240963855421,4.0,4.0,6.0,3.0,4.0,UNIFIED_STAGE_AWARE_UCI,,,,,,,,,,,,,,,,,,,
student_por,cnn_only_por,cnn_only,S1_MID_G1_ONLY,0.785824345146379,0.8298125083701621,0.73836199648464,0.8298125083701621,0.7664349388720542,0.7923401508915,0.8430723831055732,0.9311887000703428,0.3169917119939491,0.509678040208342,0.0359430664864988,72.0,11.0,0.7620162113618907,0.0114749461908882,0.89,0.6819923371647509,2.0,1.0,3.0,1.0,4.0,UNIFIED_STAGE_AWARE_UCI,,,,,,,,,,,,,,,,,,,
student_por,cnn_only_por,cnn_only,S2_LATE_G1_G2,0.8505392912172574,0.8986968114248146,0.801946175295515,0.8986968114248146,0.8343143614256091,0.8555744871183529,0.9249146651890268,0.965032993662738,0.2283490218543764,0.3913776491971235,0.0459514798945078,59.0,6.0,0.8265940002932531,0.0074417097704105,0.94,0.7430830039525692,6.0,2.0,4.0,1.0,4.0,UNIFIED_STAGE_AWARE_UCI,,,,,,,,,,,,,,,,,,,
student_por,decision_tree_por,decision_tree,S0_EARLY_NO_GRADE,0.4899845916795069,0.4579322351680728,0.4282271161320863,0.4579322351680728,0.4311891911668888,0.5093745918678457,0.4368581164779015,0.630438871492551,0.6763344334339647,4.103627253280518,0.2225495337018312,107.0,44.0,0.4277855006360673,0.0039920236178463,0.42,0.3146067415730337,9.0,6.0,10.0,6.0,8.0,UNIFIED_STAGE_AWARE_UCI,,,,,,,,,,,,,,,,,,,
student_por,decision_tree_por,decision_tree,S1_MID_G1_ONLY,0.7426810477657936,0.7757561147838367,0.6908904261359702,0.7757561147838367,0.7198064752379945,0.7481683842257706,0.7089588208637888,0.8516418503996963,0.3877351244733515,3.179068303797295,0.1486471043211097,60.0,18.0,0.718903167098748,0.0027531912765344,0.82,0.6776859504132231,9.0,6.0,10.0,5.0,5.0,UNIFIED_STAGE_AWARE_UCI,,,,,,,,,,,,,,,,,,,
student_por,decision_tree_por,decision_tree,S2_LATE_G1_G2,0.827426810477658,0.8212519327465088,0.7758201628352491,0.8212519327465088,0.7954347771327063,0.8304365788007292,0.8448710058758649,0.9106753432937764,0.2491467687036768,2.051819578011148,0.0999324494937186,47.0,27.0,0.7947474741496777,0.0029269614936983,0.73,0.6636363636363637,10.0,8.0,10.0,6.0,9.0,UNIFIED_STAGE_AWARE_UCI,,,,,,,,,,,,,,,,,,,
student_por,hist_gradient_boosting_por,hist_gradient_boosting,S0_EARLY_NO_GRADE,0.5963020030816641,0.44600630653664,0.4859134937765835,0.44600630653664,0.4586335978494562,0.5772718424654323,0.4617281420843384,0.6435136114169135,0.606680649119626,1.1627422814349178,0.2117348025204454,42.0,71.0,0.4586335978494562,0.0,0.28,0.3255813953488372,5.0,7.0,9.0,7.0,7.0,UNIFIED_STAGE_AWARE_UCI,,,,,,,,,,,,,,,,,,,
student_por,hist_gradient_boosting_por,hist_gradient_boosting,S1_MID_G1_ONLY,0.7565485362095532,0.6608131536335634,0.7144421736367393,0.6608131536335634,0.6832892825942233,0.7503595030664729,0.7632393022987921,0.8849384181533987,0.3693004463455969,0.7141485469467678,0.1429253654976264,32.0,51.0,0.6832892825942233,0.0,0.49,0.5414364640883977,10.0,10.0,9.0,10.0,10.0,UNIFIED_STAGE_AWARE_UCI,,,,,,,,,,,,,,,,,,,
student_por,hist_gradient_boosting_por,hist_gradient_boosting,S2_LATE_G1_G2,0.8597842835130971,0.8019875330240939,0.8371087488399561,0.8019875330240939,0.8181733953864985,0.8580226588377352,0.8866282588139746,0.944883701809825,0.2205835749552863,0.4699874131395251,0.0861164762635641,25.0,35.0,0.8181733953864985,0.0,0.65,0.6842105263157895,8.0,9.0,8.0,9.0,8.0,UNIFIED_STAGE_AWARE_UCI,,,,,,,,,,,,,,,,,,,
student_por,logistic_regression_por,logistic_regression,S0_EARLY_NO_GRADE,0.4268104776579353,0.5514179967615082,0.4750878446250695,0.5514179967615082,0.4350604201757209,0.4168520463186213,0.4898441864844238,0.6802212706994971,0.6220063707113146,0.9921334973141044,0.1133188019383256,83.0,24.0,0.435060420175721,5.551115123125783e-17,0.58,0.465863453815261,8.0,5.0,7.0,5.0,5.0,UNIFIED_STAGE_AWARE_UCI,,,,,,,,,,,,,,,,,,,
student_por,logistic_regression_por,logistic_regression,S1_MID_G1_ONLY,0.7781201848998459,0.8201341660883646,0.7259084265545986,0.8201341660883646,0.757211187295304,0.7833118751023127,0.8349277816641166,0.9246297543878196,0.3304898764527194,0.5434808851841012,0.0475507478649969,61.0,16.0,0.757211187295304,0.0,0.84,0.6857142857142857,4.0,4.0,4.0,4.0,2.0,UNIFIED_STAGE_AWARE_UCI,,,,,,,,,,,,,,,,,,,
student_por,logistic_regression_por,logistic_regression,S2_LATE_G1_G2,0.8597842835130971,0.8908020745827093,0.8093417792541175,0.8908020745827093,0.8404435657780885,0.8633287408412522,0.9268420418438184,0.9646184848957524,0.2102679289425792,0.3633993666078953,0.0412861178582193,47.0,11.0,0.8404435657780885,0.0,0.89,0.7542372881355932,5.0,3.0,2.0,4.0,2.0,UNIFIED_STAGE_AWARE_UCI,,,,,,,,,,,,,,,,,,,
student_por,mlp_por,mlp,S0_EARLY_NO_GRADE,0.6409861325115562,0.4034211135054847,0.5498976014439932,0.4034211135054847,0.4002416046878521,0.5688123674952156,0.507287481667945,0.701215913389959,0.4875353260885288,0.7943658942273174,0.0606421781235036,24.0,80.0,0.4002058596895953,0.0275694424159314,0.2,0.2758620689655172,10.0,10.0,3.0,10.0,10.0,UNIFIED_STAGE_AWARE_UCI,,,,,,,,,,,,,,,,,,,
student_por,mlp_por,mlp,S1_MID_G1_ONLY,0.8058551617873652,0.733444123841874,0.7757847533632286,0.733444123841874,0.7523371666173523,0.8026522213953937,0.8274153687855651,0.9222882492519684,0.2664523297483898,0.4325137567843637,0.0304457477642096,27.0,40.0,0.7360994014866254,0.0069117502032727,0.6,0.6417112299465241,7.0,9.0,6.0,9.0,9.0,UNIFIED_STAGE_AWARE_UCI,,,,,,,,,,,,,,,,,,,
student_por,mlp_por,mlp,S2_LATE_G1_G2,0.884437596302003,0.8491799067411763,0.8557001923129679,0.8491799067411763,0.8520445326449201,0.8834971785234772,0.9236846001059642,0.964516936617296,0.1632212711865524,0.2828465498241753,0.0216032807049597,22.0,29.0,0.8374379046126386,0.0117424622786691,0.71,0.7357512953367875,2.0,6.0,6.0,7.0,5.0,UNIFIED_STAGE_AWARE_UCI,,,,,,,,,,,,,,,,,,,
student_por,random_forest_por,random_forest,S0_EARLY_NO_GRADE,0.5084745762711864,0.5882720333102013,0.5220536592218007,0.5882720333102013,0.508215391459486,0.517228837181338,0.5165690127270833,0.7161395557901167,0.5719715989645038,0.9296577691567596,0.0418094682452937,64.0,25.0,0.5106421941491683,0.0043772903916923,0.6,0.5309734513274337,3.0,3.0,2.0,4.0,2.0,UNIFIED_STAGE_AWARE_UCI,,,,,,,,,,,,,,,,,,,
student_por,random_forest_por,random_forest,S1_MID_G1_ONLY,0.810477657935285,0.8214957936131099,0.7585055637772253,0.8214957936131099,0.783545566391818,0.8144936825818174,0.8203914509688661,0.9224413618646364,0.3025138714258972,0.5142322044220073,0.0940169503863112,51.0,20.0,0.7790554551495305,0.0028229237884237,0.8,0.6926406926406926,1.0,2.0,7.0,6.0,1.0,UNIFIED_STAGE_AWARE_UCI,,,,,,,,,,,,,,,,,,,
student_por,random_forest_por,random_forest,S2_LATE_G1_G2,0.8798151001540832,0.8815011505168194,0.8376700232091506,0.8815011505168194,0.8570554572996425,0.8817063804581269,0.9258060189109352,0.9670963456623162,0.1753678771051721,0.3111115511899142,0.0478923585419871,34.0,16.0,0.8584093168712004,0.0032539651153966,0.84,0.7706422018348624,1.0,5.0,3.0,5.0,1.0,UNIFIED_STAGE_AWARE_UCI,,,,,,,,,,,,,,,,,,,
student_por,svm_por,svm,S0_EARLY_NO_GRADE,0.6086286594761171,0.4352540268088681,0.4931094754734529,0.4352540268088681,0.4492991583132428,0.5799641469634308,0.4688769113412062,0.67322201650551,0.5371142202551853,0.8792870743809124,0.1426245012763951,36.0,73.0,0.4476122993548125,0.0026591681639644,0.24,0.3,7.0,9.0,8.0,9.0,9.0,UNIFIED_STAGE_AWARE_UCI,,,,,,,,,,,,,,,,,,,
student_por,svm_por,svm,S1_MID_G1_ONLY,0.8012326656394453,0.7429424011103402,0.76417547409072,0.7429424011103402,0.752930713800279,0.7997654309371331,0.803127417500562,0.9159242090678116,0.2848044074418631,0.4600517328361759,0.0296129333963619,31.0,36.0,0.7538733422053211,0.0024308637132333,0.64,0.6564102564102564,6.0,8.0,8.0,7.0,8.0,UNIFIED_STAGE_AWARE_UCI,,,,,,,,,,,,,,,,,,,
student_por,svm_por,svm,S2_LATE_G1_G2,0.8551617873651772,0.7682062894919465,0.8483849483849483,0.7682062894919465,0.799814559254787,0.8489617657292053,0.8772280256613237,0.9526647125980108,0.2130190494063644,0.3688550778120456,0.0625895260774849,16.0,46.0,0.8013843229328417,0.0020096820428423,0.54,0.6352941176470588,9.0,10.0,9.0,10.0,10.0,UNIFIED_STAGE_AWARE_UCI,,,,,,,,,,,,,,,,,,,
student_por,xgboost_por,xgboost,S0_EARLY_NO_GRADE,0.6456086286594761,0.4384995799700501,0.5595213263805322,0.4384995799700501,0.4533470507544582,0.5955426835841149,0.5168320704641282,0.7019357673006755,0.4853704742032169,0.7994783509849298,0.0746894825959673,24.0,74.0,0.4555098793538173,0.0076949015011603,0.26,0.3466666666666667,6.0,8.0,1.0,8.0,6.0,UNIFIED_STAGE_AWARE_UCI,,,,,,,,,,,,,,,,,,,
student_por,xgboost_por,xgboost,S1_MID_G1_ONLY,0.8120184899845917,0.7512298963926124,0.7812204080421247,0.7512298963926124,0.7647507114873956,0.8097797066479916,0.8293819023456187,0.921044979522549,0.2702871778780209,0.4405715049210339,0.0421692218651334,23.0,37.0,0.7615053211355318,0.0050873161292448,0.63,0.6774193548387096,3.0,7.0,5.0,8.0,6.0,UNIFIED_STAGE_AWARE_UCI,,,,,,,,,,,,,,,,,,,
student_por,xgboost_por,xgboost,S2_LATE_G1_G2,0.8798151001540832,0.829655697188843,0.8586275038843865,0.829655697188843,0.8428343826024025,0.8778819117597916,0.9240453789021053,0.96204812891834,0.1650561071191823,0.2893637458181421,0.0301429191887524,20.0,33.0,0.8443149580971239,0.0019073954896359,0.67,0.7165775401069518,4.0,7.0,5.0,8.0,7.0,UNIFIED_STAGE_AWARE_UCI,,,,,,,,,,,,,,,,,,,
oulad,bilstm_only_oulad,bilstm_only,E1_EARLY_20PCT,0.7187592881818771,0.7025472625524495,0.7238177111492264,0.7025472625524495,0.7041545750027264,0.7118318136494758,0.7646718732930854,0.7800628450362961,0.2029747234769219,0.5885189195240448,0.1237389786440114,,,0.6761195397553692,0.0146596643162886,,,2.0,,,,,UNIFIED_OULAD_MULTI_STAGE,0.6385843940592734,0.7380288975220153,0.5636303859925126,INNER_OOF_STAGE_THRESHOLD,0.6668860912322998,0.6560368780237916,0.6987865508347354,0.7096065247764374,0.8414641391123863,0.7697247559461795,0.8414641391123863,2596.0,489.3333333333333,1063.6666666666667,1373.0,5522.0,2436.6666666666665,3085.333333333333,1.0
oulad,bilstm_only_oulad,bilstm_only,E2_EARLY_35PCT,0.75434500019333,0.7428408723899921,0.7497684204936728,0.7428408723899921,0.744761378206093,0.7526491816482409,0.8101504417772687,0.8257700360555372,0.1714926351655139,0.5111724842431014,0.0899067699977585,,,0.7342512990085318,0.007950301135788,,,5.0,,,,,UNIFIED_OULAD_MULTI_STAGE,0.6956174570528898,0.7252148413673131,0.670159838792222,INNER_OOF_STAGE_THRESHOLD,0.5610084732373556,0.7230048985693687,0.7446318778437737,0.7743219996200322,0.8155219059877622,0.7939052993592964,0.8155219059877622,2516.6666666666665,569.6666666666666,736.0,1493.0,5315.333333333333,2229.0,3086.333333333333,1.0
oulad,bilstm_only_oulad,bilstm_only,L1_LATE_75PCT,0.8001176941666527,0.8143100947502093,0.79344415670528,0.8143100947502093,0.7946493504397693,0.8035253522575783,0.903095362190168,0.9166224798325652,0.0996138442539337,0.3231951282329783,0.0378819455285116,,,0.8458388310725405,0.0038575652880658,,,10.0,,,,,UNIFIED_OULAD_MULTI_STAGE,0.7611954909282517,0.678646599820785,0.867325367046567,INNER_OOF_STAGE_THRESHOLD,0.2810987929503122,0.8398696745040425,0.8495935525865193,0.9082417135897752,0.7612948224538517,0.8281032099512867,0.7612948224538517,2349.6666666666665,737.0,238.0,1553.6666666666667,4878.333333333333,1791.6666666666667,3086.6666666666665,1.0
oulad,bilstm_only_oulad,bilstm_only,M1_MIDDLE_FROZEN,0.7814238916459738,0.7829821049359903,0.774279208021296,0.7829821049359903,0.7761680920764843,0.7831421783414569,0.8590045685064015,0.8734208553638064,0.1360524370013518,0.4201055765348596,0.0517977094931741,,,0.789312302204753,0.0031937135952952,,,9.0,,,,,UNIFIED_OULAD_MULTI_STAGE,0.7419957091886609,0.7000348379569186,0.7900827177839821,INNER_OOF_STAGE_THRESHOLD,0.4009676675001779,0.7850996864708629,0.793797158609007,0.8485235780856736,0.7758814920879987,0.8103404749643076,0.7758814920879987,2394.6666666666665,692.0,428.3333333333333,1611.0,5126.0,2039.3333333333333,3086.6666666666665,1.0
oulad,cnn_bilstm_oulad,cnn_bilstm,E1_EARLY_20PCT,0.7167702153037236,0.6991579095364234,0.724302313451077,0.6991579095364234,0.700322633804292,0.7085064331498875,0.7624229043612468,0.7792751490149273,0.2046585766972919,0.5928774023979392,0.1274381112334024,,,0.671162401920221,0.0188362054950983,,,5.0,,,,,UNIFIED_OULAD_MULTI_STAGE,0.6303882863472818,0.7440049466639792,0.5481966848965272,INNER_OOF_STAGE_THRESHOLD,0.6870838403701782,0.6500846670819092,0.7000520557664512,0.7045996802381748,0.8501191341763196,0.7702569812613023,0.8501191341763196,2622.6666666666665,462.6666666666667,1101.3333333333333,1335.3333333333333,5522.0,2436.6666666666665,3085.333333333333,1.0
oulad,cnn_bilstm_oulad,cnn_bilstm,E2_EARLY_35PCT,0.7572986555257621,0.7397716252786838,0.7578618173156878,0.7397716252786838,0.7435057513742885,0.752964181990473,0.8086265061116874,0.8255066123047833,0.1733362177202302,0.5165987605608812,0.0978958023749556,,,0.7305016400048232,0.0101640455362476,,,8.0,,,,,UNIFIED_OULAD_MULTI_STAGE,0.6844875722089302,0.754602938653479,0.6293323320593436,INNER_OOF_STAGE_THRESHOLD,0.6061860124270121,0.7154120293607891,0.7425818917238646,0.7611206959778967,0.850210918498024,0.8025239305396471,0.850210918498024,2623.6666666666665,462.6666666666667,827.3333333333334,1401.6666666666667,5315.333333333333,2229.0,3086.333333333333,1.0
oulad,cnn_bilstm_oulad,cnn_bilstm,L1_LATE_75PCT,0.8130368292596319,0.821260356220176,0.8027942088983347,0.821260356220176,0.806210831776756,0.8158165213149774,0.9035159544083524,0.9166334265895606,0.1005880415808532,0.3268188495641358,0.0478397826292222,,,0.8463135507259626,0.0027635744599088,,,7.0,,,,,UNIFIED_OULAD_MULTI_STAGE,0.7700229850977663,0.703419955214018,0.8518503792411601,INNER_OOF_STAGE_THRESHOLD,0.3108936548233031,0.8421836349282601,0.8498424611608654,0.9021684625826516,0.7906703331991918,0.842398678455746,0.7906703331991918,2440.333333333333,646.3333333333334,265.6666666666667,1526.0,4878.333333333333,1791.6666666666667,3086.6666666666665,1.0
oulad,cnn_bilstm_oulad,cnn_bilstm,M1_MIDDLE_FROZEN,0.7926128985576718,0.7877247430481743,0.7839508961153285,0.7877247430481743,0.7851923739506379,0.7933157256007255,0.8590716172507838,0.8737021893336524,0.1373539363218792,0.4243355069918254,0.0617450991645678,,,0.7882223037799946,0.004814160270054,,,8.0,,,,,UNIFIED_OULAD_MULTI_STAGE,0.7453990103218618,0.7291688943827337,0.7632826904038477,INNER_OOF_STAGE_THRESHOLD,0.4467967847983042,0.7810251870868172,0.7937024435758708,0.8387328978479234,0.812166795692501,0.8249857375794138,0.812166795692501,2506.6666666666665,580.0,483.0,1556.3333333333333,5126.0,2039.3333333333333,3086.6666666666665,1.0
oulad,cnn_only_oulad,cnn_only,E1_EARLY_20PCT,0.7171307017528578,0.6983987437026391,0.726051192429363,0.6983987437026391,0.6995437442219986,0.7080813937569569,0.7641851729798262,0.780265247569497,0.2012798137166958,0.5853826516913027,0.1170411122802908,,,0.6785324675515776,0.0173721146819555,,,6.0,,,,,UNIFIED_OULAD_MULTI_STAGE,0.6269986306041269,0.7499540161796485,0.5391005452886922,INNER_OOF_STAGE_THRESHOLD,0.6799590190251669,0.6532665563457862,0.7023999210710797,0.7021483686790776,0.8576969421165863,0.7720888578398704,0.8576969421165863,2646.333333333333,439.0,1123.0,1313.6666666666667,5522.0,2436.6666666666665,3085.333333333333,1.0
oulad,cnn_only_oulad,cnn_only,E2_EARLY_35PCT,0.7594301724656104,0.7401760441709699,0.7605779040592093,0.7401760441709699,0.7447595494983467,0.7546030557369475,0.810031843155488,0.8264284845567337,0.1725629900309417,0.5145706242954534,0.0957969598535982,,,0.7303948345406691,0.0121082541356409,,,6.0,,,,,UNIFIED_OULAD_MULTI_STAGE,0.6836383037624292,0.7629115478573282,0.6200671659830697,INNER_OOF_STAGE_THRESHOLD,0.6117486953735352,0.7117935285770711,0.7453089825886693,0.7582442602610905,0.8602849223588701,0.8058807952342643,0.8602849223588701,2655.0,431.3333333333333,847.3333333333334,1381.6666666666667,5315.333333333333,2229.0,3086.333333333333,1.0
oulad,cnn_only_oulad,cnn_only,L1_LATE_75PCT,0.8093650983094295,0.8193190362233613,0.7999105026616465,0.8193190362233613,0.8029396300868147,0.8123440237058475,0.903292993172774,0.916490473418124,0.1011635413345636,0.3279502914444019,0.0480402639021636,,,0.8436397451664456,0.0061987549124835,,,9.0,,,,,UNIFIED_OULAD_MULTI_STAGE,0.7675524761535888,0.6957107882273785,0.8567683690064873,INNER_OOF_STAGE_THRESHOLD,0.3110281527042389,0.8341020884586281,0.850629634467207,0.9041102170959148,0.7818697034402353,0.8383267840200407,0.7818697034402353,2413.333333333333,673.3333333333334,256.6666666666667,1535.0,4878.333333333333,1791.6666666666667,3086.6666666666665,1.0
oulad,cnn_only_oulad,cnn_only,M1_MIDDLE_FROZEN,0.7960654356613949,0.7898003277889264,0.7871665165351928,0.7898003277889264,0.7882055401232478,0.7965321289623649,0.8594858724672889,0.8737509819816855,0.1370723208965366,0.4235469680658446,0.0607018602493221,,,0.7879219873878706,0.0066031462381053,,,7.0,,,,,UNIFIED_OULAD_MULTI_STAGE,0.7474741411198206,0.736738069459476,0.7589370159122707,INNER_OOF_STAGE_THRESHOLD,0.4514751334985097,0.7775122462183351,0.7961225714146876,0.8375949636109096,0.8206636396655821,0.8289369391266752,0.8206636396655821,2533.0,553.6666666666666,491.6666666666667,1547.6666666666667,5126.0,2039.3333333333333,3086.6666666666665,1.0
oulad,decision_tree_oulad,decision_tree,E1_EARLY_20PCT,0.6667914620651839,0.6315507663079396,0.7157348511134934,0.6315507663079396,0.6124856674948137,0.6295336594829292,0.6849298862865009,0.7167719006887635,0.2294737343664707,0.9680716823676292,0.1282010889738671,,,0.6602068962907863,0.0003669101680825,,,10.0,,,,,UNIFIED_OULAD_MULTI_STAGE,0.4675183572106299,0.7931116968862651,0.3318293600584372,INNER_OOF_STAGE_THRESHOLD,0.8799999999999999,0.6596944732652045,0.6607273955689902,0.6383580053407218,0.931272172557442,0.7574529777789976,0.931272172557442,2873.333333333333,212.0,1628.0,808.6666666666666,5522.0,2436.6666666666665,3085.333333333333,1.0
oulad,decision_tree_oulad,decision_tree,E2_EARLY_35PCT,0.7211206268112743,0.6878918461963696,0.73570282751758,0.6878918461963696,0.6898955478144145,0.7057699780806533,0.7119693151846226,0.755733101485142,0.2080191636005165,0.9860811561372635,0.1209485586287941,,,0.7027984105270253,0.0005392489144483,,,10.0,,,,,UNIFIED_OULAD_MULTI_STAGE,0.5915108046106609,0.7664741744768286,0.4817224688111117,INNER_OOF_STAGE_THRESHOLD,0.756636862077208,0.7019013168252846,0.703387673667122,0.7049314805583311,0.8940612235816275,0.7882802910181684,0.8940612235816275,2759.333333333333,327.0,1155.3333333333333,1073.6666666666667,5315.333333333333,2229.0,3086.333333333333,1.0
oulad,decision_tree_oulad,decision_tree,L1_LATE_75PCT,0.8176206598145926,0.8058584873041387,0.8037972413208422,0.8058584873041387,0.8045919213872074,0.817977503109415,0.8460764037374858,0.8740753450700095,0.1286685653821972,0.6023584482535541,0.0811698861507012,,,0.8098192224781791,0.0006697168847888,,,8.0,,,,,UNIFIED_OULAD_MULTI_STAGE,0.7542394993846179,0.7475218402700418,0.7616181082665547,INNER_OOF_STAGE_THRESHOLD,0.4746178370400706,0.8089899441135349,0.8108176133460816,0.8600726423716427,0.8500988663417228,0.8549443433897969,0.8500988663417228,2624.0,462.6666666666667,427.0,1364.6666666666667,4878.333333333333,1791.6666666666667,3086.6666666666665,1.0
oulad,decision_tree_oulad,decision_tree,M1_MIDDLE_FROZEN,0.7748724535973707,0.7475287593872361,0.7746441163225763,0.7475287593872361,0.7546990688589096,0.7690732686511934,0.7699904823355586,0.8077970181832673,0.1758005866060611,0.8479797288450263,0.1066303900915012,,,0.7417124497288469,0.0010640941265117,,,10.0,,,,,UNIFIED_OULAD_MULTI_STAGE,0.6843531440186558,0.7738921877384416,0.6135067913003308,INNER_OOF_STAGE_THRESHOLD,0.6416666666666666,0.7404040464234942,0.7434544362978786,0.7753960449067111,0.8815507274741411,0.8250449936991634,0.8815507274741411,2721.0,365.6666666666667,788.3333333333334,1251.0,5126.0,2039.3333333333333,3086.6666666666665,1.0
oulad,hist_gradient_boosting_oulad,hist_gradient_boosting,E1_EARLY_20PCT,0.7210542554307601,0.7011135395085489,0.7336765909568413,0.7011135395085489,0.7020099223877277,0.7108436347733678,0.7744824269102275,0.7854645408293126,0.1829199376382013,0.5424150843628638,0.0186299500951488,,,0.709660079737581,0.0026961193088679,,,4.0,,,,,UNIFIED_OULAD_MULTI_STAGE,0.6267264139222832,0.765665377486318,0.5308557128707452,INNER_OOF_STAGE_THRESHOLD,0.5431933230969602,0.7057317031343691,0.7131060707073056,0.7016878044273646,0.8713713661463528,0.7772934308531722,0.8713713661463528,2688.333333333333,397.0,1143.3333333333333,1293.3333333333333,5522.0,2436.6666666666665,3085.333333333333,1.0
oulad,hist_gradient_boosting_oulad,hist_gradient_boosting,E2_EARLY_35PCT,0.7664610747132815,0.7475790009133512,0.7679867378804822,0.7475790009133512,0.7523687099649373,0.761875615906802,0.8170042073541032,0.8304083696086607,0.1593718313874421,0.4816149874837843,0.0166181799810801,,,0.7484150400769506,0.0018198666979615,,,2.0,,,,,UNIFIED_OULAD_MULTI_STAGE,0.6933242447591971,0.7719512083599742,0.6297966886806258,INNER_OOF_STAGE_THRESHOLD,0.4837863477723518,0.745506610246183,0.7506979741568295,0.7640222674009903,0.8653613131460766,0.8114131751706776,0.8653613131460766,2670.6666666666665,415.6666666666667,825.6666666666666,1403.3333333333333,5315.333333333333,2229.0,3086.333333333333,1.0
oulad,hist_gradient_boosting_oulad,hist_gradient_boosting,L1_LATE_75PCT,0.837442762027813,0.8355870507321413,0.8239337830932062,0.8355870507321413,0.8284440413673929,0.838878616241277,0.9064765033905662,0.9193657499430504,0.0963263351051813,0.3124499587252075,0.0140545428185445,,,0.8495259440768176,0.0019537203786282,,,4.0,,,,,UNIFIED_OULAD_MULTI_STAGE,0.7891688274227987,0.7535082393688302,0.8285041559761709,INNER_OOF_STAGE_THRESHOLD,0.2707008744843318,0.8464925145038354,0.8519956649432713,0.8943593268175821,0.8426699454881118,0.8677192553119872,0.8426699454881118,2601.0,485.6666666666667,307.3333333333333,1484.3333333333333,4878.333333333333,1791.6666666666667,3086.6666666666665,1.0
oulad,hist_gradient_boosting_oulad,hist_gradient_boosting,M1_MIDDLE_FROZEN,0.8039344651711127,0.7916592491573726,0.7965642398714055,0.7916592491573726,0.7937570347974517,0.8031187258674596,0.8608873687536726,0.8744991245871848,0.1317184375659797,0.4078420654628701,0.0148457557116457,,,0.7924653163678097,0.002099631792784,,,1.0,,,,,UNIFIED_OULAD_MULTI_STAGE,0.7479484120303775,0.7655246245490802,0.731348979222694,INNER_OOF_STAGE_THRESHOLD,0.3856263825571764,0.7893924413500574,0.7955975501408377,0.8276038551937307,0.8519695190920511,0.8395656575645258,0.8519695190920511,2629.6666666666665,457.0,548.0,1491.3333333333333,5126.0,2039.3333333333333,3086.6666666666665,1.0
oulad,logistic_regression_oulad,logistic_regression,E1_EARLY_20PCT,0.7168269779132136,0.6974658604987404,0.7270011513712547,0.6974658604987404,0.698417152891902,0.7071677529892835,0.7589772411131946,0.7767517827891869,0.1917524757622987,0.5638431241462659,0.0626239001625792,,,0.7046689017554181,0.0,,,8.0,,,,,UNIFIED_OULAD_MULTI_STAGE,0.6239082490393838,0.7538077069465885,0.5323282192779372,INNER_OOF_STAGE_THRESHOLD,0.6271200194995715,0.7046689017554181,0.7046689017554181,0.7001945957959207,0.8626035017195434,0.7729260567444204,0.8626035017195434,2661.333333333333,424.0,1139.6666666666667,1297.0,5522.0,2436.6666666666665,3085.333333333333,1.0
oulad,logistic_regression_oulad,logistic_regression,E2_EARLY_35PCT,0.7577393817046884,0.7402459580345077,0.7565218822337334,0.7402459580345077,0.7443972027125662,0.753805096668859,0.8025852340054138,0.822152672940163,0.1715579636926554,0.5138581410206416,0.0818383107709369,,,0.7416903520738304,0.0,,,7.0,,,,,UNIFIED_OULAD_MULTI_STAGE,0.6860165353903565,0.7517568370241658,0.6312337348087257,INNER_OOF_STAGE_THRESHOLD,0.5910078054588769,0.7416903520738304,0.7416903520738304,0.7612869274433011,0.8492581812602898,0.802777870034776,0.8492581812602898,2621.0,465.3333333333333,822.3333333333334,1406.6666666666667,5315.333333333333,2229.0,3086.333333333333,1.0
oulad,logistic_regression_oulad,logistic_regression,L1_LATE_75PCT,0.8348487372218202,0.8314398885450437,0.8211510406283361,0.8314398885450437,0.8252879473720528,0.8361380227513845,0.9001748290973738,0.9134503492874316,0.1024030663799673,0.3296654133622555,0.0366256473648312,,,0.8449814096126763,3.7007434154171876e-17,,,6.0,,,,,UNIFIED_OULAD_MULTI_STAGE,0.7844328702479929,0.7532029960256907,0.8184901305602743,INNER_OOF_STAGE_THRESHOLD,0.3757231002938136,0.8449814096126763,0.8449814096126763,0.8890990852309812,0.8443896465298133,0.8661430244961125,0.8443896465298133,2606.333333333333,480.3333333333333,325.3333333333333,1466.3333333333333,4878.333333333333,1791.6666666666667,3086.6666666666665,1.0
oulad,logistic_regression_oulad,logistic_regression,M1_MIDDLE_FROZEN,0.798337319776449,0.7874408129997786,0.7900572335451587,0.7874408129997786,0.788616848869561,0.7978836433985226,0.8518617878141402,0.8687417652092911,0.1391314830290796,0.4295827777188226,0.0523352264020638,,,0.7907500662448919,0.0,,,6.0,,,,,UNIFIED_OULAD_MULTI_STAGE,0.743288911854039,0.7530029092793403,0.7339345552873069,INNER_OOF_STAGE_THRESHOLD,0.4738082766037035,0.7907500662448919,0.7907500662448919,0.8271115578109766,0.8409470707122503,0.8339447858850829,0.8409470707122503,2595.6666666666665,491.0,542.6666666666666,1496.6666666666667,5126.0,2039.3333333333333,3086.6666666666665,1.0
oulad,mlp_oulad,mlp,E1_EARLY_20PCT,0.7209270523466861,0.6990881819111322,0.7378495225671782,0.6990881819111322,0.69932219011707,0.7088139198120821,0.7712196890447828,0.7831735714696245,0.1844588642386227,0.5474521472702533,0.0222756856773846,,,0.7046293528899109,0.0035413309092536,,,7.0,,,,,UNIFIED_OULAD_MULTI_STAGE,0.618786528908107,0.7784057544146178,0.5135626040642387,INNER_OOF_STAGE_THRESHOLD,0.569265251161454,0.6987318123281226,0.7090113969287666,0.6972932907197386,0.8846137597580258,0.7798578513260329,0.8846137597580258,2729.333333333333,356.0,1185.0,1251.6666666666667,5522.0,2436.6666666666665,3085.333333333333,1.0
oulad,mlp_oulad,mlp,E2_EARLY_35PCT,0.7654551724674623,0.7441821113443353,0.7694614109088888,0.7441821113443353,0.749531116278018,0.7597292664432856,0.8161268314470331,0.829740573138327,0.1597554337452489,0.4833346598764759,0.0192516551431158,,,0.7429058860428682,0.0031090069486168,,,3.0,,,,,UNIFIED_OULAD_MULTI_STAGE,0.6864191936970861,0.7810682802911222,0.6123417457437895,INNER_OOF_STAGE_THRESHOLD,0.4921776479831389,0.7372891604696069,0.7460562054038741,0.7578545415266554,0.8760224769448813,0.81264303885895,0.8760224769448813,2703.6666666666665,382.6666666666667,864.0,1365.0,5315.333333333333,2229.0,3086.333333333333,1.0
oulad,mlp_oulad,mlp,L1_LATE_75PCT,0.8353176699224619,0.8364018724605065,0.8220313943247296,0.8364018724605065,0.8270861171741896,0.8371127238035728,0.9079161280226126,0.921283321766306,0.0953006868706884,0.3096353984080226,0.0154746979795967,,,0.850779279388362,0.0020637016821752,,,5.0,,,,,UNIFIED_OULAD_MULTI_STAGE,0.7893781464907913,0.7441262293648382,0.840506456449739,INNER_OOF_STAGE_THRESHOLD,0.2602111483639852,0.8482756908490376,0.8541585333163999,0.899936559284621,0.8322972884712739,0.8647940878575877,0.8322972884712739,2569.0,517.6666666666666,285.6666666666667,1506.0,4878.333333333333,1791.6666666666667,3086.6666666666665,1.0
oulad,mlp_oulad,mlp,M1_MIDDLE_FROZEN,0.803095012896112,0.7910841602191581,0.7955736613020151,0.7910841602191581,0.793005639695917,0.8023414262633924,0.861968599615435,0.8755411386614615,0.1312743529801383,0.4073802781593781,0.0141033272660351,,,0.7912346171852104,0.0020305623226054,,,2.0,,,,,UNIFIED_OULAD_MULTI_STAGE,0.747357896584254,0.7633525557679595,0.7322584458648503,INNER_OOF_STAGE_THRESHOLD,0.3892256532526674,0.7880822627200038,0.7939092265812574,0.8277947668360707,0.8499098745734656,0.8386533828075802,0.8499098745734656,2623.333333333333,463.3333333333333,546.0,1493.3333333333333,5126.0,2039.3333333333333,3086.6666666666665,1.0
oulad,random_forest_oulad,random_forest,E1_EARLY_20PCT,0.7161013775659102,0.6961891345038795,0.7271557253100595,0.6961891345038795,0.6969408444639952,0.705900786841779,0.7608210040854564,0.7773761986004524,0.1879157704053834,0.5547152312892302,0.0321921348758552,,,0.7052192089078035,0.001637836992732,,,9.0,,,,,UNIFIED_OULAD_MULTI_STAGE,0.6207814544849248,0.7558265181662356,0.526772581527359,INNER_OOF_STAGE_THRESHOLD,0.5442998965250593,0.7028366305559302,0.7074886895685576,0.6984849324538834,0.8656056874804001,0.7731002344430653,0.8656056874804001,2670.6666666666665,414.6666666666667,1153.0,1283.6666666666667,5522.0,2436.6666666666665,3085.333333333333,1.0
oulad,random_forest_oulad,random_forest,E2_EARLY_35PCT,0.7566800063208355,0.7377171277636668,0.7566382826253254,0.7377171277636668,0.7422040766544158,0.7520566707524291,0.8078231258568067,0.8233164437657495,0.1639746412593422,0.4933270711949731,0.0325158603822896,,,0.7412207293607934,0.0019779326271457,,,9.0,,,,,UNIFIED_OULAD_MULTI_STAGE,0.6811495827380908,0.7561616018536735,0.6199160344958664,INNER_OOF_STAGE_THRESHOLD,0.495386489103258,0.7387081637576572,0.7444826606044225,0.7571149633969773,0.8555182210314672,0.8032585705707409,0.8555182210314672,2640.333333333333,446.0,847.3333333333334,1381.6666666666667,5315.333333333333,2229.0,3086.333333333333,1.0
oulad,random_forest_oulad,random_forest,L1_LATE_75PCT,0.8399041575359701,0.8361558748675667,0.82641781879294,0.8361558748675667,0.8304379926547195,0.8410785941297022,0.9037730581894694,0.9167425739827976,0.0983789169483238,0.3189619496041447,0.0275645966336047,,,0.8486157047355998,0.000940481738664,,,3.0,,,,,UNIFIED_OULAD_MULTI_STAGE,0.7903883865372897,0.7611872987712193,0.8219816522471879,INNER_OOF_STAGE_THRESHOLD,0.3198967627249552,0.8473859945151535,0.8500415660677607,0.8916483388146604,0.8503300974879457,0.8704875987721494,0.8503300974879457,2624.6666666666665,462.0,319.0,1472.6666666666667,4878.333333333333,1791.6666666666667,3086.6666666666665,1.0
oulad,random_forest_oulad,random_forest,M1_MIDDLE_FROZEN,0.7996362970314644,0.7882813299158405,0.7916143382063415,0.7882813299158405,0.7897434247853409,0.7990650749730271,0.8560900689110215,0.870629749863137,0.1340962982831983,0.4168934806498905,0.0243362195330826,,,0.7897984003860627,0.0019656189519431,,,5.0,,,,,UNIFIED_OULAD_MULTI_STAGE,0.7441383057526805,0.756357550985237,0.7324780146906313,INNER_OOF_STAGE_THRESHOLD,0.4045534424775447,0.7867989078390568,0.7926503185774537,0.8268711254274459,0.8440846451410499,0.8353485438180014,0.8440846451410499,2605.333333333333,481.3333333333333,545.6666666666666,1493.6666666666667,5126.0,2039.3333333333333,3086.6666666666665,1.0
oulad,svm_oulad,svm,E1_EARLY_20PCT,0.7196638442719253,0.7017294825343908,0.727243958041334,0.7017294825343908,0.7032434362214289,0.7114493879222324,0.7524234803820673,0.7752554615619295,0.190269083261924,0.5640551251332008,0.0508983872764504,,,0.7107966192135828,0.0,,,3.0,,,,,UNIFIED_OULAD_MULTI_STAGE,0.6334436919750225,0.7486956417590546,0.5489731229286207,INNER_OOF_STAGE_THRESHOLD,0.6128559471163302,0.7107966192135828,0.7107966192135828,0.7057922743236135,0.8544858421401608,0.7730431804678354,0.8544858421401608,2636.333333333333,449.0,1099.0,1337.6666666666667,5522.0,2436.6666666666665,3085.333333333333,1.0
oulad,svm_oulad,svm,E2_EARLY_35PCT,0.7616262184689289,0.7437344273708885,0.7611616580995726,0.7437344273708885,0.7481399934316473,0.7575371233052693,0.804475968770305,0.8243327831632362,0.1639473758243898,0.4973731476784152,0.0288068098911503,,,0.7482915722657163,0.0,,,4.0,,,,,UNIFIED_OULAD_MULTI_STAGE,0.6898665961271394,0.7592278908869098,0.6323772149866403,INNER_OOF_STAGE_THRESHOLD,0.52024958011292,0.7482915722657163,0.7482915722657163,0.7630954253122352,0.8550916397551367,0.8064133907361549,0.8550916397551367,2639.0,447.3333333333333,819.6666666666666,1409.3333333333333,5315.333333333333,2229.0,3086.333333333333,1.0
oulad,svm_oulad,svm,L1_LATE_75PCT,0.8415410339628532,0.8388127460244416,0.828126804716743,0.8388127460244416,0.8324247455354504,0.8428058494064751,0.8970311615026357,0.9106478000444452,0.1004197412039435,0.3398085659123799,0.0441363187384408,,,0.851198009049846,3.7007434154171876e-17,,,1.0,,,,,UNIFIED_OULAD_MULTI_STAGE,0.7933564754112806,0.76116603316361,0.8284811907628772,INNER_OOF_STAGE_THRESHOLD,0.2630519195181199,0.851198009049846,0.851198009049846,0.8950875762698759,0.8491443012860058,0.8714930156596207,0.8491443012860058,2621.0,465.6666666666667,307.3333333333333,1484.3333333333333,4878.333333333333,1791.6666666666667,3086.6666666666665,1.0
oulad,svm_oulad,svm,M1_MIDDLE_FROZEN,0.8015274555222822,0.7913932416793369,0.7932017687480224,0.7913932416793369,0.7922353074742938,0.801220523220994,0.8523222321252854,0.8703572481404352,0.1343534684958042,0.4231620939243317,0.0246663830282515,,,0.7971852169485182,0.0,,,3.0,,,,,UNIFIED_OULAD_MULTI_STAGE,0.7483088775731255,0.75504912960759,0.7417372292335905,INNER_OOF_STAGE_THRESHOLD,0.3643699074726592,0.7971852169485182,0.7971852169485182,0.8313544078884547,0.8410492541250832,0.8361617373754622,0.8410492541250832,2596.0,490.6666666666667,526.6666666666666,1512.6666666666667,5126.0,2039.3333333333333,3086.6666666666665,1.0
oulad,xgboost_oulad,xgboost,E1_EARLY_20PCT,0.72382369489404,0.7054118794663128,0.733052435585587,0.7054118794663128,0.7069650994480221,0.7152330187985166,0.7759680864763915,0.7874715092538475,0.1822217667635843,0.5401469140171139,0.0171808299605979,,,0.7096938152031677,0.0023397573988928,,,1.0,,,,,UNIFIED_OULAD_MULTI_STAGE,0.6367580897289277,0.7584671629988016,0.5488876663744602,INNER_OOF_STAGE_THRESHOLD,0.51861172914505,0.7066373387498511,0.7127075670785278,0.7076377081723724,0.8619360925581653,0.7771721091671168,0.8619360925581653,2659.333333333333,426.0,1099.0,1337.6666666666667,5522.0,2436.6666666666665,3085.333333333333,1.0
oulad,xgboost_oulad,xgboost,E2_EARLY_35PCT,0.7643369234078685,0.7485057376080557,0.762197035244609,0.7485057376080557,0.7524274776839306,0.7611814790547718,0.818222542455596,0.8324042257344901,0.1587633969814122,0.4796054757086308,0.0178853221830885,,,0.7496667238106296,0.0012857035440688,,,1.0,,,,,UNIFIED_OULAD_MULTI_STAGE,0.6981421308941371,0.7542018788081437,0.6500323817167578,INNER_OOF_STAGE_THRESHOLD,0.4544439315795898,0.7482234637756484,0.7518259206010453,0.7701921916810743,0.8469790934993536,0.806712824473724,0.8469790934993536,2614.0,472.3333333333333,780.3333333333334,1448.6666666666667,5315.333333333333,2229.0,3086.333333333333,1.0
oulad,xgboost_oulad,xgboost,L1_LATE_75PCT,0.8409332509943046,0.8389657413656121,0.8275117966629274,0.8389657413656121,0.8320260632151449,0.842296646359248,0.907661888104766,0.9207907243035268,0.0956498110357209,0.3102435638583272,0.0155947497328327,,,0.8512649332736585,0.0008347568796999,,,2.0,,,,,UNIFIED_OULAD_MULTI_STAGE,0.7933805019773614,0.7585379161952845,0.8316128743660548,INNER_OOF_STAGE_THRESHOLD,0.2701528370380401,0.8500370249219321,0.8522111233929741,0.8964856771305701,0.8463186083651694,0.8706716244529283,0.8463186083651694,2612.333333333333,474.3333333333333,301.6666666666667,1490.0,4878.333333333333,1791.6666666666667,3086.6666666666665,1.0
oulad,xgboost_oulad,xgboost,M1_MIDDLE_FROZEN,0.8004866735152792,0.7902474080702374,0.7921644380402578,0.7902474080702374,0.791110160218004,0.8001559147797357,0.8621328713406582,0.8759518832827228,0.1310036921633945,0.4059108116857449,0.0161897006448622,,,0.7932996224577876,0.0016887157565286,,,4.0,,,,,UNIFIED_OULAD_MULTI_STAGE,0.7468633901007333,0.7540069425691353,0.7399798373712398,INNER_OOF_STAGE_THRESHOLD,0.3675674498081207,0.7911190230340415,0.7953823422340213,0.8303219335113803,0.8405149787692351,0.8353569303352747,0.8405149787692351,2594.333333333333,492.3333333333333,530.3333333333334,1509.0,5126.0,2039.3333333333333,3086.6666666666665,1.0
