candidate_id,outer_fold,trial_id,state,value,resolved_config,thresholds,selected_epochs,parameter_count,fit_count,fit_runtime_seconds,wall_runtime_seconds,failure_reason,prune_reason
V2-A0,0,0,COMPLETE,0.8217458006473481,"{""aggregate_hidden_1"": 96, ""aggregate_hidden_2"": 0, ""batch_size"": 128, ""dropout"": 0.11452090304204987, ""gradient_clip"": 1.0, ""learning_rate"": 0.0014696236810540894, ""max_epochs"": 40, ""patience"": 6, ""positive_weight"": ""none"", ""scheduler"": ""fixed_lr"", ""weight_decay"": 6.358358856676247e-05}","{""inner_macro_f1"": 0.8217458006473481, ""inner_operational_precision"": 0.7508563598995205, ""inner_operational_recall"": 0.8019512195121952, ""macro_threshold"": 0.4459999999999999, ""operational_feasible"": true, ""operational_threshold"": 0.32199999999999995}","[7, 3]",24769,2,16.134888199987472,21.0865044999955,,
V2-A0,0,1,COMPLETE,0.8193077258233179,"{""aggregate_hidden_1"": 96, ""aggregate_hidden_2"": 32, ""batch_size"": 128, ""dropout"": 0.17303616213380452, ""gradient_clip"": 1.0, ""learning_rate"": 0.0004649345697900866, ""max_epochs"": 40, ""patience"": 6, ""positive_weight"": ""sqrt_balanced"", ""scheduler"": ""deterministic_cosine"", ""weight_decay"": 2.334586407601622e-05}","{""inner_macro_f1"": 0.8193077258233179, ""inner_operational_precision"": 0.7501722158438576, ""inner_operational_recall"": 0.796829268292683, ""macro_threshold"": 0.5599999999999999, ""operational_feasible"": true, ""operational_threshold"": 0.38099999999999995}","[8, 11]",23713,2,22.942877099994803,27.803832400008105,,
V2-A0,0,2,COMPLETE,0.8228228980439154,"{""aggregate_hidden_1"": 128, ""aggregate_hidden_2"": 0, ""batch_size"": 128, ""dropout"": 0.2710582566280392, ""gradient_clip"": 1.0, ""learning_rate"": 0.0005510391929902152, ""max_epochs"": 40, ""patience"": 6, ""positive_weight"": ""none"", ""scheduler"": ""fixed_lr"", ""weight_decay"": 2.3233503515390116e-06}","{""inner_macro_f1"": 0.8228228980439154, ""inner_operational_precision"": 0.7502276867030966, ""inner_operational_recall"": 0.8036585365853659, ""macro_threshold"": 0.5179999999999999, ""operational_feasible"": true, ""operational_threshold"": 0.3379999999999999}","[8, 11]",32129,2,21.667031900011352,26.879977899996447,,
V2-A0,0,3,COMPLETE,0.8207736822418753,"{""aggregate_hidden_1"": 128, ""aggregate_hidden_2"": 32, ""batch_size"": 128, ""dropout"": 0.24947499470277126, ""gradient_clip"": 1.0, ""learning_rate"": 0.001670722151062353, ""max_epochs"": 40, ""patience"": 6, ""positive_weight"": ""sqrt_balanced"", ""scheduler"": ""deterministic_cosine"", ""weight_decay"": 1.8427970406864558e-06}","{""inner_macro_f1"": 0.8207736822418753, ""inner_operational_precision"": 0.75, ""inner_operational_recall"": 0.8041463414634147, ""macro_threshold"": 0.4979999999999999, ""operational_feasible"": true, ""operational_threshold"": 0.3539999999999999}","[11, 6]",29985,2,21.697771399994963,26.70743889998994,,
V2-A0,0,4,COMPLETE,0.8200192780091915,"{""aggregate_hidden_1"": 96, ""aggregate_hidden_2"": 64, ""batch_size"": 128, ""dropout"": 0.29306119232416433, ""gradient_clip"": 1.0, ""learning_rate"": 0.0003160426372820777, ""max_epochs"": 40, ""patience"": 6, ""positive_weight"": ""sqrt_balanced"", ""scheduler"": ""deterministic_cosine"", ""weight_decay"": 1.0388823104027941e-06}","{""inner_macro_f1"": 0.8200192780091915, ""inner_operational_precision"": 0.7501711156741958, ""inner_operational_recall"": 0.8019512195121952, ""macro_threshold"": 0.5329999999999999, ""operational_feasible"": true, ""operational_threshold"": 0.3389999999999999}","[8, 11]",28993,2,23.0776535999903,28.139188000001013,,
V2-A0,0,5,COMPLETE,0.8210126612883728,"{""aggregate_hidden_1"": 64, ""aggregate_hidden_2"": 64, ""batch_size"": 128, ""dropout"": 0.282401544584516, ""gradient_clip"": 1.0, ""learning_rate"": 0.0008681354023778793, ""max_epochs"": 40, ""patience"": 6, ""positive_weight"": ""sqrt_balanced"", ""scheduler"": ""deterministic_cosine"", ""weight_decay"": 0.0004588156549160974}","{""inner_macro_f1"": 0.8210126612883728, ""inner_operational_precision"": 0.7505197505197505, ""inner_operational_recall"": 0.7924390243902439, ""macro_threshold"": 0.4909999999999999, ""operational_feasible"": true, ""operational_threshold"": 0.37399999999999994}","[8, 4]",21697,2,18.049199100001715,23.217503499996383,,
V2-A0,0,6,COMPLETE,0.8207487680831849,"{""aggregate_hidden_1"": 64, ""aggregate_hidden_2"": 64, ""batch_size"": 256, ""dropout"": 0.17858899526908167, ""gradient_clip"": 1.0, ""learning_rate"": 0.0006450608534358238, ""max_epochs"": 40, ""patience"": 6, ""positive_weight"": ""sqrt_balanced"", ""scheduler"": ""fixed_lr"", ""weight_decay"": 0.0005280796376895364}","{""inner_macro_f1"": 0.8207487680831849, ""inner_operational_precision"": 0.7520661157024794, ""inner_operational_recall"": 0.7990243902439025, ""macro_threshold"": 0.5439999999999999, ""operational_feasible"": true, ""operational_threshold"": 0.35899999999999993}","[8, 15]",21697,2,18.02281129999028,22.954382299998542,,
V2-A0,0,7,COMPLETE,0.8203896767986738,"{""aggregate_hidden_1"": 64, ""aggregate_hidden_2"": 0, ""batch_size"": 128, ""dropout"": 0.3231397496224944, ""gradient_clip"": 1.0, ""learning_rate"": 0.0006924241994587181, ""max_epochs"": 40, ""patience"": 6, ""positive_weight"": ""fully_balanced"", ""scheduler"": ""deterministic_cosine"", ""weight_decay"": 0.00026443593078398644}","{""inner_macro_f1"": 0.8203896767986738, ""inner_operational_precision"": 0.75, ""inner_operational_recall"": 0.8048780487804879, ""macro_threshold"": 0.5229999999999999, ""operational_feasible"": true, ""operational_threshold"": 0.3879999999999999}","[10, 9]",17409,2,22.566373499983456,27.640702300006524,,
V2-A0,0,8,COMPLETE,0.8218929702811022,"{""aggregate_hidden_1"": 96, ""aggregate_hidden_2"": 64, ""batch_size"": 128, ""dropout"": 0.33572742597812977, ""gradient_clip"": 1.0, ""learning_rate"": 0.0004209523396665224, ""max_epochs"": 40, ""patience"": 6, ""positive_weight"": ""sqrt_balanced"", ""scheduler"": ""fixed_lr"", ""weight_decay"": 3.6005750292009055e-05}","{""inner_macro_f1"": 0.8218929702811022, ""inner_operational_precision"": 0.7501137915339099, ""inner_operational_recall"": 0.8039024390243903, ""macro_threshold"": 0.5429999999999999, ""operational_feasible"": true, ""operational_threshold"": 0.3509999999999999}","[13, 11]",28993,2,27.39862799999537,32.446869400009746,,
V2-A0,0,9,COMPLETE,0.8224525367823194,"{""aggregate_hidden_1"": 128, ""aggregate_hidden_2"": 0, ""batch_size"": 256, ""dropout"": 0.3270664714916634, ""gradient_clip"": 1.0, ""learning_rate"": 0.0003472097293959256, ""max_epochs"": 40, ""patience"": 6, ""positive_weight"": ""none"", ""scheduler"": ""deterministic_cosine"", ""weight_decay"": 2.720724805948669e-06}","{""inner_macro_f1"": 0.8224525367823194, ""inner_operational_precision"": 0.7503996346197762, ""inner_operational_recall"": 0.8014634146341464, ""macro_threshold"": 0.4669999999999999, ""operational_feasible"": true, ""operational_threshold"": 0.30399999999999994}","[16, 11]",32129,2,20.170924399993964,25.081728300006944,,
V2-A0,0,10,COMPLETE,0.8211629824334525,"{""aggregate_hidden_1"": 128, ""aggregate_hidden_2"": 0, ""batch_size"": 256, ""dropout"": 0.22175927364314205, ""gradient_clip"": 1.0, ""learning_rate"": 0.00020844518678959359, ""max_epochs"": 40, ""patience"": 6, ""positive_weight"": ""none"", ""scheduler"": ""fixed_lr"", ""weight_decay"": 7.3112298609116725e-06}","{""inner_macro_f1"": 0.8211629824334525, ""inner_operational_precision"": 0.7505710370031978, ""inner_operational_recall"": 0.8014634146341464, ""macro_threshold"": 0.4369999999999999, ""operational_feasible"": true, ""operational_threshold"": 0.31599999999999995}","[22, 14]",32129,2,25.59070359999896,30.78895329999796,,
V2-A0,0,11,COMPLETE,0.8209652586071343,"{""aggregate_hidden_1"": 128, ""aggregate_hidden_2"": 0, ""batch_size"": 256, ""dropout"": 0.3486343234084854, ""gradient_clip"": 1.0, ""learning_rate"": 0.0002768116887348543, ""max_epochs"": 40, ""patience"": 6, ""positive_weight"": ""none"", ""scheduler"": ""fixed_lr"", ""weight_decay"": 4.4284035430046016e-06}","{""inner_macro_f1"": 0.8209652586071343, ""inner_operational_precision"": 0.7502272727272727, ""inner_operational_recall"": 0.8051219512195122, ""macro_threshold"": 0.4859999999999999, ""operational_feasible"": true, ""operational_threshold"": 0.292}","[22, 11]",32129,2,23.08260949999385,27.958251100004414,,
V2-A0,1,0,COMPLETE,0.8279569051788842,"{""aggregate_hidden_1"": 64, ""aggregate_hidden_2"": 0, ""batch_size"": 256, ""dropout"": 0.29285977682044, ""gradient_clip"": 1.0, ""learning_rate"": 0.0005411511028191479, ""max_epochs"": 40, ""patience"": 6, ""positive_weight"": ""fully_balanced"", ""scheduler"": ""fixed_lr"", ""weight_decay"": 1.4316824215739616e-05}","{""inner_macro_f1"": 0.8279569051788842, ""inner_operational_precision"": 0.7502244165170556, ""inner_operational_recall"": 0.8167603225018324, ""macro_threshold"": 0.5159999999999999, ""operational_feasible"": true, ""operational_threshold"": 0.3909999999999999}","[12, 18]",17409,2,22.20665989998088,27.174253499993934,,
V2-A0,1,1,COMPLETE,0.8255368364590263,"{""aggregate_hidden_1"": 128, ""aggregate_hidden_2"": 64, ""batch_size"": 256, ""dropout"": 0.1195888104569407, ""gradient_clip"": 1.0, ""learning_rate"": 0.0002152725813558904, ""max_epochs"": 40, ""patience"": 6, ""positive_weight"": ""sqrt_balanced"", ""scheduler"": ""fixed_lr"", ""weight_decay"": 0.00013143994692379815}","{""inner_macro_f1"": 0.8255368364590263, ""inner_operational_precision"": 0.7501133786848072, ""inner_operational_recall"": 0.8082091375519179, ""macro_threshold"": 0.5209999999999999, ""operational_feasible"": true, ""operational_threshold"": 0.31799999999999995}","[15, 16]",36289,2,24.28463169999304,29.27368120000756,,
V2-A0,1,2,COMPLETE,0.8239844583607259,"{""aggregate_hidden_1"": 64, ""aggregate_hidden_2"": 32, ""batch_size"": 256, ""dropout"": 0.3138788334514462, ""gradient_clip"": 1.0, ""learning_rate"": 0.0004003663286194841, ""max_epochs"": 40, ""patience"": 6, ""positive_weight"": ""fully_balanced"", ""scheduler"": ""fixed_lr"", ""weight_decay"": 2.133114796633046e-06}","{""inner_macro_f1"": 0.8239844583607259, ""inner_operational_precision"": 0.75, ""inner_operational_recall"": 0.8077204984119228, ""macro_threshold"": 0.568, ""operational_feasible"": true, ""operational_threshold"": 0.36399999999999993}","[14, 16]",17441,2,22.913677499993355,27.987469400002738,,
V2-A0,1,3,COMPLETE,0.8246391820830024,"{""aggregate_hidden_1"": 64, ""aggregate_hidden_2"": 0, ""batch_size"": 256, ""dropout"": 0.11369703019731348, ""gradient_clip"": 1.0, ""learning_rate"": 0.0019742272918121685, ""max_epochs"": 40, ""patience"": 6, ""positive_weight"": ""fully_balanced"", ""scheduler"": ""fixed_lr"", ""weight_decay"": 1.5356367633919313e-05}","{""inner_macro_f1"": 0.8246391820830024, ""inner_operational_precision"": 0.7512895267997309, ""inner_operational_recall"": 0.8184705594918152, ""macro_threshold"": 0.5389999999999999, ""operational_feasible"": true, ""operational_threshold"": 0.3469999999999999}","[14, 9]",17409,2,20.039337700000036,25.326238600013312,,
V2-A0,1,4,COMPLETE,0.8240853198442134,"{""aggregate_hidden_1"": 96, ""aggregate_hidden_2"": 32, ""batch_size"": 128, ""dropout"": 0.2945236451776365, ""gradient_clip"": 1.0, ""learning_rate"": 0.0007954837285935423, ""max_epochs"": 40, ""patience"": 6, ""positive_weight"": ""fully_balanced"", ""scheduler"": ""deterministic_cosine"", ""weight_decay"": 5.17579702723637e-06}","{""inner_macro_f1"": 0.8240853198442134, ""inner_operational_precision"": 0.7506768953068592, ""inner_operational_recall"": 0.8128512093818715, ""macro_threshold"": 0.566, ""operational_feasible"": true, ""operational_threshold"": 0.3879999999999999}","[12, 12]",23713,2,29.14590479999606,34.11356450000312,,
V2-A0,1,5,COMPLETE,0.8258983260690135,"{""aggregate_hidden_1"": 64, ""aggregate_hidden_2"": 64, ""batch_size"": 128, ""dropout"": 0.272230928037541, ""gradient_clip"": 1.0, ""learning_rate"": 0.0002384796835795483, ""max_epochs"": 40, ""patience"": 6, ""positive_weight"": ""sqrt_balanced"", ""scheduler"": ""deterministic_cosine"", ""weight_decay"": 0.00010887375530802556}","{""inner_macro_f1"": 0.8258983260690135, ""inner_operational_precision"": 0.7502238137869293, ""inner_operational_recall"": 0.8189591986318104, ""macro_threshold"": 0.4859999999999999, ""operational_feasible"": true, ""operational_threshold"": 0.29499999999999993}","[17, 17]",21697,2,36.10324779999792,41.005401699992944,,
V2-A0,1,6,COMPLETE,0.8243447652458401,"{""aggregate_hidden_1"": 128, ""aggregate_hidden_2"": 64, ""batch_size"": 128, ""dropout"": 0.10851929953811584, ""gradient_clip"": 1.0, ""learning_rate"": 0.00025636822058656034, ""max_epochs"": 40, ""patience"": 6, ""positive_weight"": ""none"", ""scheduler"": ""deterministic_cosine"", ""weight_decay"": 3.2112126628041264e-05}","{""inner_macro_f1"": 0.8243447652458401, ""inner_operational_precision"": 0.7502814681378068, ""inner_operational_recall"": 0.8140728072318593, ""macro_threshold"": 0.5109999999999999, ""operational_feasible"": true, ""operational_threshold"": 0.30699999999999994}","[6, 7]",36289,2,18.996124299999792,24.03146700000798,,
V2-A0,1,7,COMPLETE,0.8255106336510187,"{""aggregate_hidden_1"": 128, ""aggregate_hidden_2"": 32, ""batch_size"": 256, ""dropout"": 0.23100783376661602, ""gradient_clip"": 1.0, ""learning_rate"": 0.0014472380398666948, ""max_epochs"": 40, ""patience"": 6, ""positive_weight"": ""sqrt_balanced"", ""scheduler"": ""fixed_lr"", ""weight_decay"": 1.1685040088264191e-05}","{""inner_macro_f1"": 0.8255106336510187, ""inner_operational_precision"": 0.7509613209681067, ""inner_operational_recall"": 0.8111409723918885, ""macro_threshold"": 0.4629999999999999, ""operational_feasible"": true, ""operational_threshold"": 0.32299999999999995}","[4, 12]",29985,2,15.867540000006557,20.808284099999582,,
V2-A0,1,8,COMPLETE,0.8260560336899094,"{""aggregate_hidden_1"": 96, ""aggregate_hidden_2"": 32, ""batch_size"": 256, ""dropout"": 0.24555072012591495, ""gradient_clip"": 1.0, ""learning_rate"": 0.0009845753624238996, ""max_epochs"": 40, ""patience"": 6, ""positive_weight"": ""none"", ""scheduler"": ""fixed_lr"", ""weight_decay"": 7.84306528023799e-06}","{""inner_macro_f1"": 0.8260560336899094, ""inner_operational_precision"": 0.7501692620176033, ""inner_operational_recall"": 0.8121182506718788, ""macro_threshold"": 0.4899999999999999, ""operational_feasible"": true, ""operational_threshold"": 0.29999999999999993}","[6, 10]",23713,2,14.812926400001745,19.81778130000748,,
V2-A0,1,9,COMPLETE,0.8240128864145382,"{""aggregate_hidden_1"": 96, ""aggregate_hidden_2"": 32, ""batch_size"": 256, ""dropout"": 0.13213822864833644, ""gradient_clip"": 1.0, ""learning_rate"": 0.00025299803629931256, ""max_epochs"": 40, ""patience"": 6, ""positive_weight"": ""fully_balanced"", ""scheduler"": ""deterministic_cosine"", ""weight_decay"": 1.001342125725556e-06}","{""inner_macro_f1"": 0.8240128864145382, ""inner_operational_precision"": 0.7500566508044414, ""inner_operational_recall"": 0.808697776691913, ""macro_threshold"": 0.6429999999999999, ""operational_feasible"": true, ""operational_threshold"": 0.38199999999999995}","[14, 14]",23713,2,21.80691470000602,26.770350400009196,,
V2-A0,1,10,COMPLETE,0.8257520725746244,"{""aggregate_hidden_1"": 64, ""aggregate_hidden_2"": 0, ""batch_size"": 128, ""dropout"": 0.1762593911610099, ""gradient_clip"": 1.0, ""learning_rate"": 0.0005159436115510831, ""max_epochs"": 40, ""patience"": 6, ""positive_weight"": ""fully_balanced"", ""scheduler"": ""fixed_lr"", ""weight_decay"": 0.000829067746142803}","{""inner_macro_f1"": 0.8257520725746244, ""inner_operational_precision"": 0.750621188163542, ""inner_operational_recall"": 0.8118739311018812, ""macro_threshold"": 0.5529999999999999, ""operational_feasible"": true, ""operational_threshold"": 0.3929999999999999}","[4, 20]",17409,2,24.88831960000971,29.80249809999077,,
V2-A0,1,11,COMPLETE,0.8241502991334799,"{""aggregate_hidden_1"": 96, ""aggregate_hidden_2"": 0, ""batch_size"": 256, ""dropout"": 0.34867415700234305, ""gradient_clip"": 1.0, ""learning_rate"": 0.0009083052361687897, ""max_epochs"": 40, ""patience"": 6, ""positive_weight"": ""none"", ""scheduler"": ""fixed_lr"", ""weight_decay"": 4.2522948474225006e-05}","{""inner_macro_f1"": 0.8241502991334799, ""inner_operational_precision"": 0.7500565482922416, ""inner_operational_recall"": 0.8101636941118984, ""macro_threshold"": 0.4369999999999999, ""operational_feasible"": true, ""operational_threshold"": 0.29599999999999993}","[7, 11]",24769,2,16.04731919999176,20.93857559999742,,
V2-A0,2,0,COMPLETE,0.8252709217769723,"{""aggregate_hidden_1"": 64, ""aggregate_hidden_2"": 0, ""batch_size"": 256, ""dropout"": 0.2564338479727395, ""gradient_clip"": 1.0, ""learning_rate"": 0.0013831591205988117, ""max_epochs"": 40, ""patience"": 6, ""positive_weight"": ""sqrt_balanced"", ""scheduler"": ""fixed_lr"", ""weight_decay"": 3.0303502684572274e-06}","{""inner_macro_f1"": 0.8252709217769723, ""inner_operational_precision"": 0.7504557885141294, ""inner_operational_recall"": 0.8144941874845412, ""macro_threshold"": 0.4879999999999999, ""operational_feasible"": true, ""operational_threshold"": 0.3399999999999999}","[18, 11]",17409,2,20.930589099996723,25.956931399996392,,
V2-A0,2,1,COMPLETE,0.8234520570079285,"{""aggregate_hidden_1"": 64, ""aggregate_hidden_2"": 0, ""batch_size"": 128, ""dropout"": 0.11342189666773991, ""gradient_clip"": 1.0, ""learning_rate"": 0.0014393653205395215, ""max_epochs"": 40, ""patience"": 6, ""positive_weight"": ""sqrt_balanced"", ""scheduler"": ""deterministic_cosine"", ""weight_decay"": 2.2360152662951693e-05}","{""inner_macro_f1"": 0.8234520570079285, ""inner_operational_precision"": 0.7500574844791906, ""inner_operational_recall"": 0.8068266139005689, ""macro_threshold"": 0.4759999999999999, ""operational_feasible"": true, ""operational_threshold"": 0.3379999999999999}","[5, 7]",17409,2,18.354948099993635,23.578851899990696,,
V2-A0,2,2,COMPLETE,0.8241636211739386,"{""aggregate_hidden_1"": 96, ""aggregate_hidden_2"": 64, ""batch_size"": 128, ""dropout"": 0.11573159739872071, ""gradient_clip"": 1.0, ""learning_rate"": 0.00030540613142817616, ""max_epochs"": 40, ""patience"": 6, ""positive_weight"": ""fully_balanced"", ""scheduler"": ""fixed_lr"", ""weight_decay"": 1.916533040263842e-05}","{""inner_macro_f1"": 0.8241636211739386, ""inner_operational_precision"": 0.750464252553389, ""inner_operational_recall"": 0.7996537224833045, ""macro_threshold"": 0.5489999999999999, ""operational_feasible"": true, ""operational_threshold"": 0.3879999999999999}","[13, 7]",28993,2,25.984917900001165,30.83442229998764,,
V2-A0,2,3,COMPLETE,0.8220054204650307,"{""aggregate_hidden_1"": 64, ""aggregate_hidden_2"": 64, ""batch_size"": 128, ""dropout"": 0.10236194950353619, ""gradient_clip"": 1.0, ""learning_rate"": 0.0006424581611109066, ""max_epochs"": 40, ""patience"": 6, ""positive_weight"": ""fully_balanced"", ""scheduler"": ""fixed_lr"", ""weight_decay"": 1.4192540057918126e-06}","{""inner_macro_f1"": 0.8220054204650307, ""inner_operational_precision"": 0.7507514450867052, ""inner_operational_recall"": 0.8031164976502597, ""macro_threshold"": 0.5309999999999999, ""operational_feasible"": true, ""operational_threshold"": 0.3999999999999999}","[11, 5]",21697,2,20.64551499999652,25.709034999992586,,
V2-A0,2,4,COMPLETE,0.8249976566098489,"{""aggregate_hidden_1"": 128, ""aggregate_hidden_2"": 32, ""batch_size"": 256, ""dropout"": 0.20224102617144596, ""gradient_clip"": 1.0, ""learning_rate"": 0.0015167719441463944, ""max_epochs"": 40, ""patience"": 6, ""positive_weight"": ""fully_balanced"", ""scheduler"": ""deterministic_cosine"", ""weight_decay"": 0.0009642169758718247}","{""inner_macro_f1"": 0.8249976566098489, ""inner_operational_precision"": 0.7505183137525916, ""inner_operational_recall"": 0.8058372495671531, ""macro_threshold"": 0.5129999999999999, ""operational_feasible"": true, ""operational_threshold"": 0.3839999999999999}","[7, 7]",29985,2,13.6930510999955,18.601623499998823,,
V2-A0,2,5,COMPLETE,0.8244659334704586,"{""aggregate_hidden_1"": 96, ""aggregate_hidden_2"": 32, ""batch_size"": 128, ""dropout"": 0.3062462221567242, ""gradient_clip"": 1.0, ""learning_rate"": 0.0008567269523820522, ""max_epochs"": 40, ""patience"": 6, ""positive_weight"": ""none"", ""scheduler"": ""fixed_lr"", ""weight_decay"": 1.7422242427403395e-06}","{""inner_macro_f1"": 0.8244659334704586, ""inner_operational_precision"": 0.7506861848124429, ""inner_operational_recall"": 0.8117734355676478, ""macro_threshold"": 0.4439999999999999, ""operational_feasible"": true, ""operational_threshold"": 0.30299999999999994}","[13, 10]",23713,2,25.978612899998552,30.88747060000605,,
V2-A0,2,6,COMPLETE,0.8229478934915695,"{""aggregate_hidden_1"": 64, ""aggregate_hidden_2"": 0, ""batch_size"": 128, ""dropout"": 0.31215264499111617, ""gradient_clip"": 1.0, ""learning_rate"": 0.0003857326404295885, ""max_epochs"": 40, ""patience"": 6, ""positive_weight"": ""none"", ""scheduler"": ""deterministic_cosine"", ""weight_decay"": 0.00025903746762737887}","{""inner_macro_f1"": 0.8229478934915695, ""inner_operational_precision"": 0.7507452419169915, ""inner_operational_recall"": 0.8097947069008162, ""macro_threshold"": 0.42799999999999994, ""operational_feasible"": true, ""operational_threshold"": 0.30199999999999994}","[12, 17]",17409,2,29.497998100006956,34.46213070000522,,
V2-A0,2,7,COMPLETE,0.8268708956097551,"{""aggregate_hidden_1"": 128, ""aggregate_hidden_2"": 0, ""batch_size"": 128, ""dropout"": 0.2070035086860853, ""gradient_clip"": 1.0, ""learning_rate"": 0.0003528678233541288, ""max_epochs"": 40, ""patience"": 6, ""positive_weight"": ""sqrt_balanced"", ""scheduler"": ""fixed_lr"", ""weight_decay"": 3.5888049313805686e-06}","{""inner_macro_f1"": 0.8268708956097551, ""inner_operational_precision"": 0.7504014682266575, ""inner_operational_recall"": 0.8090526836507544, ""macro_threshold"": 0.5169999999999999, ""operational_feasible"": true, ""operational_threshold"": 0.36899999999999994}","[19, 11]",32129,2,28.65405480000481,33.75465860000986,,
V2-A0,2,8,COMPLETE,0.8236657999454109,"{""aggregate_hidden_1"": 128, ""aggregate_hidden_2"": 0, ""batch_size"": 256, ""dropout"": 0.2787814384301896, ""gradient_clip"": 1.0, ""learning_rate"": 0.00037852800132912604, ""max_epochs"": 40, ""patience"": 6, ""positive_weight"": ""fully_balanced"", ""scheduler"": ""deterministic_cosine"", ""weight_decay"": 1.7529992321360678e-06}","{""inner_macro_f1"": 0.8236657999454109, ""inner_operational_precision"": 0.7500575373993096, ""inner_operational_recall"": 0.8060845906505071, ""macro_threshold"": 0.6, ""operational_feasible"": true, ""operational_threshold"": 0.41899999999999993}","[17, 11]",32129,2,19.593914099998077,24.614081200008517,,
V2-A0,2,9,COMPLETE,0.8242915828027578,"{""aggregate_hidden_1"": 128, ""aggregate_hidden_2"": 0, ""batch_size"": 256, ""dropout"": 0.10152300447747808, ""gradient_clip"": 1.0, ""learning_rate"": 0.00044569116475846985, ""max_epochs"": 40, ""patience"": 6, ""positive_weight"": ""none"", ""scheduler"": ""fixed_lr"", ""weight_decay"": 4.514816296240819e-05}","{""inner_macro_f1"": 0.8242915828027578, ""inner_operational_precision"": 0.7501152604887045, ""inner_operational_recall"": 0.8048478852337373, ""macro_threshold"": 0.4459999999999999, ""operational_feasible"": true, ""operational_threshold"": 0.3499999999999999}","[12, 9]",32129,2,17.462008700007573,22.404552799998783,,
V2-A0,2,10,COMPLETE,0.8232941372431328,"{""aggregate_hidden_1"": 128, ""aggregate_hidden_2"": 32, ""batch_size"": 128, ""dropout"": 0.18202539352417615, ""gradient_clip"": 1.0, ""learning_rate"": 0.00022833736435713545, ""max_epochs"": 40, ""patience"": 6, ""positive_weight"": ""sqrt_balanced"", ""scheduler"": ""fixed_lr"", ""weight_decay"": 7.364861932332223e-06}","{""inner_macro_f1"": 0.8232941372431328, ""inner_operational_precision"": 0.7500575904169546, ""inner_operational_recall"": 0.8053425674004452, ""macro_threshold"": 0.4139999999999999, ""operational_feasible"": true, ""operational_threshold"": 0.3349999999999999}","[14, 11]",29985,2,27.288899099992705,32.2839326000103,,
V2-A0,2,11,COMPLETE,0.8232100126969348,"{""aggregate_hidden_1"": 64, ""aggregate_hidden_2"": 0, ""batch_size"": 256, ""dropout"": 0.24911460606377764, ""gradient_clip"": 1.0, ""learning_rate"": 0.000911203965310893, ""max_epochs"": 40, ""patience"": 6, ""positive_weight"": ""sqrt_balanced"", ""scheduler"": ""fixed_lr"", ""weight_decay"": 5.479870951142883e-06}","{""inner_macro_f1"": 0.8232100126969348, ""inner_operational_precision"": 0.7505710370031978, ""inner_operational_recall"": 0.8127627999010636, ""macro_threshold"": 0.4589999999999999, ""operational_feasible"": true, ""operational_threshold"": 0.3369999999999999}","[18, 11]",17409,2,21.049789700002293,26.089929599998868,,
V2-H2T,0,0,COMPLETE,0.8225510854863898,"{""batch_size"": 128, ""conv_channels"": 32, ""dropout"": 0.10514612357395062, ""fusion_hidden"": 32, ""gradient_clip"": 1.0, ""kernel_size"": 3, ""learning_rate"": 0.001866121204885133, ""lstm_hidden"": 64, ""lstm_layers"": 2, ""max_epochs"": 40, ""patience"": 6, ""positive_weight"": ""none"", ""scheduler"": ""deterministic_cosine"", ""static_hidden"": 32, ""weight_decay"": 0.0003142880890840109}","{""inner_macro_f1"": 0.8225510854863898, ""inner_operational_precision"": 0.7509041591320073, ""inner_operational_recall"": 0.8102439024390244, ""macro_threshold"": 0.4009999999999999, ""operational_feasible"": true, ""operational_threshold"": 0.32299999999999995}","[5, 8]",156769,2,46.58390420000069,51.50290329998825,,
V2-H2T,0,1,COMPLETE,0.8212671496407098,"{""batch_size"": 256, ""conv_channels"": 24, ""dropout"": 0.25188621297535957, ""fusion_hidden"": 32, ""gradient_clip"": 1.0, ""kernel_size"": 5, ""learning_rate"": 0.00029617890239950345, ""lstm_hidden"": 32, ""lstm_layers"": 1, ""max_epochs"": 40, ""patience"": 6, ""positive_weight"": ""sqrt_balanced"", ""scheduler"": ""fixed_lr"", ""static_hidden"": 32, ""weight_decay"": 1.5673095467235414e-06}","{""inner_macro_f1"": 0.8212671496407098, ""inner_operational_precision"": 0.7501135847342117, ""inner_operational_recall"": 0.8053658536585366, ""macro_threshold"": 0.4659999999999999, ""operational_feasible"": true, ""operational_threshold"": 0.3379999999999999}","[40, 32]",20425,2,54.73916310000641,60.17949069998576,,
V2-H2T,0,2,COMPLETE,0.8221421818312675,"{""batch_size"": 128, ""conv_channels"": 32, ""dropout"": 0.3423961569411396, ""fusion_hidden"": 32, ""gradient_clip"": 1.0, ""kernel_size"": 3, ""learning_rate"": 0.0011916886939345032, ""lstm_hidden"": 32, ""lstm_layers"": 1, ""max_epochs"": 40, ""patience"": 6, ""positive_weight"": ""fully_balanced"", ""scheduler"": ""fixed_lr"", ""static_hidden"": 32, ""weight_decay"": 0.0006584106160121611}","{""inner_macro_f1"": 0.8221421818312675, ""inner_operational_precision"": 0.7506768953068592, ""inner_operational_recall"": 0.8114634146341464, ""macro_threshold"": 0.5579999999999999, ""operational_feasible"": true, ""operational_threshold"": 0.3969999999999999}","[17, 15]",22113,2,50.497322399998666,55.739284499999485,,
V2-H2T,0,3,COMPLETE,0.8192472061625922,"{""batch_size"": 128, ""conv_channels"": 48, ""dropout"": 0.29306119232416433, ""fusion_hidden"": 32, ""gradient_clip"": 1.0, ""kernel_size"": 3, ""learning_rate"": 0.0003160426372820777, ""lstm_hidden"": 64, ""lstm_layers"": 2, ""max_epochs"": 40, ""patience"": 6, ""positive_weight"": ""sqrt_balanced"", ""scheduler"": ""deterministic_cosine"", ""static_hidden"": 32, ""weight_decay"": 1.0388823104027941e-06}","{""inner_macro_f1"": 0.8192472061625922, ""inner_operational_precision"": 0.7504496402877698, ""inner_operational_recall"": 0.8141463414634146, ""macro_threshold"": 0.4639999999999999, ""operational_feasible"": true, ""operational_threshold"": 0.3509999999999999}","[10, 16]",165777,2,53.47969930000545,58.576224999997066,,
V2-H2T,0,4,COMPLETE,0.8194232584024972,"{""batch_size"": 256, ""conv_channels"": 24, ""dropout"": 0.12989856148457543, ""fusion_hidden"": 32, ""gradient_clip"": 1.0, ""kernel_size"": 5, ""learning_rate"": 0.001033415052004655, ""lstm_hidden"": 48, ""lstm_layers"": 1, ""max_epochs"": 40, ""patience"": 6, ""positive_weight"": ""none"", ""scheduler"": ""deterministic_cosine"", ""static_hidden"": 32, ""weight_decay"": 0.00019158219548093185}","{""inner_macro_f1"": 0.8194232584024972, ""inner_operational_precision"": 0.7505084745762712, ""inner_operational_recall"": 0.81, ""macro_threshold"": 0.4479999999999999, ""operational_feasible"": true, ""operational_threshold"": 0.3329999999999999}","[13, 11]",35017,2,25.150172499998007,30.304583200006164,,
V2-H2T,0,5,COMPLETE,0.8206631314767587,"{""batch_size"": 128, ""conv_channels"": 32, ""dropout"": 0.172437863228442, ""fusion_hidden"": 32, ""gradient_clip"": 1.0, ""kernel_size"": 5, ""learning_rate"": 0.00028990204766509337, ""lstm_hidden"": 64, ""lstm_layers"": 1, ""max_epochs"": 40, ""patience"": 6, ""positive_weight"": ""sqrt_balanced"", ""scheduler"": ""fixed_lr"", ""static_hidden"": 32, ""weight_decay"": 0.0006153085601625311}","{""inner_macro_f1"": 0.8206631314767587, ""inner_operational_precision"": 0.7500565995019244, ""inner_operational_recall"": 0.8080487804878049, ""macro_threshold"": 0.5259999999999999, ""operational_feasible"": true, ""operational_threshold"": 0.37999999999999995}","[13, 15]",58465,2,51.35430439999618,56.391001900003175,,
V2-H2T,0,6,COMPLETE,0.8207510559052191,"{""batch_size"": 256, ""conv_channels"": 32, ""dropout"": 0.20435275078719473, ""fusion_hidden"": 32, ""gradient_clip"": 1.0, ""kernel_size"": 5, ""learning_rate"": 0.0003335322292029091, ""lstm_hidden"": 64, ""lstm_layers"": 2, ""max_epochs"": 40, ""patience"": 6, ""positive_weight"": ""fully_balanced"", ""scheduler"": ""deterministic_cosine"", ""static_hidden"": 32, ""weight_decay"": 2.288738114460097e-06}","{""inner_macro_f1"": 0.8207510559052191, ""inner_operational_precision"": 0.7500567536889898, ""inner_operational_recall"": 0.8058536585365854, ""macro_threshold"": 0.5419999999999999, ""operational_feasible"": true, ""operational_threshold"": 0.4159999999999999}","[20, 16]",157793,2,38.93405759999587,43.82546910000383,,
V2-H2T,0,7,COMPLETE,0.8175977754545845,"{""batch_size"": 256, ""conv_channels"": 24, ""dropout"": 0.3270664714916634, ""fusion_hidden"": 32, ""gradient_clip"": 1.0, ""kernel_size"": 3, ""learning_rate"": 0.0003472097293959256, ""lstm_hidden"": 48, ""lstm_layers"": 2, ""max_epochs"": 40, ""patience"": 6, ""positive_weight"": ""none"", ""scheduler"": ""deterministic_cosine"", ""static_hidden"": 32, ""weight_decay"": 2.720724805948669e-06}","{""inner_macro_f1"": 0.8175977754545845, ""inner_operational_precision"": 0.7511488970588235, ""inner_operational_recall"": 0.7973170731707317, ""macro_threshold"": 0.4419999999999999, ""operational_feasible"": true, ""operational_threshold"": 0.3319999999999999}","[29, 21]",90313,2,52.02853380001034,57.06617409999308,,
V2-H2T,0,8,COMPLETE,0.8160740178789857,"{""batch_size"": 256, ""conv_channels"": 48, ""dropout"": 0.2693910904605706, ""fusion_hidden"": 32, ""gradient_clip"": 1.0, ""kernel_size"": 3, ""learning_rate"": 0.00020778673769157884, ""lstm_hidden"": 32, ""lstm_layers"": 2, ""max_epochs"": 40, ""patience"": 6, ""positive_weight"": ""sqrt_balanced"", ""scheduler"": ""deterministic_cosine"", ""static_hidden"": 32, ""weight_decay"": 3.4377886617795816e-05}","{""inner_macro_f1"": 0.8160740178789857, ""inner_operational_precision"": 0.7507466115322766, ""inner_operational_recall"": 0.7970731707317074, ""macro_threshold"": 0.4809999999999999, ""operational_feasible"": true, ""operational_threshold"": 0.36299999999999993}","[31, 29]",52113,2,57.471970300000976,62.33532159999595,,
V2-H2T,0,9,COMPLETE,0.8218479729129903,"{""batch_size"": 128, ""conv_channels"": 48, ""dropout"": 0.12327569195147481, ""fusion_hidden"": 32, ""gradient_clip"": 1.0, ""kernel_size"": 3, ""learning_rate"": 0.0015785042430337096, ""lstm_hidden"": 48, ""lstm_layers"": 1, ""max_epochs"": 40, ""patience"": 6, ""positive_weight"": ""none"", ""scheduler"": ""deterministic_cosine"", ""static_hidden"": 32, ""weight_decay"": 0.0005026366723161421}","{""inner_macro_f1"": 0.8218479729129903, ""inner_operational_precision"": 0.7503386004514673, ""inner_operational_recall"": 0.8107317073170732, ""macro_threshold"": 0.4809999999999999, ""operational_feasible"": true, ""operational_threshold"": 0.31399999999999995}","[7, 7]",44689,2,30.39956200000597,35.76974560000235,,
V2-H2T,0,10,COMPLETE,0.8236587671910516,"{""batch_size"": 128, ""conv_channels"": 32, ""dropout"": 0.10362927539708976, ""fusion_hidden"": 32, ""gradient_clip"": 1.0, ""kernel_size"": 3, ""learning_rate"": 0.0006949825557843949, ""lstm_hidden"": 64, ""lstm_layers"": 2, ""max_epochs"": 40, ""patience"": 6, ""positive_weight"": ""none"", ""scheduler"": ""fixed_lr"", ""static_hidden"": 32, ""weight_decay"": 6.64239480517792e-05}","{""inner_macro_f1"": 0.8236587671910516, ""inner_operational_precision"": 0.7507344632768361, ""inner_operational_recall"": 0.8102439024390244, ""macro_threshold"": 0.4769999999999999, ""operational_feasible"": true, ""operational_threshold"": 0.3319999999999999}","[8, 11]",156769,2,43.87148190000153,48.945401799996034,,
V2-H2T,0,11,COMPLETE,0.8233522543423548,"{""batch_size"": 128, ""conv_channels"": 32, ""dropout"": 0.10424914507962027, ""fusion_hidden"": 32, ""gradient_clip"": 1.0, ""kernel_size"": 3, ""learning_rate"": 0.0006963801961999044, ""lstm_hidden"": 64, ""lstm_layers"": 2, ""max_epochs"": 40, ""patience"": 6, ""positive_weight"": ""none"", ""scheduler"": ""fixed_lr"", ""static_hidden"": 32, ""weight_decay"": 6.630599890152516e-05}","{""inner_macro_f1"": 0.8233522543423548, ""inner_operational_precision"": 0.7500565482922416, ""inner_operational_recall"": 0.8087804878048781, ""macro_threshold"": 0.4439999999999999, ""operational_feasible"": true, ""operational_threshold"": 0.32099999999999995}","[8, 10]",156769,2,41.47850220001419,46.2703160999954,,
V2-H2T,1,0,COMPLETE,0.8277605549712848,"{""batch_size"": 256, ""conv_channels"": 24, ""dropout"": 0.2963829052469451, ""fusion_hidden"": 32, ""gradient_clip"": 1.0, ""kernel_size"": 3, ""learning_rate"": 0.0002909635600179011, ""lstm_hidden"": 48, ""lstm_layers"": 2, ""max_epochs"": 40, ""patience"": 6, ""positive_weight"": ""sqrt_balanced"", ""scheduler"": ""fixed_lr"", ""static_hidden"": 32, ""weight_decay"": 2.2148279502168874e-06}","{""inner_macro_f1"": 0.8277605549712848, ""inner_operational_precision"": 0.7501683501683502, ""inner_operational_recall"": 0.8165160029318348, ""macro_threshold"": 0.5399999999999999, ""operational_feasible"": true, ""operational_threshold"": 0.3539999999999999}","[31, 39]",90313,2,63.09838700000546,68.00997929999721,,
V2-H2T,1,1,COMPLETE,0.8265240992178261,"{""batch_size"": 128, ""conv_channels"": 32, ""dropout"": 0.283631338411146, ""fusion_hidden"": 32, ""gradient_clip"": 1.0, ""kernel_size"": 5, ""learning_rate"": 0.0006912925108776869, ""lstm_hidden"": 64, ""lstm_layers"": 2, ""max_epochs"": 40, ""patience"": 6, ""positive_weight"": ""none"", ""scheduler"": ""deterministic_cosine"", ""static_hidden"": 32, ""weight_decay"": 0.00017192636505081142}","{""inner_macro_f1"": 0.8265240992178261, ""inner_operational_precision"": 0.7507943713118475, ""inner_operational_recall"": 0.8082091375519179, ""macro_threshold"": 0.4869999999999999, ""operational_feasible"": true, ""operational_threshold"": 0.32199999999999995}","[11, 13]",157793,2,51.33376470000076,56.66815559999668,,
V2-H2T,1,2,COMPLETE,0.8227001370625606,"{""batch_size"": 128, ""conv_channels"": 48, ""dropout"": 0.2256090953711887, ""fusion_hidden"": 32, ""gradient_clip"": 1.0, ""kernel_size"": 3, ""learning_rate"": 0.0005787350283904658, ""lstm_hidden"": 64, ""lstm_layers"": 1, ""max_epochs"": 40, ""patience"": 6, ""positive_weight"": ""fully_balanced"", ""scheduler"": ""fixed_lr"", ""static_hidden"": 32, ""weight_decay"": 9.955780844734712e-06}","{""inner_macro_f1"": 0.8227001370625606, ""inner_operational_precision"": 0.7508432651225545, ""inner_operational_recall"": 0.8157830442218422, ""macro_threshold"": 0.5419999999999999, ""operational_feasible"": true, ""operational_threshold"": 0.3359999999999999}","[8, 12]",66449,2,37.527868999997736,42.37277339999855,,
V2-H2T,1,3,COMPLETE,0.8235461823220949,"{""batch_size"": 128, ""conv_channels"": 24, ""dropout"": 0.2945236451776365, ""fusion_hidden"": 32, ""gradient_clip"": 1.0, ""kernel_size"": 3, ""learning_rate"": 0.0007954837285935423, ""lstm_hidden"": 64, ""lstm_layers"": 1, ""max_epochs"": 40, ""patience"": 6, ""positive_weight"": ""fully_balanced"", ""scheduler"": ""deterministic_cosine"", ""static_hidden"": 32, ""weight_decay"": 5.17579702723637e-06}","{""inner_macro_f1"": 0.8235461823220949, ""inner_operational_precision"": 0.7504496402877698, ""inner_operational_recall"": 0.8155387246518446, ""macro_threshold"": 0.5469999999999999, ""operational_feasible"": true, ""operational_threshold"": 0.3349999999999999}","[8, 18]",52937,2,43.29072390000511,48.23992069999804,,
V2-H2T,1,4,COMPLETE,0.823347787398387,"{""batch_size"": 256, ""conv_channels"": 24, ""dropout"": 0.1343699413693372, ""fusion_hidden"": 32, ""gradient_clip"": 1.0, ""kernel_size"": 3, ""learning_rate"": 0.0015609344915322259, ""lstm_hidden"": 32, ""lstm_layers"": 2, ""max_epochs"": 40, ""patience"": 6, ""positive_weight"": ""sqrt_balanced"", ""scheduler"": ""deterministic_cosine"", ""static_hidden"": 32, ""weight_decay"": 0.0006951661328429265}","{""inner_macro_f1"": 0.823347787398387, ""inner_operational_precision"": 0.7502268602540835, ""inner_operational_recall"": 0.8079648179819203, ""macro_threshold"": 0.5299999999999999, ""operational_feasible"": true, ""operational_threshold"": 0.3389999999999999}","[12, 19]",44745,2,35.838901100010844,40.809775600006105,,
V2-H2T,1,5,COMPLETE,0.8220160874800904,"{""batch_size"": 256, ""conv_channels"": 32, ""dropout"": 0.2430070338166537, ""fusion_hidden"": 32, ""gradient_clip"": 1.0, ""kernel_size"": 5, ""learning_rate"": 0.00048261035637272177, ""lstm_hidden"": 32, ""lstm_layers"": 1, ""max_epochs"": 40, ""patience"": 6, ""positive_weight"": ""fully_balanced"", ""scheduler"": ""deterministic_cosine"", ""static_hidden"": 32, ""weight_decay"": 4.058483989510787e-05}","{""inner_macro_f1"": 0.8220160874800904, ""inner_operational_precision"": 0.7501704932939305, ""inner_operational_recall"": 0.8062545809919375, ""macro_threshold"": 0.5279999999999999, ""operational_feasible"": true, ""operational_threshold"": 0.3879999999999999}","[21, 18]",23137,2,36.78202400000009,41.65457930001139,,
V2-H2T,1,6,COMPLETE,0.827432035256241,"{""batch_size"": 256, ""conv_channels"": 48, ""dropout"": 0.1869287252231704, ""fusion_hidden"": 32, ""gradient_clip"": 1.0, ""kernel_size"": 3, ""learning_rate"": 0.0005516602099952538, ""lstm_hidden"": 48, ""lstm_layers"": 2, ""max_epochs"": 40, ""patience"": 6, ""positive_weight"": ""sqrt_balanced"", ""scheduler"": ""fixed_lr"", ""static_hidden"": 32, ""weight_decay"": 0.0004962718279190497}","{""inner_macro_f1"": 0.827432035256241, ""inner_operational_precision"": 0.7500558409649318, ""inner_operational_recall"": 0.8204251160517958, ""macro_threshold"": 0.4889999999999999, ""operational_feasible"": true, ""operational_threshold"": 0.31199999999999994}","[15, 21]",100753,2,39.72734339997987,44.70955230000254,,
V2-H2T,1,7,COMPLETE,0.8221754832416343,"{""batch_size"": 256, ""conv_channels"": 32, ""dropout"": 0.13213822864833644, ""fusion_hidden"": 32, ""gradient_clip"": 1.0, ""kernel_size"": 3, ""learning_rate"": 0.00025299803629931256, ""lstm_hidden"": 64, ""lstm_layers"": 1, ""max_epochs"": 40, ""patience"": 6, ""positive_weight"": ""fully_balanced"", ""scheduler"": ""deterministic_cosine"", ""static_hidden"": 32, ""weight_decay"": 1.001342125725556e-06}","{""inner_macro_f1"": 0.8221754832416343, ""inner_operational_precision"": 0.7505623031938822, ""inner_operational_recall"": 0.815294405081847, ""macro_threshold"": 0.5309999999999999, ""operational_feasible"": true, ""operational_threshold"": 0.4019999999999999}","[21, 30]",57441,2,44.56269680001424,49.871650899993256,,
V2-H2T,1,8,COMPLETE,0.8257819929938376,"{""batch_size"": 128, ""conv_channels"": 48, ""dropout"": 0.2621825472808529, ""fusion_hidden"": 32, ""gradient_clip"": 1.0, ""kernel_size"": 3, ""learning_rate"": 0.0009938692576010925, ""lstm_hidden"": 32, ""lstm_layers"": 2, ""max_epochs"": 40, ""patience"": 6, ""positive_weight"": ""none"", ""scheduler"": ""deterministic_cosine"", ""static_hidden"": 32, ""weight_decay"": 1.0880800971089055e-06}","{""inner_macro_f1"": 0.8257819929938376, ""inner_operational_precision"": 0.7503914113173786, ""inner_operational_recall"": 0.8196921573418031, ""macro_threshold"": 0.4749999999999999, ""operational_feasible"": true, ""operational_threshold"": 0.29499999999999993}","[11, 13]",52113,2,49.6083701000025,55.178966500010574,,
V2-H2T,1,9,COMPLETE,0.8236503847971614,"{""batch_size"": 256, ""conv_channels"": 48, ""dropout"": 0.30342592502950505, ""fusion_hidden"": 32, ""gradient_clip"": 1.0, ""kernel_size"": 5, ""learning_rate"": 0.0006216089211365515, ""lstm_hidden"": 48, ""lstm_layers"": 1, ""max_epochs"": 40, ""patience"": 6, ""positive_weight"": ""fully_balanced"", ""scheduler"": ""fixed_lr"", ""static_hidden"": 32, ""weight_decay"": 8.948914640181451e-05}","{""inner_macro_f1"": 0.8236503847971614, ""inner_operational_precision"": 0.75, ""inner_operational_recall"": 0.8201807964817982, ""macro_threshold"": 0.5359999999999999, ""operational_feasible"": true, ""operational_threshold"": 0.32699999999999996}","[15, 22]",46225,2,36.20451540000795,41.89065679999476,,
V2-H2T,1,10,COMPLETE,0.824495259796096,"{""batch_size"": 256, ""conv_channels"": 24, ""dropout"": 0.34858506121873184, ""fusion_hidden"": 32, ""gradient_clip"": 1.0, ""kernel_size"": 5, ""learning_rate"": 0.00020082938302408087, ""lstm_hidden"": 48, ""lstm_layers"": 2, ""max_epochs"": 40, ""patience"": 6, ""positive_weight"": ""sqrt_balanced"", ""scheduler"": ""fixed_lr"", ""static_hidden"": 32, ""weight_decay"": 5.064822273641453e-06}","{""inner_macro_f1"": 0.824495259796096, ""inner_operational_precision"": 0.7501120573733752, ""inner_operational_recall"": 0.8177376007818227, ""macro_threshold"": 0.4559999999999999, ""operational_feasible"": true, ""operational_threshold"": 0.32199999999999995}","[36, 39]",91081,2,65.33905799999775,70.87882839998929,,
V2-H2T,1,11,COMPLETE,0.8251849797573612,"{""batch_size"": 256, ""conv_channels"": 24, ""dropout"": 0.19529198783264964, ""fusion_hidden"": 32, ""gradient_clip"": 1.0, ""kernel_size"": 3, ""learning_rate"": 0.00034473602739285226, ""lstm_hidden"": 48, ""lstm_layers"": 2, ""max_epochs"": 40, ""patience"": 6, ""positive_weight"": ""sqrt_balanced"", ""scheduler"": ""fixed_lr"", ""static_hidden"": 32, ""weight_decay"": 0.0009529956141227612}","{""inner_macro_f1"": 0.8251849797573612, ""inner_operational_precision"": 0.7503917618088203, ""inner_operational_recall"": 0.8189591986318104, ""macro_threshold"": 0.4889999999999999, ""operational_feasible"": true, ""operational_threshold"": 0.3419999999999999}","[22, 34]",90313,2,59.154118699996616,64.32849450000504,,
V2-H2T,2,0,COMPLETE,0.820162404466293,"{""batch_size"": 256, ""conv_channels"": 24, ""dropout"": 0.13401093646230003, ""fusion_hidden"": 32, ""gradient_clip"": 1.0, ""kernel_size"": 3, ""learning_rate"": 0.0017711438847418186, ""lstm_hidden"": 64, ""lstm_layers"": 1, ""max_epochs"": 40, ""patience"": 6, ""positive_weight"": ""fully_balanced"", ""scheduler"": ""deterministic_cosine"", ""static_hidden"": 32, ""weight_decay"": 7.0655799111153975e-06}","{""inner_macro_f1"": 0.820162404466293, ""inner_operational_precision"": 0.75, ""inner_operational_recall"": 0.8013851100667821, ""macro_threshold"": 0.48399999999999993, ""operational_feasible"": true, ""operational_threshold"": 0.3849999999999999}","[8, 6]",52937,2,19.544031900004484,25.02014540000528,,
V2-H2T,2,1,COMPLETE,0.8187341933157484,"{""batch_size"": 128, ""conv_channels"": 32, ""dropout"": 0.2894982064359229, ""fusion_hidden"": 32, ""gradient_clip"": 1.0, ""kernel_size"": 3, ""learning_rate"": 0.0007050306960962518, ""lstm_hidden"": 64, ""lstm_layers"": 1, ""max_epochs"": 40, ""patience"": 6, ""positive_weight"": ""none"", ""scheduler"": ""deterministic_cosine"", ""static_hidden"": 32, ""weight_decay"": 3.343170079595371e-06}","{""inner_macro_f1"": 0.8187341933157484, ""inner_operational_precision"": 0.7507598784194529, ""inner_operational_recall"": 0.7942122186495176, ""macro_threshold"": 0.4769999999999999, ""operational_feasible"": true, ""operational_threshold"": 0.3339999999999999}","[12, 15]",57441,2,44.28341019999061,49.35594610001135,,
V2-H2T,2,2,COMPLETE,0.8205527847593015,"{""batch_size"": 128, ""conv_channels"": 24, ""dropout"": 0.18432104193516557, ""fusion_hidden"": 32, ""gradient_clip"": 1.0, ""kernel_size"": 3, ""learning_rate"": 0.0002101081118846225, ""lstm_hidden"": 64, ""lstm_layers"": 1, ""max_epochs"": 40, ""patience"": 6, ""positive_weight"": ""none"", ""scheduler"": ""fixed_lr"", ""static_hidden"": 32, ""weight_decay"": 3.820697681485756e-06}","{""inner_macro_f1"": 0.8205527847593015, ""inner_operational_precision"": 0.7500579105860551, ""inner_operational_recall"": 0.8008904279000743, ""macro_threshold"": 0.4779999999999999, ""operational_feasible"": true, ""operational_threshold"": 0.3329999999999999}","[33, 25]",52937,2,78.60340750000614,83.61747050000122,,
V2-H2T,2,3,COMPLETE,0.8227609425768174,"{""batch_size"": 256, ""conv_channels"": 48, ""dropout"": 0.20224102617144596, ""fusion_hidden"": 32, ""gradient_clip"": 1.0, ""kernel_size"": 3, ""learning_rate"": 0.0015167719441463944, ""lstm_hidden"": 48, ""lstm_layers"": 1, ""max_epochs"": 40, ""patience"": 6, ""positive_weight"": ""fully_balanced"", ""scheduler"": ""deterministic_cosine"", ""static_hidden"": 32, ""weight_decay"": 0.0009642169758718247}","{""inner_macro_f1"": 0.8227609425768174, ""inner_operational_precision"": 0.7505221629148294, ""inner_operational_recall"": 0.7999010635666585, ""macro_threshold"": 0.4899999999999999, ""operational_feasible"": true, ""operational_threshold"": 0.3949999999999999}","[16, 12]",44689,2,27.799982599986837,32.863248900001054,,
V2-H2T,2,4,COMPLETE,0.824239791499916,"{""batch_size"": 128, ""conv_channels"": 32, ""dropout"": 0.25595299395828064, ""fusion_hidden"": 32, ""gradient_clip"": 1.0, ""kernel_size"": 5, ""learning_rate"": 0.0012868300386193836, ""lstm_hidden"": 32, ""lstm_layers"": 2, ""max_epochs"": 40, ""patience"": 6, ""positive_weight"": ""fully_balanced"", ""scheduler"": ""deterministic_cosine"", ""static_hidden"": 32, ""weight_decay"": 8.592563230076177e-06}","{""inner_macro_f1"": 0.824239791499916, ""inner_operational_precision"": 0.7506938020351527, ""inner_operational_recall"": 0.8028691565669057, ""macro_threshold"": 0.5349999999999999, ""operational_feasible"": true, ""operational_threshold"": 0.3879999999999999}","[11, 11]",48225,2,45.56845979999344,50.62028260000807,,
V2-H2T,2,5,COMPLETE,0.8201783692089593,"{""batch_size"": 256, ""conv_channels"": 48, ""dropout"": 0.1423439568244276, ""fusion_hidden"": 32, ""gradient_clip"": 1.0, ""kernel_size"": 5, ""learning_rate"": 0.0012425839686191896, ""lstm_hidden"": 32, ""lstm_layers"": 2, ""max_epochs"": 40, ""patience"": 6, ""positive_weight"": ""none"", ""scheduler"": ""fixed_lr"", ""static_hidden"": 32, ""weight_decay"": 0.0002053348817071778}","{""inner_macro_f1"": 0.8201783692089593, ""inner_operational_precision"": 0.750351617440225, ""inner_operational_recall"": 0.7917388078159783, ""macro_threshold"": 0.4669999999999999, ""operational_feasible"": true, ""operational_threshold"": 0.30699999999999994}","[14, 11]",53649,2,30.668819500002428,35.49607320000359,,
V2-H2T,2,6,COMPLETE,0.8203890218355789,"{""batch_size"": 256, ""conv_channels"": 32, ""dropout"": 0.20189815584375376, ""fusion_hidden"": 32, ""gradient_clip"": 1.0, ""kernel_size"": 3, ""learning_rate"": 0.0016130511470011694, ""lstm_hidden"": 48, ""lstm_layers"": 1, ""max_epochs"": 40, ""patience"": 6, ""positive_weight"": ""sqrt_balanced"", ""scheduler"": ""fixed_lr"", ""static_hidden"": 32, ""weight_decay"": 0.00018618806681720737}","{""inner_macro_f1"": 0.8203890218355789, ""inner_operational_precision"": 0.7501148369315572, ""inner_operational_recall"": 0.8078159782339847, ""macro_threshold"": 0.48499999999999993, ""operational_feasible"": true, ""operational_threshold"": 0.3479999999999999}","[11, 6]",37729,2,22.454704000003403,27.41635749999841,,
V2-H2T,2,7,COMPLETE,0.820327587300503,"{""batch_size"": 256, ""conv_channels"": 24, ""dropout"": 0.10152300447747808, ""fusion_hidden"": 32, ""gradient_clip"": 1.0, ""kernel_size"": 3, ""learning_rate"": 0.00044569116475846985, ""lstm_hidden"": 64, ""lstm_layers"": 2, ""max_epochs"": 40, ""patience"": 6, ""positive_weight"": ""none"", ""scheduler"": ""fixed_lr"", ""static_hidden"": 32, ""weight_decay"": 4.514816296240819e-05}","{""inner_macro_f1"": 0.820327587300503, ""inner_operational_precision"": 0.7504633920296571, ""inner_operational_recall"": 0.8011377689834281, ""macro_threshold"": 0.4449999999999999, ""operational_feasible"": true, ""operational_threshold"": 0.3449999999999999}","[24, 14]",152265,2,41.63294030001271,46.7524570000096,,
V2-H2T,2,8,COMPLETE,0.8225065276424675,"{""batch_size"": 128, ""conv_channels"": 32, ""dropout"": 0.23147918839867282, ""fusion_hidden"": 32, ""gradient_clip"": 1.0, ""kernel_size"": 5, ""learning_rate"": 0.00022629660666159446, ""lstm_hidden"": 64, ""lstm_layers"": 2, ""max_epochs"": 40, ""patience"": 6, ""positive_weight"": ""none"", ""scheduler"": ""deterministic_cosine"", ""static_hidden"": 32, ""weight_decay"": 1.5469148456810993e-06}","{""inner_macro_f1"": 0.8225065276424675, ""inner_operational_precision"": 0.7508650519031141, ""inner_operational_recall"": 0.8050952263170913, ""macro_threshold"": 0.4439999999999999, ""operational_feasible"": true, ""operational_threshold"": 0.3359999999999999}","[26, 23]",157793,2,82.650810799998,87.66182000000845,,
V2-H2T,2,9,COMPLETE,0.8191417877995155,"{""batch_size"": 256, ""conv_channels"": 32, ""dropout"": 0.15694536896119873, ""fusion_hidden"": 32, ""gradient_clip"": 1.0, ""kernel_size"": 3, ""learning_rate"": 0.00084243974681131, ""lstm_hidden"": 32, ""lstm_layers"": 2, ""max_epochs"": 40, ""patience"": 6, ""positive_weight"": ""none"", ""scheduler"": ""fixed_lr"", ""static_hidden"": 32, ""weight_decay"": 1.2502908399436412e-05}","{""inner_macro_f1"": 0.8191417877995155, ""inner_operational_precision"": 0.7500577500577501, ""inner_operational_recall"": 0.8031164976502597, ""macro_threshold"": 0.4649999999999999, ""operational_feasible"": true, ""operational_threshold"": 0.3339999999999999}","[21, 19]",47201,2,42.4054552000016,47.42573029999039,,
V2-H2T,2,10,COMPLETE,0.8200676965836109,"{""batch_size"": 128, ""conv_channels"": 32, ""dropout"": 0.3400699601765883, ""fusion_hidden"": 32, ""gradient_clip"": 1.0, ""kernel_size"": 5, ""learning_rate"": 0.0004263858791758975, ""lstm_hidden"": 32, ""lstm_layers"": 2, ""max_epochs"": 40, ""patience"": 6, ""positive_weight"": ""fully_balanced"", ""scheduler"": ""deterministic_cosine"", ""static_hidden"": 32, ""weight_decay"": 4.530754089591496e-05}","{""inner_macro_f1"": 0.8200676965836109, ""inner_operational_precision"": 0.7508075680664513, ""inner_operational_recall"": 0.8048478852337373, ""macro_threshold"": 0.612, ""operational_feasible"": true, ""operational_threshold"": 0.4049999999999999}","[16, 14]",48225,2,56.02580200000375,61.10376469999028,,
V2-H2T,2,11,COMPLETE,0.8220676079519345,"{""batch_size"": 128, ""conv_channels"": 48, ""dropout"": 0.2509345830652121, ""fusion_hidden"": 32, ""gradient_clip"": 1.0, ""kernel_size"": 5, ""learning_rate"": 0.0011105418276092746, ""lstm_hidden"": 48, ""lstm_layers"": 1, ""max_epochs"": 40, ""patience"": 6, ""positive_weight"": ""fully_balanced"", ""scheduler"": ""deterministic_cosine"", ""static_hidden"": 32, ""weight_decay"": 0.0009904239351694924}","{""inner_macro_f1"": 0.8220676079519345, ""inner_operational_precision"": 0.7508714850104579, ""inner_operational_recall"": 0.7991590403165966, ""macro_threshold"": 0.4999999999999999, ""operational_feasible"": true, ""operational_threshold"": 0.37399999999999994}","[8, 8]",46225,2,32.0700569999899,37.23235439999553,,
