phase,architecture_id,outer_fold,seed,inner_fold,stage,gate_mean,gate_std,gate_fraction_near_zero,gate_fraction_near_one,aggregate_gate_mean,aggregate_gate_std,aggregate_gate_fraction_near_zero,aggregate_gate_fraction_near_one,static_gate_mean,static_gate_std,static_gate_fraction_near_zero,static_gate_fraction_near_one,temporal_norm_mean,temporal_norm_std,aggregate_norm_mean,aggregate_norm_std,static_norm_mean,static_norm_std,gamma_mean,gamma_std,gamma_max_abs,beta_mean,beta_std,beta_max_abs
screening,A0_SCALAR_GATE,0,42,0,E1_EARLY_20PCT,0.5643532872200012,0.13495156168937683,0.0,0.0,0.552553653717041,0.15250949561595917,0.0,0.0,0.5761528611183167,0.11351761221885681,0.0,0.0,4.947620868682861,0.45322927832603455,4.326059341430664,0.6413525938987732,3.5941405296325684,0.7503204941749573,,,,,,
screening,A0_SCALAR_GATE,0,42,0,E2_EARLY_35PCT,0.5912652015686035,0.14666171371936798,0.0,0.0,0.6402949094772339,0.15787272155284882,0.0,0.0,0.5422354340553284,0.11527225375175476,0.0,0.0,5.048311233520508,0.47630229592323303,4.399916172027588,0.7621989250183105,3.5978848934173584,0.7576677799224854,,,,,,
screening,A0_SCALAR_GATE,0,42,0,M1_MIDDLE_FROZEN,0.5824850797653198,0.18385227024555206,0.0,0.0,0.7137564420700073,0.13332921266555786,0.0,0.0,0.4512138366699219,0.12394488602876663,0.0,0.0,5.2144694328308105,0.47883331775665283,4.747344017028809,0.8907846808433533,3.6038589477539062,0.7638062238693237,,,,,,
screening,A0_SCALAR_GATE,0,42,0,L1_LATE_75PCT,0.5787121057510376,0.24618330597877502,0.0,0.00010227040294538761,0.799640417098999,0.09145867824554443,0.0,0.00020454080589077522,0.35778385400772095,0.12340649962425232,0.0,0.0,5.3174614906311035,0.4692287743091583,4.997984886169434,1.0397626161575317,3.608130931854248,0.7706030607223511,,,,,,
screening,A0_SCALAR_GATE,0,42,1,E1_EARLY_20PCT,0.7257373929023743,0.10322452336549759,0.0,0.0,0.7124618291854858,0.07984434068202972,0.0,0.0,0.7390130162239075,0.12076011300086975,0.0,0.0,4.36875057220459,0.2503158450126648,4.739902019500732,0.6768865585327148,3.378887176513672,0.6006739735603333,,,,,,
screening,A0_SCALAR_GATE,0,42,1,E2_EARLY_35PCT,0.7327751517295837,0.11244071274995804,0.0,0.0,0.7651312351226807,0.07892679423093796,0.0,0.0,0.700419008731842,0.13024036586284637,0.0,0.0,4.3321709632873535,0.281669944524765,4.736109256744385,0.676215648651123,3.384382724761963,0.6061904430389404,,,,,,
screening,A0_SCALAR_GATE,0,42,1,M1_MIDDLE_FROZEN,0.7112578749656677,0.15211012959480286,0.0,0.0,0.8174982666969299,0.06681027263402939,0.0,0.0,0.6050175428390503,0.1386987566947937,0.0,0.0,4.365267753601074,0.30437639355659485,4.92296838760376,0.7009941935539246,3.3855857849121094,0.6096540689468384,,,,,,
screening,A0_SCALAR_GATE,0,42,1,L1_LATE_75PCT,0.6771218180656433,0.19997145235538483,0.0,0.0,0.8532896041870117,0.0558258518576622,0.0,0.0,0.500953733921051,0.12161550670862198,0.0,0.0,4.403662204742432,0.330064594745636,4.967540264129639,0.7263064980506897,3.389482259750366,0.6143192052841187,,,,,,
screening,A0_SCALAR_GATE,1,42,0,E1_EARLY_20PCT,0.8534018397331238,0.1394885629415512,0.0,0.3572204125950054,0.956040620803833,0.015737539157271385,0.0,0.7144408251900108,0.7507628798484802,0.13265357911586761,0.0,0.0,8.11563491821289,0.49247992038726807,5.239716529846191,0.5778341889381409,3.858757972717285,0.7777513265609741,,,,,,
screening,A0_SCALAR_GATE,1,42,0,E2_EARLY_35PCT,0.8446906208992004,0.14533886313438416,0.0,0.39975480950584685,0.959380567073822,0.014034044928848743,0.0,0.7995096190116937,0.7300006151199341,0.12546798586845398,0.0,0.0,8.166512489318848,0.3611445426940918,5.289007663726807,0.6411303281784058,3.862034559249878,0.7853748798370361,,,,,,
screening,A0_SCALAR_GATE,1,42,0,M1_MIDDLE_FROZEN,0.8082005381584167,0.17073336243629456,0.0,0.38165853658536586,0.958253026008606,0.014021236449480057,0.0,0.7633170731707317,0.6581480503082275,0.11433132737874985,0.0,0.0,8.116471290588379,0.3873448967933655,5.5547990798950195,0.8723753690719604,3.866765260696411,0.79117351770401,,,,,,
screening,A0_SCALAR_GATE,1,42,0,L1_LATE_75PCT,0.7505990862846375,0.2223079353570938,0.0,0.37279260780287476,0.9576588869094849,0.01449239905923605,0.0,0.7455852156057495,0.54353928565979,0.11350816488265991,0.0,0.0,8.010356903076172,0.4510112702846527,5.6347455978393555,1.1257047653198242,3.867717742919922,0.797096312046051,,,,,,
screening,A0_SCALAR_GATE,1,42,1,E1_EARLY_20PCT,0.8833447098731995,0.09797687083482742,0.0,0.18295331161780673,0.9364935755729675,0.027692385017871857,0.0,0.35414404632645674,0.8301958441734314,0.11305953562259674,0.0,0.011762576909156714,9.163082122802734,0.3295225203037262,5.530174255371094,0.8489422798156738,3.6349847316741943,0.7063015103340149,,,,,,
screening,A0_SCALAR_GATE,1,42,1,E2_EARLY_35PCT,0.8607391119003296,0.12627914547920227,0.0,0.2543055035567203,0.9436119198799133,0.026748694479465485,0.0,0.5074878322725571,0.7778664231300354,0.1320665031671524,0.0,0.0011231748408835642,9.18841552734375,0.4013495445251465,5.343352794647217,0.7446490526199341,3.640793800354004,0.7126899361610413,,,,,,
screening,A0_SCALAR_GATE,1,42,1,M1_MIDDLE_FROZEN,0.8129488229751587,0.16922853887081146,0.0,0.2900466562986003,0.9476593732833862,0.024483125656843185,0.0,0.5800933125972006,0.6782382130622864,0.14277014136314392,0.0,0.0,9.141121864318848,0.48123225569725037,5.360936164855957,0.6975389719009399,3.643484115600586,0.7182430028915405,,,,,,
screening,A0_SCALAR_GATE,1,42,1,L1_LATE_75PCT,0.7302051186561584,0.24347320199012756,0.0,0.34856850715746424,0.9544386863708496,0.019036173820495605,0.0,0.6971370143149285,0.5059714913368225,0.13279545307159424,0.0,0.0,9.025349617004395,0.5477644801139832,5.171655654907227,1.04069983959198,3.647563934326172,0.7254230380058289,,,,,,
screening,A0_SCALAR_GATE,2,42,0,E1_EARLY_20PCT,0.7916319966316223,0.10905629396438599,0.0,0.00362844702467344,0.8050903677940369,0.09427925199270248,0.0,0.00181422351233672,0.7781734466552734,0.12056415528059006,0.0,0.00544267053701016,4.792486190795898,0.48898303508758545,5.560328483581543,0.6837489008903503,3.8128833770751953,0.7401961088180542,,,,,,
screening,A0_SCALAR_GATE,2,42,0,E2_EARLY_35PCT,0.8056283593177795,0.11625012010335922,0.0,0.016348516348516348,0.8551521897315979,0.07941792905330658,0.0,0.02494802494802495,0.7561044096946716,0.12576065957546234,0.0,0.007749007749007749,4.819482803344727,0.45593202114105225,5.4839768409729,0.6843056678771973,3.81868839263916,0.747695803642273,,,,,,
screening,A0_SCALAR_GATE,2,42,0,M1_MIDDLE_FROZEN,0.7895152568817139,0.15207214653491974,0.0,0.06782149148561362,0.8961324095726013,0.05738072469830513,0.0,0.13055392444705421,0.6828981041908264,0.14221419394016266,0.0,0.005089058524173028,4.9174933433532715,0.42541638016700745,5.842467308044434,0.72371906042099,3.82621431350708,0.7515652179718018,,,,,,
screening,A0_SCALAR_GATE,2,42,0,L1_LATE_75PCT,0.7454876899719238,0.21229763329029083,0.0,0.1421830118998769,0.9269439578056335,0.042637407779693604,0.0,0.2843660237997538,0.5640313625335693,0.14989930391311646,0.0,0.0,4.970874309539795,0.39863744378089905,6.101558208465576,0.9149585366249084,3.827575206756592,0.7537110447883606,,,,,,
screening,A0_SCALAR_GATE,2,42,1,E1_EARLY_20PCT,0.6934453248977661,0.22564664483070374,0.0009972801450589303,0.05956482320942883,0.721723735332489,0.25631192326545715,0.0019945602901178605,0.11477787851314597,0.6651669144630432,0.18584315478801727,0.0,0.004351767905711695,5.468570709228516,0.5744037628173828,5.557666778564453,0.7490190863609314,3.871929883956909,0.7267054915428162,,,,,,
screening,A0_SCALAR_GATE,2,42,1,E2_EARLY_35PCT,0.7403258085250854,0.19906103610992432,0.0,0.12721280602636534,0.8252493739128113,0.19432079792022705,0.0,0.25404896421845574,0.6554022431373596,0.16451744735240936,0.0,0.0003766478342749529,5.505919933319092,0.5747936964035034,5.516447067260742,0.9411565661430359,3.8735713958740234,0.7294830083847046,,,,,,
screening,A0_SCALAR_GATE,2,42,1,M1_MIDDLE_FROZEN,0.741848349571228,0.23020172119140625,0.0,0.29853515625,0.926417350769043,0.08966323733329773,0.0,0.5970703125,0.5572794675827026,0.1726696640253067,0.0,0.0,5.632033348083496,0.5595189332962036,5.985215187072754,1.2442131042480469,3.8739616870880127,0.7323305010795593,,,,,,
screening,A0_SCALAR_GATE,2,42,1,L1_LATE_75PCT,0.7210063934326172,0.2883686125278473,0.0,0.423828125,0.9680033326148987,0.03229409456253052,0.0,0.84765625,0.47400951385498047,0.20797856152057648,0.0,0.0,5.767817497253418,0.553130030632019,6.294297695159912,1.4812566041946411,3.874011278152466,0.7379425168037415,,,,,,
screening,A1_VECTOR_GATE,0,42,0,E1_EARLY_20PCT,0.5031830072402954,0.16210433840751648,0.002907042572463768,0.001872452445652174,0.4933817982673645,0.16931785643100739,0.0044497282608695655,0.0009935461956521738,0.5129844546318054,0.15393172204494476,0.001364356884057971,0.002751358695652174,4.560564994812012,0.297903835773468,4.482776641845703,0.7281672954559326,3.5213043689727783,0.7490463256835938,,,,,,
screening,A1_VECTOR_GATE,0,42,0,E2_EARLY_35PCT,0.5038408041000366,0.15834876894950867,0.0017873941674506114,0.001283219661335842,0.5050805807113647,0.1687888354063034,0.002639934148635936,0.00046448730009407337,0.502600908279419,0.14715950191020966,0.0009348541862652869,0.0021019520225776106,4.591890811920166,0.35049188137054443,4.486705780029297,0.9305617809295654,3.5244266986846924,0.7551847100257874,,,,,,
screening,A1_VECTOR_GATE,0,42,0,M1_MIDDLE_FROZEN,0.5030447840690613,0.16574952006340027,0.0009135646072890275,0.0003562901968427207,0.5164139270782471,0.17802439630031586,0.0009592428376534788,0.00031061196647826935,0.48967552185058594,0.15131306648254395,0.0008678863769245761,0.0004019684272071721,4.705737590789795,0.3836146593093872,5.210521697998047,1.1745857000350952,3.528296947479248,0.7597488164901733,,,,,,
screening,A1_VECTOR_GATE,0,42,0,L1_LATE_75PCT,0.5037198066711426,0.17583627998828888,0.0007254806708938433,0.0004026897115974637,0.5280079245567322,0.1875845193862915,0.0005720750664757619,0.0007766158723665371,0.4794314503669739,0.15959005057811737,0.0008788862753119247,2.8763550828390264e-05,4.805327415466309,0.406387597322464,5.701030254364014,1.391599178314209,3.5303783416748047,0.7660843729972839,,,,,,
screening,A1_VECTOR_GATE,0,42,1,E1_EARLY_20PCT,0.5078571438789368,0.14755553007125854,9.883878546900416e-06,0.0,0.5109625458717346,0.14811785519123077,0.0,0.0,0.5047515034675598,0.1469254344701767,1.976775709380083e-05,0.0,4.210571765899658,0.27824950218200684,4.617359638214111,0.6565751433372498,3.308913469314575,0.6783913373947144,,,,,,
screening,A1_VECTOR_GATE,0,42,1,E2_EARLY_35PCT,0.5086326003074646,0.15266010165214539,0.0001289384846211553,0.0,0.5192461609840393,0.1539251208305359,0.0,0.0,0.49801886081695557,0.15063852071762085,0.0002578769692423106,0.0,4.28718900680542,0.3313255310058594,4.698366641998291,0.7255883812904358,3.3120546340942383,0.682364821434021,,,,,,
screening,A1_VECTOR_GATE,0,42,1,M1_MIDDLE_FROZEN,0.5089655518531799,0.16196580231189728,0.00047999561146869516,2.7428320655354007e-05,0.5317963361740112,0.1618979573249817,0.0,4.2666276574995126e-05,0.4861345887184143,0.15878406167030334,0.0009599912229373903,1.2190364735712893e-05,4.364696979522705,0.36073535680770874,5.303827285766602,0.8895413279533386,3.3116962909698486,0.6843257546424866,,,,,,
screening,A1_VECTOR_GATE,0,42,1,L1_LATE_75PCT,0.5087053775787354,0.1664314866065979,0.0005615784353880811,0.00023359103010444398,0.5413985848426819,0.16535091400146484,0.0,0.00046718206020888797,0.4760121703147888,0.1609976887702942,0.0011231568707761623,0.0,4.451530456542969,0.38326582312583923,5.332988739013672,1.0816422700881958,3.3145384788513184,0.6870648860931396,,,,,,
screening,A1_VECTOR_GATE,1,42,0,E1_EARLY_20PCT,0.533035397529602,0.20201124250888824,0.0009458129750271444,0.003732356134636265,0.5694710612297058,0.19891314208507538,0.00033365001809627215,0.005174402823018458,0.49659988284111023,0.19848309457302094,0.0015579759319580167,0.002290309446254072,8.226783752441406,0.6690150499343872,5.729458808898926,0.9760057330131531,3.7173714637756348,0.6641624569892883,,,,,,
screening,A1_VECTOR_GATE,1,42,0,E2_EARLY_35PCT,0.5321276783943176,0.20376552641391754,0.0006321317427385892,0.004240734628442097,0.5742400884628296,0.20082442462444305,0.0003418521312712184,0.006613070539419087,0.4900154769420624,0.19789756834506989,0.00092241135420596,0.0018683987174651076,8.258444786071777,0.5725537538528442,5.798097133636475,0.9760755896568298,3.718430995941162,0.6696317195892334,,,,,,
screening,A1_VECTOR_GATE,1,42,0,M1_MIDDLE_FROZEN,0.5302899479866028,0.2055448591709137,0.0002682926829268293,0.005413109756097561,0.5846635103225708,0.20242847502231598,0.00014939024390243902,0.009844512195121951,0.47591644525527954,0.19392560422420502,0.00038719512195121953,0.0009817073170731707,8.197334289550781,0.5568947196006775,6.078213691711426,1.0401129722595215,3.721517562866211,0.6735560894012451,,,,,,
screening,A1_VECTOR_GATE,1,42,0,L1_LATE_75PCT,0.5293099880218506,0.21000412106513977,0.00014277464065708419,0.0069317890143737165,0.5923895239830017,0.2064996063709259,0.0,0.013738449691991787,0.4662303328514099,0.19391566514968872,0.00028554928131416837,0.00012512833675564682,8.086978912353516,0.5703840851783752,6.238989353179932,1.243569016456604,3.7207164764404297,0.6774908304214478,,,,,,
screening,A1_VECTOR_GATE,1,42,1,E1_EARLY_20PCT,0.5585978031158447,0.22124294936656952,0.0024585482265653273,0.019073188110749185,0.5908411145210266,0.2220354825258255,0.0016908704306912777,0.03400119887803112,0.5263546705245972,0.21568001806735992,0.0032262260224393776,0.004145177343467246,8.730032920837402,0.3474872410297394,5.94601583480835,0.8995799422264099,3.733081340789795,0.6669466495513916,,,,,,
screening,A1_VECTOR_GATE,1,42,1,E2_EARLY_35PCT,0.5565181374549866,0.21932163834571838,0.0019406940284537625,0.018165305597154624,0.5931064486503601,0.22077831625938416,0.0014683171096967428,0.03336180269561962,0.519929826259613,0.21162109076976776,0.0024130709472107823,0.0029688084986896294,8.596115112304688,0.45389261841773987,5.759185791015625,0.9562269449234009,3.7382659912109375,0.6721354126930237,,,,,,
screening,A1_VECTOR_GATE,1,42,1,M1_MIDDLE_FROZEN,0.5538862943649292,0.21889632940292358,0.001216526535769829,0.0183056109059098,0.6002028584480286,0.22122029960155487,0.0010540192457231727,0.035180550155521,0.5075695514678955,0.20640331506729126,0.0013790338258164853,0.0014306716562986002,8.447610855102539,0.49462711811065674,5.846068382263184,1.1414355039596558,3.7396700382232666,0.6758378744125366,,,,,,
screening,A1_VECTOR_GATE,1,42,1,L1_LATE_75PCT,0.5489233732223511,0.22040686011314392,0.0006198875255623722,0.019865158486707567,0.6071197986602783,0.22345127165317535,0.0004026073619631902,0.03968877811860941,0.49072688817977905,0.2011324167251587,0.0008371676891615542,4.153885480572597e-05,8.296783447265625,0.5037682056427002,5.873762607574463,1.457129955291748,3.7432150840759277,0.6816990375518799,,,,,,
screening,A1_VECTOR_GATE,2,42,0,E1_EARLY_20PCT,0.5098167657852173,0.18208430707454681,0.0002409515602322206,0.00017575290275761974,0.5199934244155884,0.1929558515548706,0.00026929880261248186,9.0711175616836e-05,0.4996400475502014,0.16991259157657623,0.00021260431785195935,0.00026079462989840347,4.153388977050781,0.25125789642333984,5.423315525054932,0.663723886013031,3.5693728923797607,0.8662686944007874,,,,,,
screening,A1_VECTOR_GATE,2,42,0,E2_EARLY_35PCT,0.5110695362091064,0.18602073192596436,0.0004872661122661123,0.00011074229824229824,0.5295780301094055,0.1969299614429474,0.00016832829332829333,5.906255906255906e-06,0.49256107211112976,0.17245550453662872,0.0008062039312039312,0.00021557834057834058,4.151076316833496,0.2567862868309021,5.418227195739746,0.8155130743980408,3.575559377670288,0.8760263919830322,,,,,,
screening,A1_VECTOR_GATE,2,42,0,M1_MIDDLE_FROZEN,0.5127248167991638,0.19658736884593964,0.0008976193971422979,0.0002492537678606381,0.5445107817649841,0.20734058320522308,0.00017432472108044628,0.00023549128988060286,0.4809391498565674,0.17967301607131958,0.0016209140732041495,0.0002630162458406733,4.217626571655273,0.2558445334434509,6.048187255859375,1.0412384271621704,3.584550142288208,0.8800677061080933,,,,,,
screening,A1_VECTOR_GATE,2,42,0,L1_LATE_75PCT,0.5143262147903442,0.2065829187631607,0.0015451887566680345,0.0004279724045958145,0.5574416518211365,0.21641172468662262,0.00014426036109971277,0.00046804472712351253,0.4712108373641968,0.18655045330524445,0.002946117152236356,0.0003879000820681165,4.256596088409424,0.24891552329063416,6.39323616027832,1.3202736377716064,3.5852210521698,0.8836873769760132,,,,,,
screening,A1_VECTOR_GATE,2,42,1,E1_EARLY_20PCT,0.5131586790084839,0.21051347255706787,0.006996543517679057,0.006468155031731641,0.5319711565971375,0.21243980526924133,0.0021050543970988216,0.006740140525838622,0.49434638023376465,0.20686554908752441,0.011888032638259292,0.00619616953762466,4.727437973022461,0.568507969379425,5.507476806640625,0.8594503998756409,3.8901755809783936,0.8454772233963013,,,,,,
screening,A1_VECTOR_GATE,2,42,1,E2_EARLY_35PCT,0.5149842500686646,0.21246321499347687,0.007379943502824859,0.007428495762711864,0.5346778035163879,0.21393278241157532,0.0012741290018832392,0.009219044256120527,0.49529048800468445,0.20913711190223694,0.013485758003766479,0.005637947269303201,4.819576263427734,0.6298909783363342,5.7424750328063965,1.0193147659301758,3.891045331954956,0.8482515811920166,,,,,,
screening,A1_VECTOR_GATE,2,42,1,M1_MIDDLE_FROZEN,0.5162283778190613,0.2132793664932251,0.00654296875,0.00759124755859375,0.5439053177833557,0.2155057042837143,0.001263427734375,0.0087738037109375,0.488551527261734,0.20736786723136902,0.011822509765625,0.00640869140625,4.9371843338012695,0.6477888226509094,6.439574241638184,1.3908367156982422,3.889935255050659,0.8510889410972595,,,,,,
screening,A1_VECTOR_GATE,2,42,1,L1_LATE_75PCT,0.5154544711112976,0.2212773859500885,0.007235878392269737,0.01027478669819079,0.5497868061065674,0.22401775419712067,0.0015162417763157894,0.01050768400493421,0.48112210631370544,0.21303991973400116,0.012955515008223685,0.010041889391447368,5.070448398590088,0.6563944220542908,6.825771808624268,1.682087779045105,3.8908514976501465,0.8561757206916809,,,,,,
screening,A2_CONCAT_MLP,0,42,0,E1_EARLY_20PCT,,,,,,,,,,,,,4.888697147369385,0.3920155465602875,4.083347320556641,0.5604434609413147,2.930816650390625,0.5278528332710266,,,,,,
screening,A2_CONCAT_MLP,0,42,0,E2_EARLY_35PCT,,,,,,,,,,,,,4.8528666496276855,0.4295823872089386,3.9745354652404785,0.6236541867256165,2.9337472915649414,0.5336419939994812,,,,,,
screening,A2_CONCAT_MLP,0,42,0,M1_MIDDLE_FROZEN,,,,,,,,,,,,,4.931254863739014,0.42110979557037354,4.409881591796875,0.7732284665107727,2.936389923095703,0.5380376577377319,,,,,,
screening,A2_CONCAT_MLP,0,42,0,L1_LATE_75PCT,,,,,,,,,,,,,4.9437737464904785,0.4228525459766388,4.675133228302002,1.0049389600753784,2.939577579498291,0.5433146953582764,,,,,,
screening,A2_CONCAT_MLP,0,42,1,E1_EARLY_20PCT,,,,,,,,,,,,,4.619058132171631,0.43304476141929626,4.220295429229736,0.7278288006782532,2.8703806400299072,0.471663236618042,,,,,,
screening,A2_CONCAT_MLP,0,42,1,E2_EARLY_35PCT,,,,,,,,,,,,,4.66127872467041,0.43888139724731445,4.235864162445068,0.6660059094429016,2.8722643852233887,0.47594553232192993,,,,,,
screening,A2_CONCAT_MLP,0,42,1,M1_MIDDLE_FROZEN,,,,,,,,,,,,,4.707963466644287,0.4264499843120575,4.523411750793457,0.6970293521881104,2.87251353263855,0.4785311818122864,,,,,,
screening,A2_CONCAT_MLP,0,42,1,L1_LATE_75PCT,,,,,,,,,,,,,4.77672004699707,0.4263790249824524,4.618345260620117,0.8102230429649353,2.8756422996520996,0.4814426898956299,,,,,,
screening,A2_CONCAT_MLP,1,42,0,E1_EARLY_20PCT,,,,,,,,,,,,,4.493174076080322,0.39802131056785583,3.7364542484283447,0.4992498457431793,2.892573118209839,0.6062771677970886,,,,,,
screening,A2_CONCAT_MLP,1,42,0,E2_EARLY_35PCT,,,,,,,,,,,,,4.579235076904297,0.5716320872306824,3.940828561782837,0.5696311593055725,2.893810272216797,0.6100366711616516,,,,,,
screening,A2_CONCAT_MLP,1,42,0,M1_MIDDLE_FROZEN,,,,,,,,,,,,,4.618218421936035,0.6867526173591614,4.560838222503662,0.8297966718673706,2.8956949710845947,0.6135058403015137,,,,,,
screening,A2_CONCAT_MLP,1,42,0,L1_LATE_75PCT,,,,,,,,,,,,,4.665797233581543,0.8072668313980103,4.864172458648682,0.9963980317115784,2.8943514823913574,0.6150086522102356,,,,,,
screening,A2_CONCAT_MLP,1,42,1,E1_EARLY_20PCT,,,,,,,,,,,,,4.824337005615234,0.21665404736995697,4.010794639587402,0.5805699229240417,2.9635581970214844,0.4992144703865051,,,,,,
screening,A2_CONCAT_MLP,1,42,1,E2_EARLY_35PCT,,,,,,,,,,,,,4.910894870758057,0.19336222112178802,4.005136489868164,0.5937221646308899,2.966359853744507,0.5037618279457092,,,,,,
screening,A2_CONCAT_MLP,1,42,1,M1_MIDDLE_FROZEN,,,,,,,,,,,,,4.962946891784668,0.18739202618598938,4.428751468658447,0.798352837562561,2.9674458503723145,0.5064597129821777,,,,,,
screening,A2_CONCAT_MLP,1,42,1,L1_LATE_75PCT,,,,,,,,,,,,,5.010306358337402,0.20569725334644318,4.694133758544922,1.0880213975906372,2.9707043170928955,0.5112415552139282,,,,,,
screening,A2_CONCAT_MLP,2,42,0,E1_EARLY_20PCT,,,,,,,,,,,,,5.60540246963501,0.5550873875617981,5.607578754425049,0.9323356747627258,3.373417615890503,1.0839391946792603,,,,,,
screening,A2_CONCAT_MLP,2,42,0,E2_EARLY_35PCT,,,,,,,,,,,,,5.602646350860596,0.5155537128448486,5.549588203430176,1.0240075588226318,3.385065793991089,1.0980104207992554,,,,,,
screening,A2_CONCAT_MLP,2,42,0,M1_MIDDLE_FROZEN,,,,,,,,,,,,,5.708372592926025,0.4586622714996338,6.223539352416992,1.3269500732421875,3.397197723388672,1.104071855545044,,,,,,
screening,A2_CONCAT_MLP,2,42,0,L1_LATE_75PCT,,,,,,,,,,,,,5.78145170211792,0.4032907783985138,6.461109161376953,1.5214488506317139,3.3985280990600586,1.1088613271713257,,,,,,
screening,A2_CONCAT_MLP,2,42,1,E1_EARLY_20PCT,,,,,,,,,,,,,4.921957969665527,0.4923977553844452,4.677384853363037,0.72205650806427,3.1350715160369873,0.6274400353431702,,,,,,
screening,A2_CONCAT_MLP,2,42,1,E2_EARLY_35PCT,,,,,,,,,,,,,4.84921932220459,0.5295902490615845,4.767559051513672,0.7876622676849365,3.138679265975952,0.6327565312385559,,,,,,
screening,A2_CONCAT_MLP,2,42,1,M1_MIDDLE_FROZEN,,,,,,,,,,,,,4.8541388511657715,0.5163972973823547,5.23323917388916,1.0022603273391724,3.1420769691467285,0.6375122666358948,,,,,,
screening,A2_CONCAT_MLP,2,42,1,L1_LATE_75PCT,,,,,,,,,,,,,4.841533660888672,0.5261595249176025,5.591953277587891,1.166338324546814,3.1437785625457764,0.6432802677154541,,,,,,
screening,A3_FILM,0,42,0,E1_EARLY_20PCT,,,,,,,,,,,,,5.060358047485352,0.304186075925827,3.8056368827819824,0.5860070586204529,3.478409767150879,0.6395235657691956,-0.03005822002887726,0.1759389042854309,1.8147879838943481,-0.0016995039768517017,0.20452816784381866,1.318400502204895
screening,A3_FILM,0,42,0,E2_EARLY_35PCT,,,,,,,,,,,,,5.147027969360352,0.36832183599472046,4.089426517486572,0.8598140478134155,3.479905128479004,0.6440818905830383,-0.038151729851961136,0.20965729653835297,2.1820363998413086,0.002424632664769888,0.24190066754817963,1.6034502983093262
screening,A3_FILM,0,42,0,M1_MIDDLE_FROZEN,,,,,,,,,,,,,5.267905235290527,0.3935141861438751,4.974670886993408,1.3493685722351074,3.4829483032226562,0.6482512950897217,-0.04687458276748657,0.2552783787250519,2.4746217727661133,0.005447563715279102,0.29621821641921997,1.8369354009628296
screening,A3_FILM,0,42,0,L1_LATE_75PCT,,,,,,,,,,,,,5.37141752243042,0.4239739179611206,5.818248748779297,1.6548596620559692,3.4853341579437256,0.6532130837440491,-0.05552441626787186,0.3186481297016144,2.7703287601470947,0.01636309176683426,0.36375075578689575,2.02303409576416
screening,A3_FILM,0,42,1,E1_EARLY_20PCT,,,,,,,,,,,,,5.052736282348633,0.23190434277057648,4.1098103523254395,0.6640278100967407,3.5288431644439697,0.612815260887146,-0.03879088908433914,0.1458754688501358,1.3399181365966797,-0.00026366321253590286,0.17679521441459656,1.0403306484222412
screening,A3_FILM,0,42,1,E2_EARLY_35PCT,,,,,,,,,,,,,5.1072235107421875,0.23044872283935547,4.528798580169678,0.7862886786460876,3.529052972793579,0.6152247786521912,-0.04604543372988701,0.1694539189338684,1.2572399377822876,0.0028222871478646994,0.2038934975862503,1.0606111288070679
screening,A3_FILM,0,42,1,M1_MIDDLE_FROZEN,,,,,,,,,,,,,5.148029327392578,0.20666000247001648,5.374763011932373,1.0962880849838257,3.5268774032592773,0.6155539155006409,-0.055372726172208786,0.21907615661621094,1.614641785621643,0.01321933139115572,0.27188846468925476,1.2531201839447021
screening,A3_FILM,0,42,1,L1_LATE_75PCT,,,,,,,,,,,,,5.197420120239258,0.1941533237695694,5.823654651641846,1.3331124782562256,3.528336524963379,0.6159659624099731,-0.056804049760103226,0.2504259943962097,1.6721992492675781,0.024040935561060905,0.31544145941734314,1.3732978105545044
screening,A3_FILM,1,42,0,E1_EARLY_20PCT,,,,,,,,,,,,,8.696063041687012,0.5428720116615295,4.919408798217773,0.5488021373748779,3.6157383918762207,0.6327742338180542,0.06494118273258209,0.2501881718635559,1.4495513439178467,-0.018877027556300163,0.2957661747932434,1.5775794982910156
screening,A3_FILM,1,42,0,E2_EARLY_35PCT,,,,,,,,,,,,,8.623838424682617,0.45657217502593994,5.235310077667236,0.7010459899902344,3.6179404258728027,0.6374664902687073,0.08217334747314453,0.28057315945625305,1.577422022819519,-0.020798413082957268,0.3420935571193695,1.702368974685669
screening,A3_FILM,1,42,0,M1_MIDDLE_FROZEN,,,,,,,,,,,,,8.527176856994629,0.43779051303863525,5.973196029663086,1.1267569065093994,3.6194419860839844,0.6421058773994446,0.11095323413610458,0.3408156633377075,1.8955799341201782,-0.02405702695250511,0.4329369068145752,1.9958086013793945
screening,A3_FILM,1,42,0,L1_LATE_75PCT,,,,,,,,,,,,,8.406705856323242,0.4302905201911926,6.653480529785156,1.4824607372283936,3.61855149269104,0.6451802253723145,0.14354103803634644,0.3960935175418854,2.162562847137451,-0.026636334136128426,0.5168620347976685,2.3402860164642334
screening,A3_FILM,1,42,1,E1_EARLY_20PCT,,,,,,,,,,,,,9.317581176757812,0.3008425533771515,4.854991912841797,0.5254738330841064,3.6713356971740723,0.7510402202606201,0.06652359664440155,0.2827354669570923,1.5521718263626099,-0.03513728454709053,0.32164376974105835,1.8799033164978027
screening,A3_FILM,1,42,1,E2_EARLY_35PCT,,,,,,,,,,,,,9.329904556274414,0.33915430307388306,5.204509735107422,0.7160668969154358,3.678541660308838,0.7587689757347107,0.07533513754606247,0.310922235250473,1.7362639904022217,-0.037662383168935776,0.36410394310951233,2.0748562812805176
screening,A3_FILM,1,42,1,M1_MIDDLE_FROZEN,,,,,,,,,,,,,9.337321281433105,0.38159310817718506,5.876199722290039,1.0130692720413208,3.6801488399505615,0.7651140689849854,0.09459242224693298,0.3745265305042267,1.906388759613037,-0.04248441755771637,0.455839604139328,2.258044719696045
screening,A3_FILM,1,42,1,L1_LATE_75PCT,,,,,,,,,,,,,9.28664493560791,0.42418020963668823,6.304118633270264,1.242912769317627,3.6867730617523193,0.7735520005226135,0.11055562645196915,0.42686983942985535,2.0738606452941895,-0.04477613791823387,0.5258723497390747,2.4821290969848633
screening,A3_FILM,2,42,0,E1_EARLY_20PCT,,,,,,,,,,,,,5.9109787940979,0.20959408581256866,4.602154731750488,0.9969381093978882,3.3795199394226074,0.9379451274871826,-0.13380692899227142,0.23763155937194824,2.165346622467041,-0.0028779846616089344,0.229852095246315,1.8111722469329834
screening,A3_FILM,2,42,0,E2_EARLY_35PCT,,,,,,,,,,,,,6.006873607635498,0.2067166119813919,5.021039962768555,1.0027859210968018,3.386087417602539,0.9466238021850586,-0.14688926935195923,0.2793641984462738,2.698786497116089,0.013492906466126442,0.2697775661945343,2.345418691635132
screening,A3_FILM,2,42,0,M1_MIDDLE_FROZEN,,,,,,,,,,,,,6.085078716278076,0.19519637525081635,6.135313987731934,1.530789852142334,3.3951754570007324,0.9496954679489136,-0.17290030419826508,0.4389730393886566,3.425624370574951,0.04640570655465126,0.42005082964897156,3.085541009902954
screening,A3_FILM,2,42,0,L1_LATE_75PCT,,,,,,,,,,,,,6.142958164215088,0.19223472476005554,6.780493259429932,1.944105863571167,3.396052360534668,0.9530642032623291,-0.17910584807395935,0.5740672945976257,3.675905227661133,0.07073356956243515,0.5397573709487915,3.27925181388855
screening,A3_FILM,2,42,1,E1_EARLY_20PCT,,,,,,,,,,,,,5.883309364318848,0.5331258177757263,5.183004379272461,0.9390358328819275,3.591909170150757,0.8766420483589172,-0.1160765290260315,0.2746444344520569,2.525393486022949,-0.0027600934263318777,0.2733314335346222,2.0181162357330322
screening,A3_FILM,2,42,1,E2_EARLY_35PCT,,,,,,,,,,,,,6.147317886352539,0.5694328546524048,5.325566291809082,1.1545686721801758,3.597179651260376,0.8799543976783752,-0.11785624176263809,0.324203222990036,2.4544246196746826,0.009217881597578526,0.32817718386650085,1.9440627098083496
screening,A3_FILM,2,42,1,M1_MIDDLE_FROZEN,,,,,,,,,,,,,6.322381019592285,0.5416551828384399,6.19445276260376,1.7076752185821533,3.5995125770568848,0.8868969082832336,-0.12625400722026825,0.4277183413505554,3.4719161987304688,0.034350622445344925,0.4355211853981018,2.7173256874084473
screening,A3_FILM,2,42,1,L1_LATE_75PCT,,,,,,,,,,,,,6.503299236297607,0.49686455726623535,6.757490634918213,2.1876230239868164,3.602832078933716,0.8951112031936646,-0.1268884539604187,0.5206995010375977,3.9366188049316406,0.059860266745090485,0.5258758068084717,3.123730182647705
confirmation,A0_SCALAR_GATE,0,1201,0,E1_EARLY_20PCT,0.6225098371505737,0.11383990198373795,0.0,0.0,0.6383941173553467,0.128370463848114,0.0,0.0,0.606625497341156,0.09452750533819199,0.0,0.0,4.292529582977295,0.29193389415740967,4.3444061279296875,0.7798995971679688,3.3477213382720947,0.7331948280334473,,,,,,
confirmation,A0_SCALAR_GATE,0,1201,0,E2_EARLY_35PCT,0.6275615692138672,0.13459151983261108,0.0,0.0,0.6895694136619568,0.12320157885551453,0.0,0.0,0.5655537843704224,0.11559060961008072,0.0,0.0,4.338110446929932,0.3311719298362732,4.326989650726318,0.7003859281539917,3.3542802333831787,0.7397355437278748,,,,,,
confirmation,A0_SCALAR_GATE,0,1201,0,M1_MIDDLE_FROZEN,0.6108585596084595,0.1648932546377182,0.0,0.0,0.7238511443138123,0.11084562540054321,0.0,0.0,0.49786582589149475,0.12867845594882965,0.0,0.0,4.436461448669434,0.3493403196334839,4.729912281036377,0.85071861743927,3.358854293823242,0.7460054755210876,,,,,,
confirmation,A0_SCALAR_GATE,0,1201,0,L1_LATE_75PCT,0.5944716930389404,0.2039024382829666,0.0,0.0,0.7688291668891907,0.09316118061542511,0.0,0.0,0.4201143682003021,0.11692912876605988,0.0,0.0,4.4895477294921875,0.35577741265296936,4.8026628494262695,1.0435072183609009,3.3635880947113037,0.7517861127853394,,,,,,
confirmation,A0_SCALAR_GATE,0,1201,1,E1_EARLY_20PCT,0.6912017464637756,0.12109740823507309,0.0,0.0,0.7026625871658325,0.11169280856847763,0.0,0.0,0.6797407865524292,0.12880674004554749,0.0,0.0,4.640451908111572,0.39065152406692505,4.746058464050293,0.6977556347846985,3.414017915725708,0.693747878074646,,,,,,
confirmation,A0_SCALAR_GATE,0,1201,1,E2_EARLY_35PCT,0.701132595539093,0.12389954179525375,0.0,0.0,0.7429050207138062,0.10802885890007019,0.0,0.0,0.6593601703643799,0.12466792017221451,0.0,0.0,4.690090656280518,0.39607587456703186,4.611814498901367,0.6500775814056396,3.417438268661499,0.6970498561859131,,,,,,
confirmation,A0_SCALAR_GATE,0,1201,1,M1_MIDDLE_FROZEN,0.6916698217391968,0.1436314433813095,0.0,0.0,0.780844509601593,0.09074559807777405,0.0,0.0,0.6024951338768005,0.13084714114665985,0.0,0.0,4.757966041564941,0.37251850962638855,4.876410484313965,0.6998141407966614,3.417731761932373,0.6988592147827148,,,,,,
confirmation,A0_SCALAR_GATE,0,1201,1,L1_LATE_75PCT,0.6732310652732849,0.18445250391960144,0.0,0.00020479213598197828,0.8232137560844421,0.06852775067090988,0.0,0.00040958427196395656,0.5232484340667725,0.13549837470054626,0.0,0.0,4.834295272827148,0.3550148606300354,4.994332790374756,0.9560564160346985,3.422464609146118,0.7013401985168457,,,,,,
confirmation,A0_SCALAR_GATE,0,2026,0,E1_EARLY_20PCT,0.578657329082489,0.1569138467311859,0.0,0.0,0.6310181617736816,0.1580846905708313,0.0,0.0,0.5262964963912964,0.13700304925441742,0.0,0.0,5.159636974334717,0.20540502667427063,4.706676483154297,0.7562434077262878,3.5411901473999023,0.6060255765914917,,,,,,
confirmation,A0_SCALAR_GATE,0,2026,0,E2_EARLY_35PCT,0.6002762317657471,0.17307202517986298,0.0,0.0,0.6911793947219849,0.14578934013843536,0.0,0.0,0.5093729496002197,0.1487499624490738,0.0,0.0,5.151211261749268,0.23014122247695923,4.564682483673096,0.7900223731994629,3.5451221466064453,0.6113499999046326,,,,,,
confirmation,A0_SCALAR_GATE,0,2026,0,M1_MIDDLE_FROZEN,0.6054483652114868,0.20839276909828186,0.0,0.0,0.7707836627960205,0.1161259263753891,0.0,0.0,0.4401130676269531,0.13674184679985046,0.0,0.0,5.202818393707275,0.21776436269283295,5.020414352416992,0.9237666130065918,3.548173666000366,0.6154900193214417,,,,,,
confirmation,A0_SCALAR_GATE,0,2026,0,L1_LATE_75PCT,0.6063091158866882,0.23985053598880768,0.0,0.0047044385354878294,0.8172571659088135,0.09696028381586075,0.0,0.009408877070975659,0.3953610956668854,0.1290624886751175,0.0,0.0,5.220976829528809,0.21834789216518402,5.3481221199035645,1.2790206670761108,3.5514700412750244,0.6198803186416626,,,,,,
confirmation,A0_SCALAR_GATE,0,2026,1,E1_EARLY_20PCT,0.6998007297515869,0.1263238936662674,0.0,0.0,0.6601080894470215,0.12141179293394089,0.0,0.0,0.7394935488700867,0.11842125654220581,0.0,0.0,4.7314887046813965,0.18550381064414978,5.050426006317139,0.6968369483947754,3.27732515335083,0.6096867918968201,,,,,,
confirmation,A0_SCALAR_GATE,0,2026,1,E2_EARLY_35PCT,0.704990565776825,0.11470772325992584,0.0,0.0,0.7027071118354797,0.11269424855709076,0.0,0.0,0.7072740197181702,0.11664175987243652,0.0,0.0,4.731668472290039,0.18648746609687805,4.849513530731201,0.6939060091972351,3.2818665504455566,0.6150647401809692,,,,,,
confirmation,A0_SCALAR_GATE,0,2026,1,M1_MIDDLE_FROZEN,0.6904918551445007,0.13567253947257996,0.0,0.0,0.7630894184112549,0.09519843012094498,0.0,0.0,0.6178942918777466,0.13118891417980194,0.0,0.0,4.756813049316406,0.1939759999513626,5.0688700675964355,0.7088595032691956,3.284440755844116,0.6186231970787048,,,,,,
confirmation,A0_SCALAR_GATE,0,2026,1,L1_LATE_75PCT,0.647536039352417,0.18978145718574524,0.0,0.0,0.808260977268219,0.07410707324743271,0.0,0.0,0.48681116104125977,0.12197200208902359,0.0,0.0,4.778599739074707,0.20291905105113983,5.239346981048584,0.8527345061302185,3.2887654304504395,0.6240611672401428,,,,,,
confirmation,A0_SCALAR_GATE,1,1201,0,E1_EARLY_20PCT,0.8549647331237793,0.13050340116024017,0.0,0.338309808179515,0.952083945274353,0.03162267431616783,0.0,0.67661961635903,0.7578454613685608,0.11915533244609833,0.0,0.0,8.152145385742188,0.6912049055099487,5.308784484863281,0.6355906128883362,3.7899997234344482,0.9967004656791687,,,,,,
confirmation,A0_SCALAR_GATE,1,1201,0,E2_EARLY_35PCT,0.8330417275428772,0.15668323636054993,0.0,0.3801395699735949,0.9618593454360962,0.020823782309889793,0.0,0.7602791399471898,0.7042240500450134,0.12440923601388931,0.0,0.0,8.187688827514648,0.5215272903442383,5.407162666320801,0.6704567074775696,3.799163818359375,1.0089263916015625,,,,,,
confirmation,A0_SCALAR_GATE,1,1201,0,M1_MIDDLE_FROZEN,0.7859675288200378,0.2028462141752243,0.0,0.4521951219512195,0.9699931144714355,0.012929102405905724,0.0,0.904390243902439,0.6019417643547058,0.11997953057289124,0.0,0.0,8.244792938232422,0.4277414381504059,5.728778839111328,0.8517661094665527,3.8053224086761475,1.0179988145828247,,,,,,
confirmation,A0_SCALAR_GATE,1,1201,0,L1_LATE_75PCT,0.7385962009429932,0.2463233470916748,0.0,0.4682751540041068,0.9718916416168213,0.011117541231215,0.0,0.9365503080082136,0.5053007006645203,0.11123476177453995,0.0,0.0,8.201469421386719,0.3145493268966675,5.934342861175537,1.027838945388794,3.8116815090179443,1.0264599323272705,,,,,,
confirmation,A0_SCALAR_GATE,1,1201,1,E1_EARLY_20PCT,0.8207923173904419,0.15187135338783264,0.0,0.20964531306550852,0.9381712079048157,0.03109893389046192,0.0,0.41929062613101703,0.7034135460853577,0.13269169628620148,0.0,0.0,7.733373165130615,0.41786518692970276,5.181410312652588,0.6432846784591675,3.714298725128174,0.7727269530296326,,,,,,
confirmation,A0_SCALAR_GATE,1,1201,1,E2_EARLY_35PCT,0.7930931448936462,0.18851657211780548,0.0,0.28425683264694873,0.9473620653152466,0.026191923767328262,0.0,0.5685136652938975,0.6388242244720459,0.1509741246700287,0.0,0.0,7.7279582023620605,0.39020809531211853,4.963957786560059,0.6865806579589844,3.721217155456543,0.779839277267456,,,,,,
confirmation,A0_SCALAR_GATE,1,1201,1,M1_MIDDLE_FROZEN,0.7495386600494385,0.23043829202651978,0.0,0.3411741835147745,0.9543206691741943,0.018932485952973366,0.0,0.682348367029549,0.5447568297386169,0.14823605120182037,0.0,0.0,7.784557819366455,0.3778573274612427,4.980374813079834,0.8616330623626709,3.7251830101013184,0.785873293876648,,,,,,
confirmation,A0_SCALAR_GATE,1,1201,1,L1_LATE_75PCT,0.694584846496582,0.2746080458164215,0.0,0.35337423312883437,0.9560638666152954,0.015727536752820015,0.0,0.7067484662576687,0.4331057071685791,0.11759751290082932,0.0,0.0,7.769001007080078,0.38765427470207214,4.910472869873047,1.0903267860412598,3.7315144538879395,0.7938718199729919,,,,,,
confirmation,A0_SCALAR_GATE,1,2026,0,E1_EARLY_20PCT,0.7417644262313843,0.1477603018283844,0.0,0.005247918928700687,0.8008349537849426,0.10911301523447037,0.0,0.009771986970684038,0.6826940178871155,0.157422736287117,0.0,0.0007238508867173362,8.60986328125,0.6118496656417847,5.762671947479248,0.8463026881217957,4.192605972290039,0.9081679582595825,,,,,,
confirmation,A0_SCALAR_GATE,1,2026,0,E2_EARLY_35PCT,0.7523036599159241,0.15228280425071716,0.0,0.01159939645416824,0.8359823226928711,0.08212393522262573,0.0,0.02319879290833648,0.6686249375343323,0.16009847819805145,0.0,0.0,8.571160316467285,0.7046692371368408,5.534127235412598,0.863654375076294,4.202292442321777,0.9152039885520935,,,,,,
confirmation,A0_SCALAR_GATE,1,2026,0,M1_MIDDLE_FROZEN,0.7323539853096008,0.18036052584648132,0.0,0.016878048780487806,0.8587488532066345,0.06865298002958298,0.0,0.03375609756097561,0.6059590578079224,0.1685088872909546,0.0,0.0,8.448149681091309,0.780739426612854,5.560154914855957,0.8815435171127319,4.204782009124756,0.9223624467849731,,,,,,
confirmation,A0_SCALAR_GATE,1,2026,0,L1_LATE_75PCT,0.701056718826294,0.2313942015171051,0.0,0.07351129363449692,0.8830138444900513,0.06388383358716965,0.0,0.14702258726899384,0.5190995335578918,0.19180352985858917,0.0,0.0,8.248720169067383,0.8338652849197388,5.499593257904053,0.9903042912483215,4.209847927093506,0.9286225438117981,,,,,,
confirmation,A0_SCALAR_GATE,1,2026,1,E1_EARLY_20PCT,0.9073161482810974,0.078781858086586,0.0,0.4828990228013029,0.9727949500083923,0.009427037090063095,0.0,0.9657980456026058,0.8418371677398682,0.06123163551092148,0.0,0.0,8.043079376220703,0.23693326115608215,5.076452732086182,0.6594662666320801,3.4227519035339355,0.5412753820419312,,,,,,
confirmation,A0_SCALAR_GATE,1,2026,1,E2_EARLY_35PCT,0.8950002193450928,0.09952835738658905,0.0,0.4829651815799326,0.9737445116043091,0.010153241455554962,0.0,0.9659303631598652,0.8162559866905212,0.08548334240913391,0.0,0.0,8.023931503295898,0.2626630365848541,4.984325408935547,0.6927626132965088,3.427589178085327,0.5436692237854004,,,,,,
confirmation,A0_SCALAR_GATE,1,2026,1,M1_MIDDLE_FROZEN,0.8676313757896423,0.12844330072402954,0.0,0.47220062208398134,0.9722409844398499,0.011245187371969223,0.0,0.9444012441679627,0.7630219459533691,0.10479788482189178,0.0,0.0,7.999482154846191,0.28282827138900757,5.158350467681885,0.6920527219772339,3.4310410022735596,0.5443264245986938,,,,,,
confirmation,A0_SCALAR_GATE,1,2026,1,L1_LATE_75PCT,0.8170351386070251,0.17060184478759766,0.0,0.4541922290388548,0.9684838056564331,0.01250097993761301,0.0,0.9083844580777096,0.6655863523483276,0.1103641465306282,0.0,0.0,7.974606990814209,0.30801311135292053,5.048138618469238,0.9007470607757568,3.4333856105804443,0.5491881370544434,,,,,,
confirmation,A0_SCALAR_GATE,2,1201,0,E1_EARLY_20PCT,0.719410240650177,0.13469217717647552,0.0,0.0005442670537010159,0.731931746006012,0.1156071349978447,0.0,0.000362844702467344,0.7068889141082764,0.15035086870193481,0.0,0.000725689404934688,4.395975589752197,0.4693431556224823,5.470698356628418,0.6730828285217285,3.505997896194458,0.7535346150398254,,,,,,
confirmation,A0_SCALAR_GATE,2,1201,0,E2_EARLY_35PCT,0.731902003288269,0.16090986132621765,0.0,0.0004725004725004725,0.786175549030304,0.11549285054206848,0.0,0.0,0.6776284575462341,0.1804276406764984,0.0,0.000945000945000945,4.389906883239746,0.4775371551513672,5.294485092163086,0.6839783787727356,3.510110855102539,0.7595290541648865,,,,,,
confirmation,A0_SCALAR_GATE,2,1201,0,M1_MIDDLE_FROZEN,0.7323917150497437,0.16578389704227448,0.0,0.015365042082599334,0.8355089426040649,0.08695178478956223,0.0,0.03073008416519867,0.6292744278907776,0.16168376803398132,0.0,0.0,4.488304138183594,0.5006445646286011,5.658914566040039,0.9365886449813843,3.51767897605896,0.7626796960830688,,,,,,
confirmation,A0_SCALAR_GATE,2,1201,0,L1_LATE_75PCT,0.7046491503715515,0.2016754001379013,0.0,0.05724251128436603,0.871064305305481,0.06703874468803406,0.0,0.11448502256873205,0.5382341146469116,0.14650531113147736,0.0,0.0,4.560829162597656,0.5006697773933411,5.933151721954346,1.1642462015151978,3.517662763595581,0.7647684216499329,,,,,,
confirmation,A0_SCALAR_GATE,2,1201,1,E1_EARLY_20PCT,0.7299241423606873,0.16780824959278107,0.0,0.013689936536718041,0.7340827584266663,0.16802829504013062,0.0,0.026835902085222123,0.7257654666900635,0.16748468577861786,0.0,0.0005439709882139619,4.246585845947266,0.6160235404968262,5.332764625549316,0.8154436349868774,3.880317449569702,0.7291691899299622,,,,,,
confirmation,A0_SCALAR_GATE,2,1201,1,E2_EARLY_35PCT,0.7495030164718628,0.16426841914653778,0.0,0.04529190207156309,0.8155769109725952,0.14116942882537842,0.0,0.09058380414312618,0.6834291219711304,0.15908457338809967,0.0,0.0,4.276312828063965,0.7274576425552368,5.110118865966797,0.732887327671051,3.8871030807495117,0.7333833575248718,,,,,,
confirmation,A0_SCALAR_GATE,2,1201,1,M1_MIDDLE_FROZEN,0.7412470579147339,0.1916254460811615,0.0,0.0775390625,0.8956359624862671,0.06673508137464523,0.0,0.155078125,0.5868580341339111,0.1459970772266388,0.0,0.0,4.343907833099365,0.7978481650352478,5.409173488616943,0.8707830905914307,3.8922812938690186,0.7375282049179077,,,,,,
confirmation,A0_SCALAR_GATE,2,1201,1,L1_LATE_75PCT,0.7046549916267395,0.24858970940113068,0.0,0.15409128289473684,0.9304832816123962,0.03451535478234291,0.0,0.3081825657894737,0.47882673144340515,0.14284798502922058,0.0,0.0,4.444386959075928,0.8577218055725098,5.633253574371338,1.1380122900009155,3.900315046310425,0.7404798269271851,,,,,,
confirmation,A0_SCALAR_GATE,2,2026,0,E1_EARLY_20PCT,0.7168059945106506,0.17133080959320068,0.0,0.00136066763425254,0.6159595251083374,0.1667948216199875,0.0,0.0,0.8176524639129639,0.1027032658457756,0.0,0.00272133526850508,4.895333290100098,0.12620891630649567,5.865342140197754,0.5982046723365784,3.530869483947754,0.6186330914497375,,,,,,
confirmation,A0_SCALAR_GATE,2,2026,0,E2_EARLY_35PCT,0.7495788931846619,0.1517704576253891,0.0,0.0025515025515025513,0.7024220824241638,0.1652284860610962,0.0,0.000189000189000189,0.7967358231544495,0.11966849118471146,0.0,0.004914004914004914,4.921461582183838,0.1631627380847931,5.607534408569336,0.6300943493843079,3.534420967102051,0.6228266358375549,,,,,,
confirmation,A0_SCALAR_GATE,2,2026,0,M1_MIDDLE_FROZEN,0.7636950016021729,0.1414271593093872,0.0,0.018888236445488354,0.8067963123321533,0.12205792963504791,0.0,0.035623409669211195,0.7205935716629028,0.1462521255016327,0.0,0.002153063221765512,4.9614996910095215,0.1875990629196167,5.705332279205322,0.7751232385635376,3.5406038761138916,0.6247422695159912,,,,,,
confirmation,A0_SCALAR_GATE,2,2026,0,L1_LATE_75PCT,0.7441669702529907,0.1719081997871399,0.0,0.07468198604842019,0.8739201426506042,0.08026989549398422,0.0,0.14936397209684038,0.614413857460022,0.13780364394187927,0.0,0.0,4.9769721031188965,0.2243393510580063,5.999903202056885,0.9642587304115295,3.540548324584961,0.6263394355773926,,,,,,
confirmation,A0_SCALAR_GATE,2,2026,1,E1_EARLY_20PCT,0.7777445316314697,0.16156138479709625,0.0,0.0500453309156845,0.8489511013031006,0.12017294764518738,0.0,0.09773345421577516,0.7065380215644836,0.16619832813739777,0.0,0.002357207615593835,4.9900031089782715,0.4970237910747528,5.529618263244629,0.6982696056365967,3.615017890930176,0.5976570248603821,,,,,,
confirmation,A0_SCALAR_GATE,2,2026,1,E2_EARLY_35PCT,0.7959868907928467,0.15323731303215027,0.0,0.08182674199623352,0.88657146692276,0.09159892797470093,0.0,0.16290018832391714,0.7054024338722229,0.14886869490146637,0.0,0.0007532956685499058,5.040114402770996,0.5481749773025513,5.474713325500488,0.8089030981063843,3.618248701095581,0.6006569862365723,,,,,,
confirmation,A0_SCALAR_GATE,2,2026,1,M1_MIDDLE_FROZEN,0.7927132844924927,0.1622440367937088,0.0,0.19775390625,0.9236442446708679,0.05977414920926094,0.0,0.3953125,0.6617822647094727,0.1216036006808281,0.0,0.0001953125,5.056394100189209,0.593001663684845,5.975533485412598,0.9108923077583313,3.6205878257751465,0.6051123142242432,,,,,,
confirmation,A0_SCALAR_GATE,2,2026,1,L1_LATE_75PCT,0.7548657059669495,0.20619356632232666,0.0,0.3006784539473684,0.9433497190475464,0.042558494955301285,0.0,0.6013569078947368,0.5663817524909973,0.11030835658311844,0.0,0.0,5.114398956298828,0.6317723989486694,6.1617817878723145,1.1509394645690918,3.624840259552002,0.6108826994895935,,,,,,
confirmation,A1_VECTOR_GATE,0,1201,0,E1_EARLY_20PCT,0.504849374294281,0.14261753857135773,0.0013657721920289855,0.000987884963768116,0.5065386891365051,0.14612261950969696,0.0012709465579710145,0.00020380434782608695,0.5031598806381226,0.13900358974933624,0.0014605978260869565,0.001771965579710145,4.194070816040039,0.1896168440580368,4.703886985778809,0.7079528570175171,3.432509183883667,0.7102504968643188,,,,,,
confirmation,A1_VECTOR_GATE,0,1201,0,E2_EARLY_35PCT,0.5024495124816895,0.14912760257720947,0.001080373941674506,0.000557090780809031,0.5108986496925354,0.15137046575546265,0.0011171213546566322,0.0006173565380997178,0.4940005838871002,0.14636357128620148,0.00104362652869238,0.0004968250235183443,4.239518165588379,0.22887197136878967,4.728087902069092,0.8228086233139038,3.439271926879883,0.7169138789176941,,,,,,
confirmation,A1_VECTOR_GATE,0,1201,0,M1_MIDDLE_FROZEN,0.49946385622024536,0.16156545281410217,0.0036146706295069188,0.002127082927304619,0.5163172483444214,0.16169525682926178,0.0026462921457805497,0.0038004287663223543,0.48261043429374695,0.15966643393039703,0.004583049113233288,0.00045373708828688367,4.303930759429932,0.25717735290527344,5.366270542144775,1.109747290611267,3.4433400630950928,0.7228803634643555,,,,,,
confirmation,A1_VECTOR_GATE,0,1201,0,L1_LATE_75PCT,0.49923083186149597,0.1797659993171692,0.006537315913274698,0.004314532624258539,0.5228074193000793,0.17745116353034973,0.004659695234199223,0.008069773982409491,0.4756542444229126,0.17897211015224457,0.008414936592350174,0.0005592912661075885,4.356949806213379,0.2793467938899994,5.65315580368042,1.3358944654464722,3.448350667953491,0.7296267747879028,,,,,,
confirmation,A1_VECTOR_GATE,0,1201,1,E1_EARLY_20PCT,0.5092160701751709,0.15005971491336823,0.0024271981745888306,0.0006890475329839147,0.4983699917793274,0.15230506658554077,0.0026347596240737393,0.0011888893909271644,0.5200619101524353,0.14698214828968048,0.002219636725103922,0.0001892056750406651,4.712883949279785,0.2855599820613861,5.146294593811035,0.7323732972145081,3.363433837890625,0.7400798201560974,,,,,,
confirmation,A1_VECTOR_GATE,0,1201,1,E2_EARLY_35PCT,0.5087160468101501,0.15553466975688934,0.0037187031132783197,0.0022447018004501124,0.5060173869132996,0.15747205913066864,0.003578042948237059,0.003378774381095274,0.5114147663116455,0.15352538228034973,0.00385936327831958,0.0011106292198049513,4.772769927978516,0.2819823920726776,4.963238716125488,0.8619568347930908,3.369927406311035,0.7452858686447144,,,,,,
confirmation,A1_VECTOR_GATE,0,1201,1,M1_MIDDLE_FROZEN,0.5090058445930481,0.1619632989168167,0.0066742246928028085,0.005816327774527014,0.5193517804145813,0.16224150359630585,0.005586234640140433,0.006978983811195631,0.49866005778312683,0.16102124750614166,0.007762214745465184,0.004653671737858397,4.81635046005249,0.2790257930755615,5.286575794219971,1.0244594812393188,3.372262477874756,0.7487979531288147,,,,,,
confirmation,A1_VECTOR_GATE,0,1201,1,L1_LATE_75PCT,0.5097604393959045,0.1707354635000229,0.008974055396272784,0.00817568605365554,0.5309768319129944,0.1689523458480835,0.0075965082940815075,0.00930204280155642,0.4885442852973938,0.16987064480781555,0.01035160249846406,0.0070493293057546594,4.861431121826172,0.274208664894104,5.352390289306641,1.2142560482025146,3.3783798217773438,0.7534664869308472,,,,,,
confirmation,A1_VECTOR_GATE,0,2026,0,E1_EARLY_20PCT,0.5014145374298096,0.18037398159503937,0.0005717844202898551,0.0016587409420289855,0.5142592191696167,0.18450093269348145,4.528985507246377e-05,0.00028872282608695654,0.4885697662830353,0.17521125078201294,0.0010982789855072464,0.0030287590579710145,4.9192914962768555,0.1736694574356079,4.877251625061035,0.786435067653656,3.6534831523895264,0.6180238127708435,,,,,,
confirmation,A1_VECTOR_GATE,0,2026,0,E2_EARLY_35PCT,0.498085081577301,0.18624792993068695,0.0003718838193791157,0.0012626411100658513,0.5150159001350403,0.19105413556098938,9.407337723424271e-05,0.0005056444026340545,0.48115432262420654,0.1797264665365219,0.0006496942615239887,0.002019637817497648,4.969573020935059,0.23502150177955627,4.73362922668457,0.9414674639701843,3.6572518348693848,0.624781608581543,,,,,,
confirmation,A1_VECTOR_GATE,0,2026,0,M1_MIDDLE_FROZEN,0.4910593330860138,0.19623170793056488,0.0010993227441044632,0.002294569771974274,0.5160665512084961,0.20260067284107208,0.000566410056519197,0.0026706538686415903,0.46605199575424194,0.18632231652736664,0.001632235431689729,0.0019184856753069576,5.034295082092285,0.28700393438339233,5.0549821853637695,1.1192922592163086,3.6607139110565186,0.6299130916595459,,,,,,
confirmation,A1_VECTOR_GATE,0,2026,0,L1_LATE_75PCT,0.48471158742904663,0.20193777978420258,0.003103267539374105,0.004189890570668848,0.5175014138221741,0.2066989243030548,0.0023234557169155247,0.005896527919820004,0.45192158222198486,0.19152793288230896,0.0038830793618326856,0.0024832532215176926,5.086700439453125,0.34762629866600037,5.321186542510986,1.3676795959472656,3.6640264987945557,0.6363232731819153,,,,,,
confirmation,A1_VECTOR_GATE,0,2026,1,E1_EARLY_20PCT,0.5236736536026001,0.16302739083766937,0.00039253117657690224,0.0017070870233146574,0.5238111615180969,0.16326017677783966,8.754292427254654e-05,0.0003162841135008133,0.5235362648963928,0.16279412806034088,0.0006975194288812579,0.003097889933128502,4.6035475730896,0.18216460943222046,4.901417255401611,0.6156291365623474,3.3460445404052734,0.6171002388000488,,,,,,
confirmation,A1_VECTOR_GATE,0,2026,1,E2_EARLY_35PCT,0.5219180583953857,0.17313243448734283,0.0007707004876219054,0.002316497093023256,0.5265482068061829,0.17509128153324127,0.0006271099024756189,0.001186820142535634,0.5172879695892334,0.1710258275270462,0.0009142910727681921,0.003446174043510878,4.651305675506592,0.20847947895526886,4.956626892089844,0.7312328815460205,3.3482775688171387,0.6205720901489258,,,,,,
confirmation,A1_VECTOR_GATE,0,2026,1,M1_MIDDLE_FROZEN,0.5154111385345459,0.18675372004508972,0.002168361127364931,0.004772527794031598,0.5286543965339661,0.1919286847114563,0.0015512239126194655,0.003663204603081724,0.5021679401397705,0.18046195805072784,0.002785498342110396,0.005881850984981471,4.689922332763672,0.2206323742866516,5.391791820526123,0.9106020331382751,3.349299669265747,0.6224142909049988,,,,,,
confirmation,A1_VECTOR_GATE,0,2026,1,L1_LATE_75PCT,0.5073941349983215,0.2005479484796524,0.003351871288142535,0.007138925865246774,0.5304638147354126,0.20638781785964966,0.0022495136186770426,0.006198161990579562,0.4843246638774872,0.19177751243114471,0.004454228957608028,0.008079689739913987,4.717662811279297,0.24222028255462646,5.595415115356445,1.105392336845398,3.3514091968536377,0.6247969269752502,,,,,,
confirmation,A1_VECTOR_GATE,1,1201,0,E1_EARLY_20PCT,0.5339425206184387,0.18199960887432098,0.0007238508867173362,0.0008694693268186753,0.5491657853126526,0.17718632519245148,0.0004637169743032935,0.00020358306188925082,0.5187191367149353,0.18544335663318634,0.000983984799131379,0.0015353555917481,8.343494415283203,0.8933932781219482,6.115498065948486,0.7210109829902649,3.7681376934051514,0.9759056568145752,,,,,,
confirmation,A1_VECTOR_GATE,1,1201,0,E2_EARLY_35PCT,0.5287797451019287,0.18868853151798248,0.0006409727461335345,0.0009548283666540928,0.5510025024414062,0.18491198122501373,0.0006483402489626556,0.0005304602036967182,0.5065569281578064,0.18980664014816284,0.0006336052433044134,0.0013791965296114674,8.50926685333252,0.6602476835250854,6.082080841064453,0.8439955115318298,3.778748035430908,0.9879787564277649,,,,,,
confirmation,A1_VECTOR_GATE,1,1201,0,M1_MIDDLE_FROZEN,0.5229031443595886,0.19886235892772675,0.00206859756097561,0.0016676829268292683,0.554244875907898,0.19487394392490387,0.0013231707317073172,0.0018384146341463414,0.49156180024147034,0.1978687047958374,0.0028140243902439023,0.0014969512195121952,8.558302879333496,0.5931057333946228,6.439974784851074,1.1712335348129272,3.7843735218048096,0.9976961016654968,,,,,,
confirmation,A1_VECTOR_GATE,1,1201,0,L1_LATE_75PCT,0.5193385481834412,0.20918777585029602,0.004494994866529774,0.002709509753593429,0.5577982664108276,0.20429684221744537,0.002172099589322382,0.00357097022587269,0.480878621339798,0.2069384753704071,0.006817890143737166,0.0018480492813141684,8.49266529083252,0.6248235702514648,6.629790782928467,1.4826531410217285,3.792797803878784,1.0071231126785278,,,,,,
confirmation,A1_VECTOR_GATE,1,1201,1,E1_EARLY_20PCT,0.5366036891937256,0.1543089747428894,0.0005273366811436844,0.0,0.5438674688339233,0.1418101191520691,0.0,0.0,0.5293401479721069,0.16555027663707733,0.0010546733622873688,0.0,8.060739517211914,0.5801295638084412,6.144246578216553,0.8422337174415588,3.3800320625305176,0.8273855447769165,,,,,,
confirmation,A1_VECTOR_GATE,1,1201,1,E2_EARLY_35PCT,0.5348434448242188,0.16194464266300201,0.0003656168101834519,5.1186353425683265e-05,0.5479433536529541,0.15230713784694672,2.3399475851740923e-05,0.00010237270685136653,0.5217435359954834,0.17003366351127625,0.0007078341445151628,0.0,8.057373046875,0.5805708765983582,5.956316947937012,0.946907639503479,3.389178991317749,0.835862398147583,,,,,,
confirmation,A1_VECTOR_GATE,1,1201,1,M1_MIDDLE_FROZEN,0.5311457514762878,0.1694246381521225,0.0005148595451010886,0.0008368366057542768,0.5544093251228333,0.16271020472049713,0.0004860031104199067,0.0016372229782270606,0.5078823566436768,0.17277854681015015,0.0005437159797822706,3.6450233281493005e-05,8.046038627624512,0.5806295275688171,6.184585094451904,1.2635090351104736,3.3941879272460938,0.84269779920578,,,,,,
confirmation,A1_VECTOR_GATE,1,1201,1,L1_LATE_75PCT,0.5292332172393799,0.17857851088047028,0.001060838445807771,0.0018900178936605318,0.5621737837791443,0.1729785054922104,0.0012301891615541921,0.0035531697341513293,0.4962928593158722,0.1780136525630951,0.0008914877300613496,0.00022686605316973415,8.01030445098877,0.6110001802444458,6.28759765625,1.5647342205047607,3.4011175632476807,0.8523578643798828,,,,,,
confirmation,A1_VECTOR_GATE,1,2026,0,E1_EARLY_20PCT,0.5907394289970398,0.2483985722064972,0.007239922638436482,0.02630604189287007,0.6400864720344543,0.24947009980678558,0.005403433767643865,0.0410191594281578,0.5413923859596252,0.2372722029685974,0.0090764115092291,0.011592924357582338,8.054784774780273,0.8859613537788391,6.070643901824951,0.6648087501525879,4.249884605407715,0.7711895108222961,,,,,,
confirmation,A1_VECTOR_GATE,1,2026,0,E2_EARLY_35PCT,0.5914721488952637,0.25104400515556335,0.007958376556016597,0.02734080299886835,0.6430833339691162,0.25090646743774414,0.004791823840060354,0.04345647868728782,0.539861261844635,0.24034294486045837,0.01112492927197284,0.011225127310448887,8.276519775390625,0.6118957996368408,6.074657440185547,0.7196610569953918,4.255865573883057,0.7777224779129028,,,,,,
confirmation,A1_VECTOR_GATE,1,2026,0,M1_MIDDLE_FROZEN,0.5831608772277832,0.2541921138763428,0.010466463414634147,0.02595731707317073,0.6468124389648438,0.25048407912254333,0.005030487804878049,0.04450914634146341,0.5195091366767883,0.24162346124649048,0.015902439024390244,0.007405487804878048,8.405893325805664,0.43654802441596985,6.210230350494385,1.0304590463638306,4.257635116577148,0.783068835735321,,,,,,
confirmation,A1_VECTOR_GATE,1,2026,0,L1_LATE_75PCT,0.5679317712783813,0.26086288690567017,0.014938398357289528,0.02457809291581109,0.648023247718811,0.2514267861843109,0.007902335728952771,0.043640913757700205,0.48784035444259644,0.24505959451198578,0.021974460985626283,0.005515272073921971,8.387385368347168,0.3919948935508728,6.235386371612549,1.4405887126922607,4.260697841644287,0.7881414294242859,,,,,,
confirmation,A1_VECTOR_GATE,1,2026,1,E1_EARLY_20PCT,0.5940478444099426,0.21401512622833252,0.0017332835685848714,0.012131571208830981,0.5978335738182068,0.2130637764930725,0.0007351610568222946,0.01821220141150923,0.5902618765830994,0.2148955762386322,0.0027314060803474483,0.006050941006152733,7.883169651031494,0.5494901537895203,5.7316179275512695,0.7438690662384033,3.6760971546173096,0.6556523442268372,,,,,,
confirmation,A1_VECTOR_GATE,1,2026,1,E2_EARLY_35PCT,0.5892685651779175,0.21411779522895813,0.0014200556907525272,0.011285859696742792,0.5993314981460571,0.21237821877002716,0.0002749438412579558,0.016955845189067766,0.5792050957679749,0.21537365019321442,0.0025651675402470985,0.005615874204417821,8.023642539978027,0.44594720005989075,5.5102057456970215,0.8563551306724548,3.6794755458831787,0.6604009866714478,,,,,,
confirmation,A1_VECTOR_GATE,1,2026,1,M1_MIDDLE_FROZEN,0.582828164100647,0.21620914340019226,0.0016341854587869362,0.01020606531881804,0.6020573377609253,0.21317169070243835,0.0001670635692068429,0.01592267690513219,0.5635992288589478,0.2175111472606659,0.0031013073483670294,0.004489453732503888,8.10455322265625,0.37697285413742065,5.617587089538574,1.01226007938385,3.6821160316467285,0.6642565131187439,,,,,,
confirmation,A1_VECTOR_GATE,1,2026,1,L1_LATE_75PCT,0.5711092352867126,0.21943828463554382,0.0023453476482617587,0.009220028118609407,0.60350501537323,0.21318833529949188,0.0008627300613496933,0.01359918200408998,0.5387133359909058,0.22081229090690613,0.003827965235173824,0.004840874233128834,8.132102012634277,0.356341689825058,5.534878253936768,1.3293542861938477,3.682067632675171,0.6692285537719727,,,,,,
confirmation,A1_VECTOR_GATE,2,1201,0,E1_EARLY_20PCT,0.5182453989982605,0.1629742681980133,0.004606426886792453,0.0061697773040638604,0.5139158964157104,0.16593556106090546,0.004076333454281568,0.0048360395500725685,0.5225749611854553,0.159840926527977,0.005136520319303338,0.007503515058055152,4.008230209350586,0.2838326394557953,5.970231056213379,0.7325332760810852,3.6493337154388428,0.8696537613868713,,,,,,
confirmation,A1_VECTOR_GATE,2,1201,0,E2_EARLY_35PCT,0.5178802013397217,0.17034544050693512,0.004163910413910414,0.005349591287091287,0.5121492147445679,0.17254969477653503,0.0030210498960498962,0.00478997353997354,0.5236111879348755,0.16791678965091705,0.005306770931770932,0.005909209034209034,3.962475061416626,0.36497068405151367,5.9298200607299805,0.8525269031524658,3.6570377349853516,0.8784928917884827,,,,,,
confirmation,A1_VECTOR_GATE,2,1201,0,M1_MIDDLE_FROZEN,0.5154130458831787,0.1748380959033966,0.005722132511254648,0.007674875220199648,0.513610303401947,0.17665739357471466,0.0033763945977686436,0.008590844587981993,0.5172159075737,0.1729808896780014,0.008067870424740654,0.0067589058524173025,3.9944968223571777,0.4427546560764313,6.487328052520752,1.1150178909301758,3.6641385555267334,0.8831639289855957,,,,,,
confirmation,A1_VECTOR_GATE,2,1201,0,L1_LATE_75PCT,0.512372612953186,0.1820203810930252,0.008761412597455888,0.01151838838736151,0.5181400775909424,0.18325278162956238,0.005908263233483792,0.013903493024210095,0.5066052079200745,0.18059547245502472,0.011614561961427985,0.009133283750512925,4.019097805023193,0.5223962664604187,6.714487552642822,1.3357150554656982,3.6664018630981445,0.8856996297836304,,,,,,
confirmation,A1_VECTOR_GATE,2,1201,1,E1_EARLY_20PCT,0.5201918482780457,0.2127033919095993,0.009448662737987307,0.0115282184950136,0.5189117193222046,0.21563084423542023,0.009879306436990027,0.008921690843155031,0.5214719772338867,0.20972725749015808,0.009018019038984587,0.014134746146872167,3.9731838703155518,0.4414662718772888,6.224546909332275,1.0366560220718384,3.9924755096435547,0.7758663892745972,,,,,,
confirmation,A1_VECTOR_GATE,2,1201,1,E2_EARLY_35PCT,0.5164809823036194,0.21080055832862854,0.008331862052730697,0.01172316384180791,0.5209745764732361,0.2132832258939743,0.008145009416195857,0.009678083804143126,0.5119873285293579,0.20819130539894104,0.008518714689265537,0.013768243879472694,4.056264877319336,0.5505897998809814,6.022576332092285,1.1828089952468872,3.9961416721343994,0.7807347774505615,,,,,,
confirmation,A1_VECTOR_GATE,2,1201,1,M1_MIDDLE_FROZEN,0.510052502155304,0.21198682487010956,0.00889434814453125,0.012872314453125,0.5294398665428162,0.21482986211776733,0.0082794189453125,0.01353759765625,0.4906652569770813,0.2072998285293579,0.00950927734375,0.01220703125,4.1332316398620605,0.5977634787559509,6.589343070983887,1.310594916343689,3.9987378120422363,0.786808967590332,,,,,,
confirmation,A1_VECTOR_GATE,2,1201,1,L1_LATE_75PCT,0.5059567093849182,0.2237170934677124,0.013949745579769737,0.016331722861842105,0.5364158749580383,0.2260456383228302,0.012537906044407895,0.020180150082236843,0.4754974842071533,0.21713247895240784,0.015361585115131578,0.012483295641447368,4.253119468688965,0.6486454010009766,6.942904949188232,1.4576284885406494,4.002503871917725,0.792414128780365,,,,,,
confirmation,A1_VECTOR_GATE,2,2026,0,E1_EARLY_20PCT,0.4849141240119934,0.24502694606781006,0.013068078737300435,0.007445403211175617,0.49661991000175476,0.25416091084480286,0.01792963080551524,0.007701945754716981,0.4732082784175873,0.2349565327167511,0.008206526669085631,0.007188860667634253,4.863412857055664,0.3149130046367645,5.7406110763549805,0.895288348197937,4.063590049743652,0.9597117304801941,,,,,,
confirmation,A1_VECTOR_GATE,2,2026,0,E2_EARLY_35PCT,0.489021897315979,0.2566513121128082,0.021227083727083727,0.012525692213192214,0.5059512853622437,0.26948273181915283,0.02803699678699679,0.01640462577962578,0.47209224104881287,0.2419620156288147,0.014417170667170668,0.008646758646758648,4.841372013092041,0.3043076992034912,5.759689807891846,0.9777808785438538,4.071111679077148,0.9682657122612,,,,,,
confirmation,A1_VECTOR_GATE,2,2026,0,M1_MIDDLE_FROZEN,0.48598673939704895,0.27184417843818665,0.03354680465844588,0.02198479399099628,0.5149692893028259,0.28812137246131897,0.04257193188490899,0.03362937952632609,0.457004576921463,0.25120630860328674,0.024521677431982775,0.010340208455666472,4.8846306800842285,0.29926595091819763,6.152339935302734,1.1867499351501465,4.077296733856201,0.9717474579811096,,,,,,
confirmation,A1_VECTOR_GATE,2,2026,0,L1_LATE_75PCT,0.48198404908180237,0.2880028486251831,0.043728521235125155,0.03217486920393927,0.5262336730957031,0.3027840554714203,0.05147530262617973,0.0520555498563808,0.4377341866493225,0.265135794878006,0.035981739844070576,0.012294188551497743,4.912258625030518,0.3045674264431,6.270666122436523,1.3291435241699219,4.080165386199951,0.9755212068557739,,,,,,
confirmation,A1_VECTOR_GATE,2,2026,1,E1_EARLY_20PCT,0.5442537069320679,0.19197233021259308,0.0,3.258159564823209e-05,0.5427492260932922,0.19687989354133606,0.0,0.0,0.5457581281661987,0.18692387640476227,0.0,6.516319129646418e-05,4.45111083984375,0.2826026976108551,5.270739555358887,0.9715627431869507,3.2819037437438965,0.5520711541175842,,,,,,
confirmation,A1_VECTOR_GATE,2,2026,1,E2_EARLY_35PCT,0.5409397482872009,0.19090445339679718,1.4712806026365348e-06,1.4712806026365348e-05,0.5424031019210815,0.1964949518442154,0.0,2.9425612052730696e-06,0.5394763350486755,0.18513374030590057,2.9425612052730696e-06,2.6483050847457626e-05,4.474887371063232,0.32098087668418884,5.316085338592529,0.9725658893585205,3.285884141921997,0.5557951927185059,,,,,,
confirmation,A1_VECTOR_GATE,2,2026,1,M1_MIDDLE_FROZEN,0.5340143442153931,0.1925126016139984,4.57763671875e-06,8.087158203125e-05,0.5417768955230713,0.20182961225509644,0.0,0.000115966796875,0.5262515544891357,0.18239109218120575,9.1552734375e-06,4.57763671875e-05,4.4853010177612305,0.3487161695957184,5.7235941886901855,0.9919820427894592,3.288628339767456,0.5600354075431824,,,,,,
confirmation,A1_VECTOR_GATE,2,2026,1,L1_LATE_75PCT,0.5214300751686096,0.19421511888504028,9.637129934210526e-06,0.0008769788240131579,0.5392255187034607,0.2058137059211731,1.927425986842105e-05,0.001728258634868421,0.5036348104476929,0.18012875318527222,0.0,2.5699013157894735e-05,4.511967658996582,0.38029447197914124,6.1779303550720215,1.1534017324447632,3.2927396297454834,0.5649725198745728,,,,,,
confirmation,A2_CONCAT_MLP,0,1201,0,E1_EARLY_20PCT,,,,,,,,,,,,,4.555543899536133,0.27104809880256653,4.174811840057373,0.5665306448936462,2.9356164932250977,0.6605160236358643,,,,,,
confirmation,A2_CONCAT_MLP,0,1201,0,E2_EARLY_35PCT,,,,,,,,,,,,,4.545818328857422,0.3495217263698578,4.047602653503418,0.6048886179924011,2.943960428237915,0.6677181124687195,,,,,,
confirmation,A2_CONCAT_MLP,0,1201,0,M1_MIDDLE_FROZEN,,,,,,,,,,,,,4.638491630554199,0.34829312562942505,4.481647491455078,0.833809494972229,2.948659896850586,0.674286961555481,,,,,,
confirmation,A2_CONCAT_MLP,0,1201,0,L1_LATE_75PCT,,,,,,,,,,,,,4.659061431884766,0.3551868200302124,4.578311920166016,0.979275643825531,2.9559924602508545,0.6811498999595642,,,,,,
confirmation,A2_CONCAT_MLP,0,1201,1,E1_EARLY_20PCT,,,,,,,,,,,,,5.077389240264893,0.3708881735801697,4.087552547454834,0.5933721661567688,2.9041197299957275,0.7429534196853638,,,,,,
confirmation,A2_CONCAT_MLP,0,1201,1,E2_EARLY_35PCT,,,,,,,,,,,,,5.035855293273926,0.35560476779937744,4.093944072723389,0.6470835208892822,2.9110186100006104,0.7490077018737793,,,,,,
confirmation,A2_CONCAT_MLP,0,1201,1,M1_MIDDLE_FROZEN,,,,,,,,,,,,,5.031453609466553,0.3306257426738739,4.453022003173828,0.7590228915214539,2.9116721153259277,0.753880500793457,,,,,,
confirmation,A2_CONCAT_MLP,0,1201,1,L1_LATE_75PCT,,,,,,,,,,,,,5.014100074768066,0.3402757942676544,4.561278343200684,0.8712910413742065,2.917365550994873,0.7591173052787781,,,,,,
confirmation,A2_CONCAT_MLP,0,2026,0,E1_EARLY_20PCT,,,,,,,,,,,,,4.834182262420654,0.37113824486732483,3.8474948406219482,0.5197271704673767,3.007329225540161,0.6018118858337402,,,,,,
confirmation,A2_CONCAT_MLP,0,2026,0,E2_EARLY_35PCT,,,,,,,,,,,,,4.839373588562012,0.4464661478996277,3.8404743671417236,0.6879611015319824,3.0117123126983643,0.6091486811637878,,,,,,
confirmation,A2_CONCAT_MLP,0,2026,0,M1_MIDDLE_FROZEN,,,,,,,,,,,,,4.880180358886719,0.4861493706703186,4.373128890991211,0.9439144730567932,3.0155961513519287,0.6132920384407043,,,,,,
confirmation,A2_CONCAT_MLP,0,2026,0,L1_LATE_75PCT,,,,,,,,,,,,,4.934929847717285,0.5376555323600769,4.747722148895264,1.1294456720352173,3.020982265472412,0.6197932362556458,,,,,,
confirmation,A2_CONCAT_MLP,0,2026,1,E1_EARLY_20PCT,,,,,,,,,,,,,5.073777675628662,0.3812059164047241,4.343904495239258,0.5204654335975647,2.8251466751098633,0.6384913921356201,,,,,,
confirmation,A2_CONCAT_MLP,0,2026,1,E2_EARLY_35PCT,,,,,,,,,,,,,5.1765217781066895,0.35981249809265137,4.129674911499023,0.5807928442955017,2.8313941955566406,0.6454097628593445,,,,,,
confirmation,A2_CONCAT_MLP,0,2026,1,M1_MIDDLE_FROZEN,,,,,,,,,,,,,5.241387367248535,0.3280620574951172,4.312051296234131,0.8482246398925781,2.8341317176818848,0.6498700380325317,,,,,,
confirmation,A2_CONCAT_MLP,0,2026,1,L1_LATE_75PCT,,,,,,,,,,,,,5.291158199310303,0.31353628635406494,4.349000930786133,1.0786815881729126,2.8379881381988525,0.655880868434906,,,,,,
confirmation,A2_CONCAT_MLP,1,1201,0,E1_EARLY_20PCT,,,,,,,,,,,,,4.500380992889404,0.34609556198120117,3.9890482425689697,0.5613892674446106,2.8396732807159424,0.6845437288284302,,,,,,
confirmation,A2_CONCAT_MLP,1,1201,0,E2_EARLY_35PCT,,,,,,,,,,,,,4.5803093910217285,0.46635696291923523,4.028208255767822,0.6026335954666138,2.844454526901245,0.6926618218421936,,,,,,
confirmation,A2_CONCAT_MLP,1,1201,0,M1_MIDDLE_FROZEN,,,,,,,,,,,,,4.648061752319336,0.5742100477218628,4.31873893737793,0.7799140810966492,2.8474366664886475,0.6996829509735107,,,,,,
confirmation,A2_CONCAT_MLP,1,1201,0,L1_LATE_75PCT,,,,,,,,,,,,,4.71682071685791,0.6800203323364258,4.587575435638428,0.9198008179664612,2.8500490188598633,0.70624178647995,,,,,,
confirmation,A2_CONCAT_MLP,1,1201,1,E1_EARLY_20PCT,,,,,,,,,,,,,4.427898406982422,0.26744869351387024,4.021125793457031,0.5355502963066101,2.879122495651245,0.6779038906097412,,,,,,
confirmation,A2_CONCAT_MLP,1,1201,1,E2_EARLY_35PCT,,,,,,,,,,,,,4.476745128631592,0.32882821559906006,3.86855411529541,0.5686753392219543,2.8854596614837646,0.6851303577423096,,,,,,
confirmation,A2_CONCAT_MLP,1,1201,1,M1_MIDDLE_FROZEN,,,,,,,,,,,,,4.582653045654297,0.3561429977416992,4.116584300994873,0.6785243153572083,2.8891191482543945,0.6906593441963196,,,,,,
confirmation,A2_CONCAT_MLP,1,1201,1,L1_LATE_75PCT,,,,,,,,,,,,,4.639554023742676,0.3612373471260071,4.185362815856934,0.9831166863441467,2.8935787677764893,0.6987987756729126,,,,,,
confirmation,A2_CONCAT_MLP,1,2026,0,E1_EARLY_20PCT,,,,,,,,,,,,,4.012441158294678,0.3279634714126587,4.039318561553955,0.5378358364105225,2.653162956237793,0.4707001745700836,,,,,,
confirmation,A2_CONCAT_MLP,1,2026,0,E2_EARLY_35PCT,,,,,,,,,,,,,4.063928604125977,0.4189668595790863,4.0226216316223145,0.5166876316070557,2.6555795669555664,0.4741849899291992,,,,,,
confirmation,A2_CONCAT_MLP,1,2026,0,M1_MIDDLE_FROZEN,,,,,,,,,,,,,4.080934047698975,0.4737466871738434,4.267282009124756,0.6431817412376404,2.656909942626953,0.47713446617126465,,,,,,
confirmation,A2_CONCAT_MLP,1,2026,0,L1_LATE_75PCT,,,,,,,,,,,,,4.094647407531738,0.5338944792747498,4.320547580718994,0.8907357454299927,2.657750368118286,0.48033079504966736,,,,,,
confirmation,A2_CONCAT_MLP,1,2026,1,E1_EARLY_20PCT,,,,,,,,,,,,,4.251301288604736,0.36447277665138245,3.88649845123291,0.4336453974246979,2.687059164047241,0.4936421513557434,,,,,,
confirmation,A2_CONCAT_MLP,1,2026,1,E2_EARLY_35PCT,,,,,,,,,,,,,4.286868095397949,0.41829410195350647,3.8022053241729736,0.49035006761550903,2.6918551921844482,0.4979407787322998,,,,,,
confirmation,A2_CONCAT_MLP,1,2026,1,M1_MIDDLE_FROZEN,,,,,,,,,,,,,4.327252388000488,0.4516226351261139,4.0627031326293945,0.683534562587738,2.6941118240356445,0.501120388507843,,,,,,
confirmation,A2_CONCAT_MLP,1,2026,1,L1_LATE_75PCT,,,,,,,,,,,,,4.3864874839782715,0.4803365468978882,4.213232517242432,0.9146072864532471,2.697974920272827,0.507164716720581,,,,,,
confirmation,A2_CONCAT_MLP,2,1201,0,E1_EARLY_20PCT,,,,,,,,,,,,,4.529507160186768,0.40579134225845337,4.579388618469238,0.642691969871521,3.1081957817077637,0.7293687462806702,,,,,,
confirmation,A2_CONCAT_MLP,2,1201,0,E2_EARLY_35PCT,,,,,,,,,,,,,4.570045471191406,0.4009183347225189,4.401147365570068,0.6335238218307495,3.118497848510742,0.7394402623176575,,,,,,
confirmation,A2_CONCAT_MLP,2,1201,0,M1_MIDDLE_FROZEN,,,,,,,,,,,,,4.637970924377441,0.41423550248146057,4.6825127601623535,0.7500072121620178,3.1257071495056152,0.7457992434501648,,,,,,
confirmation,A2_CONCAT_MLP,2,1201,0,L1_LATE_75PCT,,,,,,,,,,,,,4.657442569732666,0.43655481934547424,4.8288679122924805,0.9362995028495789,3.128542423248291,0.7481867074966431,,,,,,
confirmation,A2_CONCAT_MLP,2,1201,1,E1_EARLY_20PCT,,,,,,,,,,,,,5.784246444702148,0.5480636358261108,4.935495376586914,0.7695572972297668,3.5040435791015625,0.7009868621826172,,,,,,
confirmation,A2_CONCAT_MLP,2,1201,1,E2_EARLY_35PCT,,,,,,,,,,,,,5.970311641693115,0.6056312918663025,4.9398884773254395,1.0275458097457886,3.504817008972168,0.7035245299339294,,,,,,
confirmation,A2_CONCAT_MLP,2,1201,1,M1_MIDDLE_FROZEN,,,,,,,,,,,,,6.151747703552246,0.6072276830673218,5.738295555114746,1.4027396440505981,3.5070152282714844,0.7074428200721741,,,,,,
confirmation,A2_CONCAT_MLP,2,1201,1,L1_LATE_75PCT,,,,,,,,,,,,,6.272190093994141,0.6371554732322693,6.107769012451172,1.6425045728683472,3.509657144546509,0.7135283946990967,,,,,,
confirmation,A2_CONCAT_MLP,2,2026,0,E1_EARLY_20PCT,,,,,,,,,,,,,5.607838153839111,0.23772622644901276,5.12686824798584,0.7049973011016846,2.9922983646392822,0.8995075821876526,,,,,,
confirmation,A2_CONCAT_MLP,2,2026,0,E2_EARLY_35PCT,,,,,,,,,,,,,5.660546779632568,0.23263776302337646,5.104665756225586,0.8479816317558289,3.00121808052063,0.9077740907669067,,,,,,
confirmation,A2_CONCAT_MLP,2,2026,0,M1_MIDDLE_FROZEN,,,,,,,,,,,,,5.708299160003662,0.18847520649433136,5.398992538452148,1.1996461153030396,3.0091054439544678,0.9127567410469055,,,,,,
confirmation,A2_CONCAT_MLP,2,2026,0,L1_LATE_75PCT,,,,,,,,,,,,,5.723296642303467,0.17676517367362976,5.411516189575195,1.3757294416427612,3.0102384090423584,0.9156075716018677,,,,,,
confirmation,A2_CONCAT_MLP,2,2026,1,E1_EARLY_20PCT,,,,,,,,,,,,,5.8729777336120605,0.4108302593231201,5.4890851974487305,0.7532743215560913,3.133448839187622,0.8083095550537109,,,,,,
confirmation,A2_CONCAT_MLP,2,2026,1,E2_EARLY_35PCT,,,,,,,,,,,,,5.889778137207031,0.38066619634628296,5.2167768478393555,0.9494180679321289,3.137038469314575,0.8140939474105835,,,,,,
confirmation,A2_CONCAT_MLP,2,2026,1,M1_MIDDLE_FROZEN,,,,,,,,,,,,,5.929680824279785,0.30834195017814636,5.693474769592285,1.1455188989639282,3.140808582305908,0.8199139833450317,,,,,,
confirmation,A2_CONCAT_MLP,2,2026,1,L1_LATE_75PCT,,,,,,,,,,,,,5.967994689941406,0.2765060365200043,6.005631446838379,1.345587968826294,3.1463699340820312,0.8267618417739868,,,,,,
