scenario,model,feature_set_id,estimator_definition,metric_primary,n_outer_folds,n_training_seeds,n_fold_seed_evaluations,n_record_prediction_rows,n_unique_outer_validation_records,source_run_id,source_commit,prediction_checksum,validation_version,accuracy_mean,macro_f1_mean,weighted_f1_mean,balanced_accuracy_mean,quadratic_weighted_kappa_mean,ordinal_mae_mean,brier_score_mean,pr_auc_macro_mean,ece_top_label_equal_width_10_mean,macro_f1_std,macro_f1_median,macro_f1_min,macro_f1_max
early_warning,g1_rule,G1,one seed per fold then mean across five folds,macro_f1,5,1,5,316,316,benchmark-v2-full-20260713c,b4339c35a0197baf81ba9be871f70ff8d3030c81,1624d48a67bb349968078c5da0d896531ecf7fc7640b6e36d774873aec4bfc87,v2.1,0.7594742063492064,0.7567158013231957,0.757315028397459,0.7541418796257506,0.7514131399821993,0.24052579365079363,0.48105158730158726,0.6662328689918793,0.24052579365079368,0.04876539517873496,0.7484126984126984,0.6972813238770685,0.8188348783908596
early_warning,ridge_regression,G1,one seed per fold then mean across five folds,macro_f1,5,1,5,316,316,benchmark-v2-full-20260713c,b4339c35a0197baf81ba9be871f70ff8d3030c81,1624d48a67bb349968078c5da0d896531ecf7fc7640b6e36d774873aec4bfc87,v2.1,0.7594742063492064,0.7567158013231957,0.757315028397459,0.7541418796257506,0.7514131399821993,0.24052579365079363,0.48105158730158726,0.6662328689918793,0.24052579365079368,0.04876539517873496,0.7484126984126984,0.6972813238770685,0.8188348783908596
early_warning,small_mlp,G1,fold mean across five seeds then mean across five folds,macro_f1,5,5,25,1580,316,benchmark-v2-full-20260713c,b4339c35a0197baf81ba9be871f70ff8d3030c81,1624d48a67bb349968078c5da0d896531ecf7fc7640b6e36d774873aec4bfc87,v2.1,0.7582043650793651,0.7553651519725463,0.7559297470121775,0.752491085974957,0.749329317028811,0.24179563492063488,0.3363335624310758,0.8197551582323312,0.08462999787348893,0.04914490295713619,0.7416594516594517,0.6972813238770685,0.8188348783908597
early_warning,logistic_g1,G1,one seed per fold then mean across five folds,macro_f1,5,1,5,316,316,benchmark-v2-full-20260713c,b4339c35a0197baf81ba9be871f70ff8d3030c81,1624d48a67bb349968078c5da0d896531ecf7fc7640b6e36d774873aec4bfc87,v2.1,0.7467757936507937,0.7427414166550353,0.7432201157987265,0.736149048084532,0.7300585971611829,0.25322420634920634,0.33845692158950297,0.8187227848047351,0.09100536446203494,0.04853341721627834,0.7146464646464646,0.6972813238770685,0.7992525296224193
early_warning,ordinal_logistic,G1,one seed per fold then mean across five folds,macro_f1,5,1,5,316,316,benchmark-v2-full-20260713c,b4339c35a0197baf81ba9be871f70ff8d3030c81,1624d48a67bb349968078c5da0d896531ecf7fc7640b6e36d774873aec4bfc87,v2.1,0.7467757936507937,0.7427414166550353,0.7432201157987265,0.736149048084532,0.7300585971611829,0.25322420634920634,0.3393097603184956,0.8187227848047351,0.09018949097265772,0.04853341721627834,0.7146464646464646,0.6972813238770685,0.7992525296224193
early_warning,hgb_g1,G1,one seed per fold then mean across five folds,macro_f1,5,1,5,316,316,benchmark-v2-full-20260713c,b4339c35a0197baf81ba9be871f70ff8d3030c81,1624d48a67bb349968078c5da0d896531ecf7fc7640b6e36d774873aec4bfc87,v2.1,0.7436011904761906,0.736975947976785,0.7375769542878001,0.7339268258623097,0.7255177946968308,0.2563988095238095,0.3433700843591575,0.8071741061276718,0.08825352740426527,0.07591050968995236,0.7484126984126984,0.6289173789173789,0.8188348783908596
early_warning,majority,G1,one seed per fold then mean across five folds,macro_f1,5,1,5,316,316,benchmark-v2-full-20260713c,b4339c35a0197baf81ba9be871f70ff8d3030c81,1624d48a67bb349968078c5da0d896531ecf7fc7640b6e36d774873aec4bfc87,v2.1,0.4873511904761904,0.21843441823501789,0.3193991262473273,0.3333333333333333,0.0,0.5126488095238095,1.025297619047619,0.3333333333333333,0.5126488095238095,0.002139100824226123,0.21985815602836878,0.21505376344086022,0.21985815602836878
late_stage,g2_rule,G2,one seed per fold then mean across five folds,macro_f1,5,1,5,316,316,benchmark-v2-full-20260713c,b4339c35a0197baf81ba9be871f70ff8d3030c81,1624d48a67bb349968078c5da0d896531ecf7fc7640b6e36d774873aec4bfc87,v2.1,0.8924107142857143,0.8977413178891288,0.8925291146842398,0.8934841502583438,0.8903914887856466,0.10758928571428572,0.21517857142857144,0.846130111614201,0.10758928571428575,0.023748980129833265,0.9043478260869565,0.8571428571428571,0.919226159904126
late_stage,logistic_g2,G2,one seed per fold then mean across five folds,macro_f1,5,1,5,316,316,benchmark-v2-full-20260713c,b4339c35a0197baf81ba9be871f70ff8d3030c81,1624d48a67bb349968078c5da0d896531ecf7fc7640b6e36d774873aec4bfc87,v2.1,0.8924107142857143,0.8977413178891288,0.8925291146842398,0.8934841502583438,0.8903914887856466,0.10758928571428572,0.17986522844472844,0.9447682272486848,0.09333693045298386,0.023748980129833265,0.9043478260869565,0.8571428571428571,0.919226159904126
late_stage,hgb_g1_g2,G1+G2,one seed per fold then mean across five folds,macro_f1,5,1,5,316,316,benchmark-v2-full-20260713c,b4339c35a0197baf81ba9be871f70ff8d3030c81,1624d48a67bb349968078c5da0d896531ecf7fc7640b6e36d774873aec4bfc87,v2.1,0.886061507936508,0.8897292817955856,0.8854205100890506,0.8846106223525577,0.8825349879828626,0.11393849206349205,0.17583878952229245,0.9555814999760471,0.06775669162443511,0.028715967262010266,0.8968253968253969,0.8433870499419279,0.9171220400728597
late_stage,small_mlp,G1+G2,fold mean across five seeds then mean across five folds,macro_f1,5,5,25,1580,316,benchmark-v2-full-20260713c,b4339c35a0197baf81ba9be871f70ff8d3030c81,1624d48a67bb349968078c5da0d896531ecf7fc7640b6e36d774873aec4bfc87,v2.1,0.8847916666666666,0.8878571176264382,0.8842434218717188,0.8892070939812875,0.883547697664605,0.11520833333333333,0.1816754472507403,0.9567731441589116,0.07151231269322329,0.020444935245584394,0.8852464494569757,0.8569597069597069,0.9074850679883086
late_stage,logistic_g1_g2,G1+G2,one seed per fold then mean across five folds,macro_f1,5,1,5,316,316,benchmark-v2-full-20260713c,b4339c35a0197baf81ba9be871f70ff8d3030c81,1624d48a67bb349968078c5da0d896531ecf7fc7640b6e36d774873aec4bfc87,v2.1,0.8828869047619048,0.8860952107860228,0.8823310121885772,0.889126751384816,0.8819044138288726,0.11711309523809524,0.17278252045672707,0.9605550893891227,0.076752221234302,0.031823059858325294,0.9020634920634921,0.8475783475783475,0.9171220400728597
late_stage,ordinal_logistic,G1+G2,one seed per fold then mean across five folds,macro_f1,5,1,5,316,316,benchmark-v2-full-20260713c,b4339c35a0197baf81ba9be871f70ff8d3030c81,1624d48a67bb349968078c5da0d896531ecf7fc7640b6e36d774873aec4bfc87,v2.1,0.8828869047619048,0.8860952107860228,0.8823310121885772,0.889126751384816,0.8819044138288726,0.11711309523809524,0.17290079956533239,0.9600985234201616,0.07673634151432018,0.031823059858325294,0.9020634920634921,0.8475783475783475,0.9171220400728597
late_stage,ridge_regression,G1+G2,one seed per fold then mean across five folds,macro_f1,5,1,5,316,316,benchmark-v2-full-20260713c,b4339c35a0197baf81ba9be871f70ff8d3030c81,1624d48a67bb349968078c5da0d896531ecf7fc7640b6e36d774873aec4bfc87,v2.1,0.8671130952380952,0.8714746077998351,0.8664697693631295,0.8867848996881256,0.8722284460530988,0.13288690476190473,0.26577380952380947,0.8113183574260916,0.13288690476190476,0.027218400064721673,0.8824858757062147,0.8412698412698413,0.9043478260869565
late_stage,bilstm_only,G1+G2,fold mean across five seeds then mean across five folds,macro_f1,5,5,25,1580,316,benchmark-v2-full-20260713c,b4339c35a0197baf81ba9be871f70ff8d3030c81,1624d48a67bb349968078c5da0d896531ecf7fc7640b6e36d774873aec4bfc87,v2.1,0.8354563492063491,0.8364620774819089,0.833642190032689,0.838219243122469,0.8325147418862249,0.1645436507936508,0.21907799181592558,0.9435860350425523,0.08942967806425359,0.013506894900162774,0.839957217289176,0.8160368740155753,0.849744140700194
late_stage,cnn_bilstm_v2_tuned,G1+G2,fold mean across five seeds then mean across five folds,macro_f1,5,5,25,1580,316,benchmark-v2-full-20260713c,b4339c35a0197baf81ba9be871f70ff8d3030c81,1624d48a67bb349968078c5da0d896531ecf7fc7640b6e36d774873aec4bfc87,v2.1,0.8125595238095238,0.7983838344121755,0.8066384998540194,0.798431783270493,0.801800553743415,0.18744047619047616,0.2629785074591802,0.9289035676122992,0.10276361048753771,0.05262412304718132,0.8082689984366139,0.7299577519816897,0.8620970392715825
late_stage,cnn_bilstm_legacy_config_v2_refit,G1+G2,fold mean across five seeds then mean across five folds,macro_f1,5,5,25,1580,316,benchmark-v2-full-20260713c,b4339c35a0197baf81ba9be871f70ff8d3030c81,1624d48a67bb349968078c5da0d896531ecf7fc7640b6e36d774873aec4bfc87,v2.1,0.7963789682539683,0.781990369719008,0.7874993943632922,0.7809575943769491,0.7883901254056405,0.20362103174603177,0.28793336159915695,0.9282940823504916,0.10442769590528711,0.04199583782257365,0.7616812060399332,0.74516144705066,0.8507509018228744
late_stage,cnn_only,G1+G2,fold mean across five seeds then mean across five folds,macro_f1,5,5,25,1580,316,benchmark-v2-full-20260713c,b4339c35a0197baf81ba9be871f70ff8d3030c81,1624d48a67bb349968078c5da0d896531ecf7fc7640b6e36d774873aec4bfc87,v2.1,0.7802876984126984,0.754340611748799,0.7690684268210225,0.7635570451054322,0.7704117103218836,0.21971230158730157,0.335809461227301,0.9044891287466609,0.1581780260677139,0.040108877637989766,0.7622048490512674,0.6959901210297008,0.7993082398766443
late_stage,majority,G1+G2,one seed per fold then mean across five folds,macro_f1,5,1,5,316,316,benchmark-v2-full-20260713c,b4339c35a0197baf81ba9be871f70ff8d3030c81,1624d48a67bb349968078c5da0d896531ecf7fc7640b6e36d774873aec4bfc87,v2.1,0.4873511904761904,0.21843441823501789,0.3193991262473273,0.3333333333333333,0.0,0.5126488095238095,1.025297619047619,0.3333333333333333,0.5126488095238095,0.002139100824226123,0.21985815602836878,0.21505376344086022,0.21985815602836878
