candidate,outer_fold,seed,prediction_stage,threshold,accuracy,balanced_accuracy,macro_precision,macro_recall,macro_f1,weighted_f1,risk_precision,risk_recall,risk_f1,not_risk_precision,not_risk_recall,not_risk_f1,specificity,pr_auc,roc_auc,brier,nll,ece,tn,fp,fn,tp,eligible_count,positive_count,negative_count,coverage
H0_CURRENT_HYBRID,0,42,E1_EARLY_20PCT,0.5410787463188171,0.7181208053691275,0.7000148537116632,0.7225822985571158,0.7000148537116632,0.7020332490638632,0.710686118926726,0.7357142857142858,0.5551409618573798,0.6327977315689981,0.7094503113999459,0.8448887455659465,0.7712687665587283,0.8448887455659465,0.7570493552050981,0.7751013020461489,0.18736961137513805,0.5529822679496968,0.027207249716402666,2620,481,1073,1339,5513,2412,3101,1.0
H0_CURRENT_HYBRID,0,42,E2_EARLY_35PCT,0.5371037125587463,0.7601434232874127,0.7280050722704632,0.7789003485276154,0.7280050722704632,0.7341827476860481,0.748370194195248,0.8201936376210235,0.539827036868457,0.6511117211089761,0.7376070594342071,0.9161831076724694,0.8172537742631201,0.9161831076724694,0.808821615486246,0.8294336072253735,0.1603045156771636,0.48506668126638036,0.01914405924586006,2842,260,1011,1186,5299,2197,3102,1.0
H0_CURRENT_HYBRID,0,42,L1_LATE_75PCT,0.44191834330558777,0.8745630269381041,0.8361314401765306,0.8958365310821181,0.8361314401765306,0.854674871626849,0.8694997833958278,0.9416730621642364,0.696763202725724,0.8009138381201044,0.85,0.9754996776273372,0.9084359051335935,0.9754996776273372,0.9082914494496404,0.9208511956346238,0.09589185533709517,0.31300053943770695,0.034476497598756914,3026,76,534,1227,4863,1761,3102,1.0
H0_CURRENT_HYBRID,0,42,M1_MIDDLE_FROZEN,0.47516071796417236,0.81171875,0.7769944771716064,0.8300228397411495,0.7769944771716064,0.7889406992673509,0.8036204893946943,0.8711267605633802,0.6129831516352825,0.7196044211751018,0.788918918918919,0.9410058027079303,0.8582769773596001,0.9410058027079303,0.858287663560183,0.874137597215007,0.1340289050788181,0.41510477938984314,0.039009734960200146,2919,183,781,1237,5120,2018,3102,1.0
H0_CURRENT_HYBRID,0,1201,E1_EARLY_20PCT,0.5410787463188171,0.7190277525847996,0.6961230742985064,0.7333592157454151,0.6961230742985064,0.6968865195339563,0.7071249823339771,0.7678460583488517,0.5128524046434494,0.6149639572458364,0.6988723731419785,0.8793937439535634,0.7788090818220762,0.8793937439535634,0.7557605524009048,0.7775647319673802,0.18678200103842835,0.5526919690133498,0.022012908951275133,2727,374,1175,1237,5513,2412,3101,1.0
H0_CURRENT_HYBRID,0,1201,E2_EARLY_35PCT,0.5371037125587463,0.7524061143612002,0.7172134382885988,0.7762006545988912,0.7172134382885988,0.722444938423016,0.7380192429744559,0.8251285819250551,0.5111515703231679,0.6312535132096684,0.7272727272727273,0.9232753062540296,0.8136363636363636,0.9232753062540296,0.8026653163472017,0.8239537121571617,0.16274107632671142,0.49043411925893826,0.016283323886029377,2864,238,1074,1123,5299,2197,3102,1.0
H0_CURRENT_HYBRID,0,1201,L1_LATE_75PCT,0.44191834330558777,0.8735348550277606,0.836184711297981,0.8923030879675775,0.836184711297981,0.8539701604009187,0.8687096297799046,0.9334341906202723,0.7007382169222033,0.800518975024327,0.8511719853148828,0.9716312056737588,0.9074213457775102,0.9716312056737588,0.9059812887308585,0.918755681795299,0.09669225945497338,0.3150392608615758,0.0324624857217772,3014,88,527,1234,4863,1761,3102,1.0
H0_CURRENT_HYBRID,0,1201,M1_MIDDLE_FROZEN,0.47516071796417236,0.8068359375,0.7707136416992394,0.8264093475156842,0.7707136416992394,0.7826160777504012,0.7979784697741373,0.8693467336683417,0.6000991080277502,0.7100557021401348,0.7834719613630265,0.9413281753707285,0.8551764533606677,0.9413281753707285,0.8569617406716288,0.8726950674107118,0.13466015178364793,0.4166867259328809,0.039089418663934346,2920,182,807,1211,5120,2018,3102,1.0
H0_CURRENT_HYBRID,0,2026,E1_EARLY_20PCT,0.5410787463188171,0.7221113731180845,0.7085824772728853,0.721294556331731,0.7085824772728853,0.7109141501640337,0.7180246447403849,0.7182539682539683,0.6003316749585407,0.6540198735320687,0.7243351444094939,0.81683327958723,0.7678084267959988,0.81683327958723,0.7605590576444551,0.7795450485934298,0.1885679959183345,0.556550004162125,0.050974865991513414,2533,568,964,1448,5513,2412,3101,1.0
H0_CURRENT_HYBRID,0,2026,E2_EARLY_35PCT,0.5371037125587463,0.760898282694848,0.739007708477682,0.7619617782766934,0.739007708477682,0.7443546922038085,0.7554614795883715,0.7651083238312428,0.6108329540282204,0.6793216907112124,0.7588152327221439,0.8671824629271437,0.8093876936964044,0.8671824629271437,0.8089986075641584,0.8301248669497443,0.16082255166036769,0.4869608011474739,0.03266677548776687,2690,412,855,1342,5299,2197,3102,1.0
H0_CURRENT_HYBRID,0,2026,L1_LATE_75PCT,0.44191834330558777,0.873329220645692,0.8497707694217174,0.8724601606440108,0.8497707694217174,0.85890235405787,0.871343786915921,0.870071105365223,0.7643384440658717,0.8137847642079806,0.8748492159227985,0.9352030947775629,0.9040199439077594,0.9352030947775629,0.9079052927476676,0.9195688444120791,0.093703565833052,0.3085164340520494,0.017597335506994334,2901,201,415,1346,4863,1761,3102,1.0
H0_CURRENT_HYBRID,0,2026,M1_MIDDLE_FROZEN,0.47516071796417236,0.8134765625,0.7916924660646062,0.8125042465699268,0.7916924660646062,0.7987502147971852,0.8102761071508684,0.8095515433896331,0.688800792864222,0.7443105756358769,0.8154569497502204,0.8945841392649904,0.8531898539584934,0.8945841392649904,0.8592394696796817,0.8755651106514611,0.13136258916289528,0.40885003932044217,0.01888499547167158,2775,327,628,1390,5120,2018,3102,1.0
H0_CURRENT_HYBRID,0,3407,E1_EARLY_20PCT,0.5410787463188171,0.7150371848358426,0.6913783094631112,0.7302641908008568,0.6913783094631112,0.6915929835836345,0.7022199932301947,0.7659709044908286,0.5020729684908789,0.6065614825945405,0.694557477110885,0.8806836504353435,0.7766244845727286,0.8806836504353435,0.7578113619295138,0.7768394269649281,0.186744762067051,0.5516412672346713,0.01779374060282339,2731,370,1201,1211,5513,2412,3101,1.0
H0_CURRENT_HYBRID,0,3407,E2_EARLY_35PCT,0.5371037125587463,0.7558029816946593,0.7216419171914576,0.7781280208580756,0.7216419171914576,0.7273057357811277,0.7423611984499813,0.8250539956803455,0.5216203914428766,0.6391522587841606,0.7312020460358056,0.9216634429400387,0.8154592127780947,0.9216634429400387,0.8061541662323969,0.8259564725005994,0.1619682638784253,0.48903840516649927,0.023184620375792643,2859,243,1051,1146,5299,2197,3102,1.0
H0_CURRENT_HYBRID,0,3407,L1_LATE_75PCT,0.44191834330558777,0.8760024676125848,0.8426604476751274,0.888753765366767,0.8426604476751274,0.8583198391863265,0.8721221702221893,0.9183526011560693,0.7217490062464509,0.8082670906200318,0.8591549295774648,0.963571889103804,0.9083725877526212,0.963571889103804,0.9077627630195662,0.9203115280537442,0.09466131967696075,0.30942080081597234,0.019446954193176273,2989,113,490,1271,4863,1761,3102,1.0
H0_CURRENT_HYBRID,0,3407,M1_MIDDLE_FROZEN,0.47516071796417236,0.81015625,0.7783024986597094,0.822352683435176,0.7783024986597094,0.789209418416492,0.803277798488687,0.8514784946236559,0.6278493557978196,0.7227609811751283,0.7932268722466961,0.928755641521599,0.8556578556578557,0.928755641521599,0.8558502962279662,0.8716257103221234,0.13377153201658065,0.41421870153125784,0.027603560149145782,2881,221,751,1267,5120,2018,3102,1.0
H0_CURRENT_HYBRID,0,7319,E1_EARLY_20PCT,0.5410787463188171,0.7224741520043534,0.7028712853019649,0.7302831784755583,0.7028712853019649,0.7047988882514655,0.7138265062838892,0.7517123287671232,0.5460199004975125,0.6325648414985591,0.7088540281839936,0.8597226701064172,0.7770329350043719,0.8597226701064172,0.7593241656959433,0.7782722552988042,0.18683947646054855,0.553619381425041,0.025984390489263785,2666,435,1095,1317,5513,2412,3101,1.0
H0_CURRENT_HYBRID,0,7319,E2_EARLY_35PCT,0.5371037125587463,0.7567465559539536,0.7286227453355743,0.7661333189854693,0.7286227453355743,0.7345596561094997,0.7476661472056033,0.789171974522293,0.5639508420573509,0.6578178922219272,0.7430946634486457,0.8932946486137976,0.8113014199970722,0.8932946486137976,0.8066956049164139,0.8270623266531614,0.16183735569417465,0.4903267118877517,0.03059248164419882,2771,331,958,1239,5299,2197,3102,1.0
H0_CURRENT_HYBRID,0,7319,L1_LATE_75PCT,0.44191834330558777,0.8735348550277606,0.8451449688446317,0.8783004538650765,0.8451449688446317,0.8574397417051194,0.8706487667759039,0.8903269754768393,0.7421919363997729,0.8095385568287395,0.8662739322533137,0.9480980012894906,0.9053409265814991,0.9480980012894906,0.9077548783990771,0.919940277764048,0.0938516632483918,0.30959924773500713,0.027810317806404663,2941,161,454,1307,4863,1761,3102,1.0
H0_CURRENT_HYBRID,0,7319,M1_MIDDLE_FROZEN,0.47516071796417236,0.81328125,0.7859899205027097,0.818964134908333,0.7859899205027097,0.7954418408094597,0.8082314701497678,0.8339622641509434,0.6570862239841427,0.7350332594235033,0.8039660056657224,0.9148936170212766,0.8558504221954162,0.9148936170212766,0.8593985814441856,0.8748607791002831,0.13243199767924274,0.41333323133897715,0.033249144726505614,2838,264,692,1326,5120,2018,3102,1.0
H0_CURRENT_HYBRID,1,42,E1_EARLY_20PCT,0.5116491317749023,0.7042074718897352,0.7018156706851708,0.7005867143993636,0.7018156706851708,0.7010463852205853,0.7046590556996137,0.6595067621320605,0.6814632141389232,0.6703052354962603,0.7416666666666667,0.7221681272314183,0.7317875349449103,0.7221681272314183,0.7679863638531345,0.7810891782937546,0.19232325902064487,0.5648817172057997,0.07992760246395958,2225,856,775,1658,5514,2433,3081,1.0
H0_CURRENT_HYBRID,1,42,E2_EARLY_35PCT,0.48122143745422363,0.7483968313843833,0.7428593062275688,0.7416398706110112,0.7428593062275688,0.7422003300830456,0.748713440939926,0.6957098628925255,0.7088778729157278,0.7022321428571429,0.7875698783294969,0.7768407395394097,0.7821685173089484,0.7768407395394097,0.8082934707994,0.8241773308891145,0.16714135574841654,0.5022008702235206,0.0585964723658456,2395,688,646,1573,5302,2219,3083,1.0
H0_CURRENT_HYBRID,1,42,L1_LATE_75PCT,0.46541064977645874,0.8584615384615385,0.8313647246174669,0.8600773282885474,0.8313647246174669,0.8420129051796565,0.8555336189962321,0.8643282594308405,0.7292015633724176,0.7910357359176257,0.8558263971462544,0.9335278858625162,0.8929900744416873,0.9335278858625162,0.8947524671744923,0.9104538762409831,0.10251599957759841,0.3343284318077951,0.017277073039076284,2879,205,485,1306,4875,1791,3084,1.0
H0_CURRENT_HYBRID,1,42,M1_MIDDLE_FROZEN,0.38408827781677246,0.7837150127226463,0.7796433203631647,0.7742351990136078,0.7796433203631647,0.7763684665968558,0.7847701861942772,0.7131603336422614,0.76,0.7358355247430074,0.8353100643849543,0.7992866407263295,0.8169014084507042,0.7992866407263295,0.8532192797904794,0.8691771148580486,0.13616964174050197,0.4227874845932994,0.033911193828730105,2465,619,486,1539,5109,2025,3084,1.0
H0_CURRENT_HYBRID,1,1201,E1_EARLY_20PCT,0.5116491317749023,0.7127312295973884,0.7076277138709829,0.7085989026122299,0.7076277138709829,0.7080530021199992,0.7123961130159135,0.678136802349979,0.6642005754212906,0.6710963455149501,0.739061002874481,0.7510548523206751,0.7450096587250483,0.7510548523206751,0.7631611946108294,0.7767859251103878,0.19169950682008038,0.562684037304622,0.06703542370658598,2314,767,817,1616,5514,2433,3081,1.0
H0_CURRENT_HYBRID,1,1201,E2_EARLY_35PCT,0.48122143745422363,0.7512259524707657,0.7403033863909676,0.7449708173293565,0.7403033863909676,0.7421447644293044,0.7500303387688246,0.7155172413793104,0.6732762505633169,0.6937543533782214,0.7744243932794026,0.8073305222186182,0.7905351754803874,0.8073305222186182,0.8064893210903082,0.8211704652576597,0.1652797202592966,0.4964860052541541,0.04202902208632879,2489,594,725,1494,5302,2219,3083,1.0
H0_CURRENT_HYBRID,1,1201,L1_LATE_75PCT,0.46541064977645874,0.8656410256410256,0.8327084514661505,0.8774165942035832,0.8327084514661505,0.8474852603116443,0.861442100127869,0.9051355206847361,0.7085427135678392,0.7948637644848106,0.8496976677224302,0.9568741893644618,0.900106756138478,0.9568741893644618,0.8961885810424196,0.912576646020128,0.10095651934353811,0.3271238931514896,0.011626956214125359,2951,133,522,1269,4875,1791,3084,1.0
H0_CURRENT_HYBRID,1,1201,M1_MIDDLE_FROZEN,0.38408827781677246,0.7901742023879429,0.7817716289571024,0.7806553172757634,0.7817716289571024,0.7811943881934218,0.790382429963468,0.7325524646168863,0.7412345679012345,0.7368679430535101,0.8287581699346406,0.8223086900129701,0.8255208333333334,0.8223086900129701,0.853510534799238,0.8694986469392003,0.1342418860189889,0.4160351681206938,0.01707376234151711,2536,548,524,1501,5109,2025,3084,1.0
H0_CURRENT_HYBRID,1,2026,E1_EARLY_20PCT,0.5116491317749023,0.7140007254261879,0.7050465623800621,0.7106913549108733,0.7050465623800621,0.7065780887217161,0.7120625454885321,0.6941923774954628,0.6288532675709001,0.6599094241966789,0.7271903323262839,0.7812398571892243,0.7532467532467533,0.7812398571892243,0.7645032240398728,0.7776465757470612,0.18989407770870065,0.5582596263417777,0.0581046746659309,2407,674,903,1530,5514,2433,3081,1.0
H0_CURRENT_HYBRID,1,2026,E2_EARLY_35PCT,0.48122143745422363,0.7491512636740852,0.7403506735756142,0.742384796643162,0.7403506735756142,0.7412588839222289,0.7486228322004188,0.7060732498840983,0.6863452005407842,0.6960694698354661,0.7786963434022257,0.7943561466104444,0.7864482980089916,0.7943561466104444,0.8052215711702083,0.820327993267825,0.16689203905491348,0.5000512756072147,0.048504968454498525,2449,634,696,1523,5302,2219,3083,1.0
H0_CURRENT_HYBRID,1,2026,L1_LATE_75PCT,0.46541064977645874,0.856,0.8308237577859032,0.8549220770038785,0.8308237577859032,0.840106103482573,0.8534768310017877,0.8519715578539108,0.7359017308766053,0.7896944278010785,0.8578725961538461,0.9257457846952011,0.8905177791640674,0.9257457846952011,0.8955714473785237,0.9110945996736818,0.1027251860341856,0.3328710284691499,0.024608574045774267,2855,229,473,1318,4875,1791,3084,1.0
H0_CURRENT_HYBRID,1,2026,M1_MIDDLE_FROZEN,0.38408827781677246,0.7798003523194363,0.7808096747850315,0.7718379052376809,0.7808096747850315,0.7742370901677256,0.7815830934328898,0.6971954425942156,0.785679012345679,0.738797306710007,0.8464803678811461,0.7759403372243839,0.809676873625444,0.7759403372243839,0.854930995770788,0.8699827064418504,0.13553226620732978,0.4191546023927054,0.03641404528961964,2393,691,434,1591,5109,2025,3084,1.0
H0_CURRENT_HYBRID,1,3407,E1_EARLY_20PCT,0.5116491317749023,0.7185346391004716,0.6982115835851652,0.7310627378864988,0.6982115835851652,0.6989615637892509,0.7079824406040951,0.7629850746268657,0.5252774352651048,0.6222005842259006,0.6991404011461319,0.8711457319052256,0.7757225433526012,0.8711457319052256,0.7634122714517764,0.776622639614102,0.18707340516460844,0.5516477267574177,0.019270895117212125,2684,397,1155,1278,5514,2433,3081,1.0
H0_CURRENT_HYBRID,1,3407,E2_EARLY_35PCT,0.48122143745422363,0.7600905318747643,0.7353595733599643,0.7678321589916525,0.7353595733599643,0.7409844623184223,0.7524481040522275,0.7881923311016433,0.583596214511041,0.6706369756602797,0.7474719868816616,0.8871229322088875,0.8113319489765648,0.8871229322088875,0.8002223809629244,0.8184690295251826,0.16711418065261618,0.5030176206430603,0.02729504759996421,2735,348,924,1295,5302,2219,3083,1.0
H0_CURRENT_HYBRID,1,3407,L1_LATE_75PCT,0.46541064977645874,0.8650256410256411,0.8287106739925307,0.8824078267005064,0.8287106739925307,0.8453463162555618,0.8599784996527512,0.9211895910780669,0.6917922948073701,0.7901785714285714,0.8436260623229461,0.9656290531776913,0.9005140610825522,0.9656290531776913,0.895737204092317,0.9107029961741262,0.10269664711408728,0.33658576218782627,0.02760457428525655,2978,106,552,1239,4875,1791,3084,1.0
H0_CURRENT_HYBRID,1,3407,M1_MIDDLE_FROZEN,0.38408827781677246,0.8072029751419064,0.7879067588989768,0.8039077699030981,0.7879067588989768,0.793635274588909,0.8046033622878589,0.7931228861330327,0.6948148148148148,0.740721242432219,0.8146926536731635,0.8809987029831388,0.846549306745599,0.8809987029831388,0.8528161451171264,0.8702470737057852,0.13577466953437692,0.4225638436023283,0.03474109244300829,2717,367,618,1407,5109,2025,3084,1.0
H0_CURRENT_HYBRID,1,7319,E1_EARLY_20PCT,0.5116491317749023,0.7183532825535002,0.7097626317139654,0.7150865163227608,0.7097626317139654,0.7112809360747259,0.7165913422372354,0.6983769161406672,0.636662556514591,0.6660933132659643,0.7317961165048543,0.7828627069133398,0.7564685588834875,0.7828627069133398,0.7657156329357349,0.7777111428877493,0.19043683829210692,0.5601144433021995,0.06339549222582054,2412,669,884,1549,5514,2433,3081,1.0
H0_CURRENT_HYBRID,1,7319,E2_EARLY_35PCT,0.48122143745422363,0.7604677480196153,0.7457243103050835,0.7566895207573381,0.7457243103050835,0.7491960988427071,0.7578604270356329,0.742215416028586,0.6552501126633619,0.6960268070847295,0.7711636254860903,0.8361985079468051,0.8023653906006847,0.8361985079468051,0.8069098426191476,0.8212791453868244,0.16471461635214726,0.49474644510601595,0.036228028319632725,2578,505,765,1454,5302,2219,3083,1.0
H0_CURRENT_HYBRID,1,7319,L1_LATE_75PCT,0.46541064977645874,0.864,0.8294216434528892,0.8779198541776055,0.8294216434528892,0.8449698276041939,0.8593761583464522,0.9098837209302325,0.6990508096035735,0.7906536154089043,0.8459559874249786,0.959792477302205,0.8992860397994835,0.959792477302205,0.8951752577468731,0.9106557430472727,0.10204675065009881,0.33004510436851986,0.0169928601964926,2960,124,539,1252,4875,1791,3084,1.0
H0_CURRENT_HYBRID,1,7319,M1_MIDDLE_FROZEN,0.38408827781677246,0.7974163241338814,0.7853115242350002,0.7890245860821072,0.7853115242350002,0.7869962115983089,0.7967616090984604,0.7533265097236438,0.7269135802469135,0.7398843930635838,0.8247226624405706,0.8437094682230869,0.8341080301330341,0.8437094682230869,0.8523620314167091,0.8690831211669948,0.13485035542592147,0.4174519632664695,0.021437425121160404,2602,482,553,1472,5109,2025,3084,1.0
H0_CURRENT_HYBRID,2,42,E1_EARLY_20PCT,0.4736296832561493,0.716555334897996,0.7098721726816947,0.7133362712073589,0.7098721726816947,0.7109846203749124,0.7153962785602934,0.6941431670281996,0.6490872210953347,0.6708595387840671,0.7325293753865182,0.7706571242680547,0.7511097019657578,0.7706571242680547,0.7731882304593538,0.7822205080627813,0.18521581628259914,0.5479216215759753,0.029353263421886377,2369,705,865,1600,5539,2465,3074,1.0
H0_CURRENT_HYBRID,2,42,E2_EARLY_35PCT,0.4874732792377472,0.7627689429373246,0.7432003104402287,0.7674751917452647,0.7432003104402287,0.7480233612629072,0.757180903478342,0.7815833801235261,0.6129458388375165,0.6870681145113524,0.7533670033670034,0.8734547820429408,0.8089786080144622,0.8734547820429408,0.8202708889672214,0.8304381401433079,0.15986058756346846,0.4829358247998071,0.015776292768361913,2685,389,879,1392,5345,2271,3074,1.0
H0_CURRENT_HYBRID,2,42,L1_LATE_75PCT,0.547484278678894,0.8678782928323463,0.8352697816628485,0.8831062613627744,0.8352697816628485,0.8504906329168638,0.863515760194869,0.9188034188034188,0.7076247942951179,0.7995041834521227,0.84740910392213,0.962914769030579,0.901477082381605,0.962914769030579,0.9083392427069734,0.9202088116458852,0.0972748746399347,0.3151645770479114,0.023510761243497172,2960,114,533,1290,4897,1823,3074,1.0
H0_CURRENT_HYBRID,2,42,M1_MIDDLE_FROZEN,0.4507487714290619,0.814721305107788,0.7926735700119933,0.8186785555041922,0.7926735700119933,0.8004496411937696,0.8108035934451162,0.8302887448438421,0.6790361445783133,0.7470837751855779,0.8070683661645423,0.9063109954456734,0.8538155072019614,0.9063109954456734,0.8668594124904262,0.8784519992788331,0.1308791903319753,0.40671539320141836,0.023578234900647883,2786,288,666,1409,5149,2075,3074,1.0
H0_CURRENT_HYBRID,2,1201,E1_EARLY_20PCT,0.4736296832561493,0.7078895107420112,0.7049982777756516,0.704470735662686,0.7049982777756516,0.704707324203022,0.708077674815621,0.6694677871148459,0.6787018255578093,0.6740531829170024,0.7394736842105263,0.7312947299934938,0.7353614654890416,0.7312947299934938,0.7734425685814525,0.7811894169643717,0.18897830548516176,0.5568011827384625,0.054935905557461404,2248,826,792,1673,5539,2465,3074,1.0
H0_CURRENT_HYBRID,2,1201,E2_EARLY_35PCT,0.4874732792377472,0.7517305893358279,0.7394699998023222,0.7477682739797167,0.7394699998023222,0.742155635834867,0.7496203811370724,0.7309197651663405,0.6578599735799208,0.692468134414832,0.764616782793093,0.8210800260247235,0.791843137254902,0.8210800260247235,0.8123303705560696,0.8219858348037417,0.16592863647544628,0.49777987011101293,0.04548647842632206,2524,550,777,1494,5345,2271,3074,1.0
H0_CURRENT_HYBRID,2,1201,L1_LATE_75PCT,0.547484278678894,0.8703287727179906,0.837891347850123,0.886101874077826,0.837891347850123,0.8532636041765201,0.8660471525869271,0.9230769230769231,0.7109160724081185,0.8032228075612023,0.8491268250787289,0.9648666232921275,0.9033044007918379,0.9648666232921275,0.9077650119148811,0.9194450581041568,0.09758969526195464,0.3175664975015161,0.022745390804338024,2966,108,527,1296,4897,1823,3074,1.0
H0_CURRENT_HYBRID,2,1201,M1_MIDDLE_FROZEN,0.4507487714290619,0.806564381433288,0.7890527627752388,0.8042326536296625,0.7890527627752388,0.794388400185517,0.8040961458092387,0.7962657880285557,0.6987951807228916,0.74435318275154,0.8121995192307693,0.8793103448275862,0.8444236176194939,0.8793103448275862,0.8634821872672425,0.8740674604729914,0.13335745684946085,0.41409001757800723,0.030605355198072746,2703,371,625,1450,5149,2075,3074,1.0
H0_CURRENT_HYBRID,2,2026,E1_EARLY_20PCT,0.4736296832561493,0.7158331828849973,0.7105476673427992,0.7123103333555127,0.7105476673427992,0.7112344627304259,0.7152410729938506,0.6875789473684211,0.662474645030426,0.6747933884297521,0.7370417193426043,0.7586206896551724,0.7476755370310997,0.7586206896551724,0.7714140179824369,0.7805067298720804,0.18661912228928595,0.5512022164573033,0.03971120940414087,2332,742,832,1633,5539,2465,3074,1.0
H0_CURRENT_HYBRID,2,2026,E2_EARLY_35PCT,0.4874732792377472,0.7582787652011226,0.7410794988836928,0.7591835188388996,0.7410794988836928,0.7452900866385641,0.7539312704709871,0.762185324049277,0.6265962131219727,0.6877718704688255,0.7561817136285222,0.8555627846454131,0.8028083028083028,0.8555627846454131,0.8198029639945222,0.8286564607579314,0.16080761619668035,0.4847085693036773,0.03205386183953821,2630,444,848,1423,5345,2271,3074,1.0
H0_CURRENT_HYBRID,2,2026,L1_LATE_75PCT,0.547484278678894,0.8646109863181539,0.8237378169711034,0.8958859778903772,0.8237378169711034,0.8430783489599547,0.8579280343707085,0.9603174603174603,0.6637410861217773,0.7849497242945184,0.831454495463294,0.9837345478204295,0.9012069736253912,0.9837345478204295,0.9082069049007425,0.9194889560880972,0.09786530362411092,0.3158426888643809,0.023363134036194742,3024,50,613,1210,4897,1823,3074,1.0
H0_CURRENT_HYBRID,2,2026,M1_MIDDLE_FROZEN,0.4507487714290619,0.8133618178287046,0.7897338736860258,0.8192911360213183,0.7897338736860258,0.798091985010902,0.8088649814692245,0.8359469240048251,0.6679518072289157,0.7425663005625502,0.8026353480378116,0.911515940143136,0.8536176694592537,0.911515940143136,0.8651485587105459,0.8758873098117911,0.1318419622362223,0.4084438672039231,0.0179726675555767,2802,272,689,1386,5149,2075,3074,1.0
H0_CURRENT_HYBRID,2,3407,E1_EARLY_20PCT,0.4736296832561493,0.7078895107420112,0.7041543878449232,0.7042874627235431,0.7041543878449232,0.7042194161340565,0.7078419244261868,0.6723646723646723,0.6701825557809331,0.6712718407151564,0.7362102530824141,0.7381262199089135,0.7371669915529565,0.7381262199089135,0.7731519597435095,0.7797449920223402,0.18812786106750112,0.5533152806099145,0.04848731065474653,2269,805,813,1652,5539,2465,3074,1.0
H0_CURRENT_HYBRID,2,3407,E2_EARLY_35PCT,0.4874732792377472,0.760710944808232,0.7438266485261394,0.7615562081697103,0.7438266485261394,0.748054098241453,0.7565377775345444,0.7643923240938166,0.631439894319683,0.6915842777911744,0.7587200922456039,0.8562134027325959,0.8045239186917317,0.8562134027325959,0.8197579970104558,0.8291041725217997,0.16040774136030359,0.48409565355566464,0.021528973447122346,2632,442,837,1434,5345,2271,3074,1.0
H0_CURRENT_HYBRID,2,3407,L1_LATE_75PCT,0.547484278678894,0.8672656728609353,0.8299822159630914,0.89145400322107,0.8299822159630914,0.8477563182766075,0.8616788525521317,0.9439818319454958,0.6840373011519474,0.7932569974554707,0.8389261744966443,0.9759271307742355,0.9022556390977443,0.9759271307742355,0.9082073744946338,0.9195687219369648,0.09709566587550891,0.31430154869834587,0.019942665966720237,3000,74,576,1247,4897,1823,3074,1.0
H0_CURRENT_HYBRID,2,3407,M1_MIDDLE_FROZEN,0.4507487714290619,0.817246067197514,0.7943182227935817,0.8229223860694956,0.7943182227935817,0.8026117836211675,0.8130394935304188,0.8391148325358851,0.676144578313253,0.7488657592740859,0.8067299396031061,0.9124918672739102,0.8563578079682491,0.9124918672739102,0.8667097946282685,0.8775068785225483,0.13097406751492127,0.40658773065646464,0.023143307851932412,2805,269,672,1403,5149,2075,3074,1.0
H0_CURRENT_HYBRID,2,7319,E1_EARLY_20PCT,0.4736296832561493,0.7050009026900163,0.7051685866278847,0.7030477010688092,0.7051685866278847,0.7032867940759158,0.7057663478668592,0.656615152657369,0.7066937119675456,0.6807346619773349,0.7494802494802495,0.7036434612882239,0.7258389261744966,0.7036434612882239,0.7754798776629945,0.7826310705109001,0.18817413842516453,0.5534138702296078,0.06147429428249462,2163,911,723,1742,5539,2465,3074,1.0
H0_CURRENT_HYBRID,2,7319,E2_EARLY_35PCT,0.4874732792377472,0.751356407857811,0.7442058176315496,0.7456749997766348,0.7442058176315496,0.7448739672538864,0.7509835914381018,0.711971197119712,0.6966094231616028,0.70420654351213,0.7793788024335575,0.7918022121014964,0.785541390995643,0.7918022121014964,0.8172397512057266,0.826559499468132,0.16429777340488705,0.49242392061659634,0.04798847424080707,2434,640,689,1582,5345,2271,3074,1.0
H0_CURRENT_HYBRID,2,7319,L1_LATE_75PCT,0.547484278678894,0.8676740861752094,0.8382324494611076,0.8775743048400835,0.8382324494611076,0.8515702442227923,0.8640599567351752,0.9021218343600274,0.7229840921557872,0.8026796589524969,0.8530267753201397,0.9534808067664281,0.9004608294930876,0.9534808067664281,0.9085073312830362,0.9207634251990844,0.09759232963375399,0.31413030008069515,0.01926538003131227,2931,143,505,1318,4897,1823,3074,1.0
H0_CURRENT_HYBRID,2,7319,M1_MIDDLE_FROZEN,0.4507487714290619,0.806564381433288,0.7936730134591717,0.8009561083450216,0.7936730134591717,0.7966853441344854,0.8053806377569557,0.778236204228984,0.7272289156626506,0.7518684603886397,0.8236760124610591,0.8601171112556929,0.841502227880331,0.8601171112556929,0.8661275105456291,0.876890907808201,0.13163775557860036,0.40864067617766575,0.026239960880001953,2644,430,566,1509,5149,2075,3074,1.0
H1_TABULAR_RESIDUAL_EXPERT,0,42,E1_EARLY_20PCT,0.5126526951789856,0.7132232904044985,0.7091565712232132,0.7087650327477701,0.7091565712232132,0.7089501783904836,0.7133576247642205,0.6707768187422934,0.6766169154228856,0.6736842105263158,0.7467532467532467,0.7416962270235408,0.7442161462546514,0.7416962270235408,0.7618926035003888,0.7794882943125927,0.1913287844680034,0.5623004441381964,0.06979245423281363,2300,801,780,1632,5513,2412,3101,1.0
H1_TABULAR_RESIDUAL_EXPERT,0,42,E2_EARLY_35PCT,0.5132769346237183,0.7590111341762596,0.7452970567977493,0.7532684937143536,0.7452970567977493,0.7481587698959125,0.7570873059629254,0.7297702297702298,0.6649977241693218,0.695879971421767,0.7767667576584774,0.8255963894261766,0.8004375683700579,0.8255963894261766,0.8100664956244109,0.8289300925269703,0.16254127520793618,0.4911599370651716,0.050175979360867776,2561,541,736,1461,5299,2197,3102,1.0
H1_TABULAR_RESIDUAL_EXPERT,0,42,L1_LATE_75PCT,0.5382355451583862,0.8772362739049969,0.8480463228098155,0.8841792537660265,0.8480463228098155,0.8612209612343218,0.8742212846552513,0.9013793103448275,0.7421919363997729,0.8140766116474618,0.8669791971872253,0.9539007092198581,0.9083653108211819,0.9539007092198581,0.9092607373719416,0.922236610916882,0.0949506770343208,0.3107787641538088,0.03660141389204927,2959,143,454,1307,4863,1761,3102,1.0
H1_TABULAR_RESIDUAL_EXPERT,0,42,M1_MIDDLE_FROZEN,0.48503485321998596,0.808984375,0.7915351136994644,0.8037070000179731,0.7915351136994644,0.79625,0.8070344238281251,0.7854006586169044,0.7091179385530227,0.7453125,0.8220133414190418,0.8739522888459059,0.8471875,0.8739522888459059,0.8605542805269472,0.87619340187187,0.13261051940571572,0.41175476042711834,0.04067185880339821,2711,391,587,1431,5120,2018,3102,1.0
H1_TABULAR_RESIDUAL_EXPERT,0,1201,E1_EARLY_20PCT,0.5126526951789856,0.7170324687103211,0.7085354828565974,0.7128078505208439,0.7085354828565974,0.7099243129477476,0.7155993063665346,0.6903485254691689,0.6405472636815921,0.6645161290322581,0.7352671755725191,0.7765237020316027,0.7553324968632371,0.7765237020316027,0.760737770668387,0.7768072060422385,0.19027008586394079,0.5624008901102016,0.06419928385218127,2408,693,867,1545,5513,2412,3101,1.0
H1_TABULAR_RESIDUAL_EXPERT,0,1201,E2_EARLY_35PCT,0.5132769346237183,0.7605208529911304,0.7449930257748463,0.7558875655216954,0.7449930257748463,0.7485542139616383,0.7579225602606784,0.7384378211716341,0.6540737369139736,0.6937002172338885,0.7733373098717566,0.8359123146357189,0.8034082106893881,0.8359123146357189,0.8076349604459313,0.8262901436135732,0.16397531898702036,0.49858790418889326,0.05706282081702875,2593,509,760,1437,5299,2197,3102,1.0
H1_TABULAR_RESIDUAL_EXPERT,0,1201,L1_LATE_75PCT,0.5382355451583862,0.8749742957022414,0.8422227457803231,0.8864174449033251,0.8422227457803231,0.857404610193818,0.8712071575088712,0.9132616487455197,0.7234525837592277,0.8073510773130546,0.8595732410611303,0.9609929078014184,0.9074581430745814,0.9609929078014184,0.9092470705293999,0.922157344952662,0.09429613838042102,0.3100015730665369,0.03335793668095121,2981,121,487,1274,4863,1761,3102,1.0
H1_TABULAR_RESIDUAL_EXPERT,0,1201,M1_MIDDLE_FROZEN,0.48503485321998596,0.81171875,0.790674707771897,0.8097348868625465,0.790674707771897,0.7972897159259951,0.8087399889393343,0.8035714285714286,0.6912784935579782,0.7432072456046883,0.8158983451536643,0.8900709219858156,0.8513721862473019,0.8900709219858156,0.8582843061688956,0.8749395351571512,0.13307966249767098,0.41561150727343676,0.03636265698696662,2761,341,623,1395,5120,2018,3102,1.0
H1_TABULAR_RESIDUAL_EXPERT,0,2026,E1_EARLY_20PCT,0.5126526951789856,0.7224741520043534,0.7136029248575996,0.7186096375222178,0.7136029248575996,0.7151672143902035,0.7208687772623997,0.6988277727682597,0.642620232172471,0.6695464362850972,0.738391502276176,0.7845856175427282,0.7607879924953096,0.7845856175427282,0.761905132722683,0.7809396396497572,0.18702204153012345,0.5521904461141437,0.039445762547351666,2433,668,862,1550,5513,2412,3101,1.0
H1_TABULAR_RESIDUAL_EXPERT,0,2026,E2_EARLY_35PCT,0.5132769346237183,0.7675033025099075,0.7477034799520006,0.7672446573944143,0.7477034799520006,0.752832423165808,0.7631168118617104,0.7664273881833241,0.6317705962676377,0.6926147704590818,0.7680619266055045,0.8636363636363636,0.8130500758725342,0.8636363636363636,0.8120508777737391,0.8323471400394478,0.15923234903010366,0.4827741677844448,0.024015249683749997,2679,423,809,1388,5299,2197,3102,1.0
H1_TABULAR_RESIDUAL_EXPERT,0,2026,L1_LATE_75PCT,0.5382355451583862,0.8755911988484475,0.8392694936607366,0.8933091429842328,0.8392694936607366,0.8566920050172399,0.8710429783624547,0.9326347305389222,0.7075525269733106,0.8046496609622215,0.8539835554295435,0.9709864603481625,0.9087343490722583,0.9709864603481625,0.9092242853467812,0.9215783189830817,0.09297729393387379,0.3051589348994705,0.014107832112109232,3012,90,515,1246,4863,1761,3102,1.0
H1_TABULAR_RESIDUAL_EXPERT,0,2026,M1_MIDDLE_FROZEN,0.48503485321998596,0.8095703125,0.7864773134631642,0.8092730646989647,0.7864773134631642,0.7939189494622139,0.8059431007967002,0.8083973979893554,0.6774033696729435,0.7371259099487733,0.8101487314085739,0.8955512572533849,0.8507119889756546,0.8955512572533849,0.8597438082812101,0.8748957640423807,0.1311949675133076,0.40705984877179036,0.013300018086010829,2778,324,651,1367,5120,2018,3102,1.0
H1_TABULAR_RESIDUAL_EXPERT,0,3407,E1_EARLY_20PCT,0.5126526951789856,0.7106838382006168,0.7031684932320019,0.7060229962662589,0.7031684932320019,0.7042035047028973,0.7096752568841824,0.6787746170678337,0.6430348258706468,0.6604215456674473,0.733271375464684,0.763302160593357,0.7479854637383473,0.763302160593357,0.7539315142687881,0.7741723768559118,0.19024551777255932,0.5594840917933035,0.043949267175741207,2367,734,861,1551,5513,2412,3101,1.0
H1_TABULAR_RESIDUAL_EXPERT,0,3407,E2_EARLY_35PCT,0.5132769346237183,0.7648612945838837,0.7407327030265467,0.7695841812187465,0.7407327030265467,0.7466970563772355,0.7582817185174868,0.7825311942959001,0.5994538006372326,0.6788659793814433,0.7566371681415929,0.8820116054158608,0.8145281333730277,0.8820116054158608,0.8085735575112766,0.829219817070755,0.16000746483854678,0.48512340696737993,0.014426965088602695,2736,366,880,1317,5299,2197,3102,1.0
H1_TABULAR_RESIDUAL_EXPERT,0,3407,L1_LATE_75PCT,0.5382355451583862,0.8731235862636233,0.8315663247429531,0.9002092721412842,0.8315663247429531,0.8517089711626638,0.867248472705081,0.956140350877193,0.6808631459398069,0.7953565505804312,0.8442781934053755,0.9822695035460993,0.9080613917448964,0.9822695035460993,0.9085337561888571,0.921187481030172,0.09470261647804551,0.30981830246130554,0.02525947626190632,3047,55,562,1199,4863,1761,3102,1.0
H1_TABULAR_RESIDUAL_EXPERT,0,3407,M1_MIDDLE_FROZEN,0.48503485321998596,0.8115234375,0.7828075687605873,0.8188863244625557,0.7828075687605873,0.7926955995772514,0.8059226743071669,0.8377164849262347,0.647175421209118,0.7302208554654739,0.8000561639988767,0.9184397163120568,0.855170343689029,0.9184397163120568,0.8561364942383926,0.8733377360045855,0.1327065166402323,0.41122976414818135,0.014227085018501383,2849,253,712,1306,5120,2018,3102,1.0
H1_TABULAR_RESIDUAL_EXPERT,0,7319,E1_EARLY_20PCT,0.5126526951789856,0.7106838382006168,0.7063925909525788,0.7061503792532451,0.7063925909525788,0.7062674268568485,0.7107687691879969,0.6684536082474227,0.6720563847429519,0.670250155054786,0.7438471502590673,0.7407287971622057,0.742284698658911,0.7407287971622057,0.7577735401553727,0.7775387947930988,0.19035264961001694,0.5591780343027893,0.05372194312722349,2297,804,791,1621,5513,2412,3101,1.0
H1_TABULAR_RESIDUAL_EXPERT,0,7319,E2_EARLY_35PCT,0.5132769346237183,0.7571239856576713,0.7406973403448287,0.7527311059665726,0.7406973403448287,0.7444518775264407,0.7541707401186133,0.736732570239334,0.6445152480655439,0.6875455207574654,0.7687296416938111,0.8368794326241135,0.801358234295416,0.8368794326241135,0.8078869814710105,0.8285436708576581,0.16121238886489403,0.48805331723978773,0.026575302266485742,2596,506,781,1416,5299,2197,3102,1.0
H1_TABULAR_RESIDUAL_EXPERT,0,7319,L1_LATE_75PCT,0.5382355451583862,0.8741517581739667,0.8369137568003058,0.8929676390330143,0.8369137568003058,0.8547077494121245,0.8693645317334457,0.9342403628117913,0.7018739352640545,0.8015564202334631,0.8516949152542372,0.971953578336557,0.907859078590786,0.971953578336557,0.9076306929012636,0.9199719475372815,0.09429916164026925,0.310267335181277,0.015619887422663794,3015,87,525,1236,4863,1761,3102,1.0
H1_TABULAR_RESIDUAL_EXPERT,0,7319,M1_MIDDLE_FROZEN,0.48503485321998596,0.8080078125,0.785447574025901,0.8068839817434725,0.785447574025901,0.7925646723824971,0.8045477531894928,0.8035190615835777,0.6788899900891973,0.7359656191243621,0.8102489019033675,0.8920051579626048,0.8491637256406321,0.8920051579626048,0.856623852419136,0.8733134542182893,0.1324866072739798,0.4118302664409036,0.011940716356548375,2767,335,648,1370,5120,2018,3102,1.0
H1_TABULAR_RESIDUAL_EXPERT,1,42,E1_EARLY_20PCT,0.5128452777862549,0.710373594486761,0.7095377139470227,0.7074797924132123,0.7095377139470227,0.7079820574862805,0.7110877007253814,0.6618900077459334,0.7024249897246199,0.6815553339980059,0.7530695770804912,0.7166504381694255,0.7344087809745551,0.7166504381694255,0.7689823626767569,0.7821121139028395,0.19312913712106408,0.565744682610451,0.08439512268697866,2208,873,724,1709,5514,2433,3081,1.0
H1_TABULAR_RESIDUAL_EXPERT,1,42,E2_EARLY_35PCT,0.4967553913593292,0.7483968313843833,0.7425435710843324,0.7416033166948197,0.7425435710843324,0.7420448171303236,0.748641139624924,0.6965792980897378,0.7066246056782335,0.7015659955257271,0.7866273352999017,0.7784625364904314,0.7825236387349201,0.7784625364904314,0.8112121269254386,0.8262937795645398,0.1669700596569102,0.49991465137967317,0.06341108440459113,2400,683,651,1568,5302,2219,3083,1.0
H1_TABULAR_RESIDUAL_EXPERT,1,42,L1_LATE_75PCT,0.394863486289978,0.8463589743589743,0.8349084375617821,0.83467394832282,0.8349084375617821,0.8347908119462344,0.8463858770622599,0.79041248606466,0.7917364600781687,0.7910739191073919,0.8789354105809802,0.8780804150453956,0.878507704785077,0.8780804150453956,0.8956207194940102,0.9111439348348603,0.10331546677421741,0.33334406590277726,0.026378198674091934,2708,376,373,1418,4875,1791,3084,1.0
H1_TABULAR_RESIDUAL_EXPERT,1,42,M1_MIDDLE_FROZEN,0.42052173614501953,0.7848894108436093,0.7817183071528078,0.7756009898933505,0.7817183071528078,0.7779051063751519,0.7860688794790112,0.7125803489439853,0.7664197530864197,0.7385201046871283,0.8386216308427158,0.7970168612191959,0.8172901080631754,0.7970168612191959,0.8541406169323422,0.8700954348208996,0.13775803219286714,0.4239996177423157,0.04588554293700372,2458,626,473,1552,5109,2025,3084,1.0
H1_TABULAR_RESIDUAL_EXPERT,1,1201,E1_EARLY_20PCT,0.5128452777862549,0.7188973521944142,0.7139234102976318,0.7148810780063155,0.7139234102976318,0.7143461616362152,0.7185834769835039,0.6851153039832285,0.6715988491574189,0.6782897467828974,0.7446468520294024,0.7562479714378448,0.750402576489533,0.7562479714378448,0.7665084438420229,0.7804540457383486,0.18956668205794866,0.5585103126197478,0.060628054712858155,2330,751,799,1634,5514,2433,3081,1.0
H1_TABULAR_RESIDUAL_EXPERT,1,1201,E2_EARLY_35PCT,0.4967553913593292,0.7478310071671067,0.7371947107931867,0.7413210493441599,0.7371947107931867,0.7388544410619816,0.7467443221553978,0.71,0.6719242902208202,0.6904376012965965,0.7726420986883198,0.8024651313655531,0.7872712808273667,0.8024651313655531,0.8069308633195262,0.8225317076286727,0.1652871454037981,0.496611482837867,0.04086918786016333,2474,609,728,1491,5302,2219,3083,1.0
H1_TABULAR_RESIDUAL_EXPERT,1,1201,L1_LATE_75PCT,0.394863486289978,0.8523076923076923,0.8334066571508646,0.8451610617797091,0.8334066571508646,0.8385093167701863,0.8510295269947442,0.8227848101265823,0.7621440536013401,0.7913043478260869,0.8675373134328358,0.9046692607003891,0.8857142857142857,0.9046692607003891,0.8962005813792036,0.9114548821351316,0.10171640615560754,0.32924779172248303,0.015642733059632485,2790,294,426,1365,4875,1791,3084,1.0
H1_TABULAR_RESIDUAL_EXPERT,1,1201,M1_MIDDLE_FROZEN,0.42052173614501953,0.7935016637306713,0.7835951385886535,0.7843285990184604,0.7835951385886535,0.7839543249358025,0.7933683210100726,0.7412935323383084,0.7358024691358025,0.7385377942998761,0.8273636656986124,0.8313878080415046,0.829370855571729,0.8313878080415046,0.8544945911927244,0.870791660661959,0.13482238803457922,0.4171824056114666,0.028834704108088544,2564,520,535,1490,5109,2025,3084,1.0
H1_TABULAR_RESIDUAL_EXPERT,1,2026,E1_EARLY_20PCT,0.5128452777862549,0.7121871599564744,0.7067086326400503,0.7080381377004386,0.7067086326400503,0.7072650289594835,0.7117259253036096,0.6787827557058326,0.6600904233456638,0.669306105438633,0.7372935196950444,0.7533268419344369,0.7452239524803339,0.7533268419344369,0.766865519176117,0.7797851621775829,0.1913246715765276,0.5627589193639929,0.069134122415388,2321,760,827,1606,5514,2433,3081,1.0
H1_TABULAR_RESIDUAL_EXPERT,1,2026,E2_EARLY_35PCT,0.4967553913593292,0.7544322897019993,0.7447022639525334,0.7480437521493871,0.7447022639525334,0.7461086965444588,0.7535999303862453,0.7159679698539803,0.6849932401982876,0.7001381851681253,0.780119534444794,0.8044112877067792,0.7920792079207921,0.8044112877067792,0.8099389370885035,0.8231007617548851,0.16618181504175122,0.49959535322468807,0.04916401979977548,2480,603,699,1520,5302,2219,3083,1.0
H1_TABULAR_RESIDUAL_EXPERT,1,2026,L1_LATE_75PCT,0.394863486289978,0.8488205128205129,0.8328743805495267,0.8393555943812,0.8328743805495267,0.8358572735506522,0.848091922000236,0.8074679113185531,0.7727526521496371,0.7897289586305278,0.8712432774438469,0.8929961089494164,0.8819855884707766,0.8929961089494164,0.8972077177109679,0.9128229597330941,0.10209710784814571,0.33112951431444765,0.02346120328398852,2754,330,407,1384,4875,1791,3084,1.0
H1_TABULAR_RESIDUAL_EXPERT,1,2026,M1_MIDDLE_FROZEN,0.42052173614501953,0.7940888627911529,0.785607676418312,0.7847532934280868,0.785607676418312,0.7851696764755258,0.7942430850329216,0.7381302006852668,0.7446913580246913,0.7413962635201573,0.8313763861709067,0.8265239948119325,0.8289430894308943,0.8265239948119325,0.8559974030631048,0.8706880594385998,0.13586877639234152,0.42034954859630846,0.03348233753968054,2549,535,517,1508,5109,2025,3084,1.0
H1_TABULAR_RESIDUAL_EXPERT,1,3407,E1_EARLY_20PCT,0.5128452777862549,0.7221617700398985,0.7058227688017447,0.7271906004506814,0.7058227688017447,0.7077616358115022,0.715385236285359,0.7425955842757135,0.5667899712289355,0.6428904428904428,0.7117856166256494,0.8448555663745537,0.7726328287325616,0.8448555663745537,0.7676050719498619,0.7787546225870533,0.1856024276449985,0.5483231289497243,0.014127338229447848,2603,478,1054,1379,5514,2433,3081,1.0
H1_TABULAR_RESIDUAL_EXPERT,1,3407,E2_EARLY_35PCT,0.4967553913593292,0.7608449641644662,0.7373975267706128,0.7666455363576765,0.7373975267706128,0.7429205936369125,0.7539824908767742,0.7825311942959001,0.5935105903560163,0.6750384418247053,0.7507598784194529,0.8812844631852093,0.8108027454491197,0.8812844631852093,0.8061561073236632,0.8229781220395264,0.16407192651690128,0.494679592367287,0.028332611544163812,2717,366,902,1317,5302,2219,3083,1.0
H1_TABULAR_RESIDUAL_EXPERT,1,3407,L1_LATE_75PCT,0.394863486289978,0.8627692307692307,0.8362909988767877,0.864767379567829,0.8362909988767877,0.846934113346125,0.8599920258640306,0.8700527704485488,0.7364600781686209,0.7977018445721198,0.8594819886871092,0.9361219195849546,0.8961663821201303,0.9361219195849546,0.897121825794685,0.9129740430065011,0.10169437914416933,0.33186626198107394,0.02839354195732338,2887,197,472,1319,4875,1791,3084,1.0
H1_TABULAR_RESIDUAL_EXPERT,1,3407,M1_MIDDLE_FROZEN,0.42052173614501953,0.807790174202388,0.7847473219003699,0.8082232417704318,0.7847473219003699,0.7922093811141833,0.8040035625869557,0.8094955489614243,0.6735802469135802,0.7353099730458221,0.8069509345794392,0.8959143968871596,0.8491087891825445,0.8959143968871596,0.8538553880026246,0.8705730893020129,0.1351763158322766,0.41990965907091254,0.030793641535844157,2763,321,661,1364,5109,2025,3084,1.0
H1_TABULAR_RESIDUAL_EXPERT,1,7319,E1_EARLY_20PCT,0.5128452777862549,0.7129125861443598,0.7051101956984678,0.7091282592279049,0.7051101956984678,0.7063712768654699,0.7115216637582045,0.6882196634189548,0.6387176325524044,0.6625452995096994,0.730036855036855,0.771502758844531,0.7501972542212403,0.771502758844531,0.7634363919002694,0.7746768874849537,0.19076284495370627,0.5603716475668491,0.05615139838968839,2377,704,879,1554,5514,2433,3081,1.0
H1_TABULAR_RESIDUAL_EXPERT,1,7319,E2_EARLY_35PCT,0.4967553913593292,0.7597133157299132,0.7440652390663185,0.7565049380119615,0.7440652390663185,0.7478075425345634,0.7567368724310757,0.7446918694976696,0.6480396575033799,0.6930120481927711,0.7683180065262534,0.8400908206292572,0.8026030368763557,0.8400908206292572,0.8076559670109704,0.822011183163365,0.1642329573370463,0.4936799764766544,0.03163763220126519,2590,493,781,1438,5302,2219,3083,1.0
H1_TABULAR_RESIDUAL_EXPERT,1,7319,L1_LATE_75PCT,0.394863486289978,0.8518974358974359,0.8324971702437827,0.8450291612121685,0.8324971702437827,0.8378902011299119,0.8505289691371752,0.8237431859479104,0.7593523171412618,0.7902382335851249,0.8663151364764268,0.9056420233463035,0.8855421686746988,0.9056420233463035,0.8962334620566779,0.9127182243542254,0.10165236137767013,0.3273483911074104,0.014303397255448195,2793,291,431,1360,4875,1791,3084,1.0
H1_TABULAR_RESIDUAL_EXPERT,1,7319,M1_MIDDLE_FROZEN,0.42052173614501953,0.8015267175572519,0.7854095210645147,0.7952884030767855,0.7854095210645147,0.789336208046377,0.799840479463803,0.7725067385444744,0.7076543209876544,0.738659793814433,0.8180700676090965,0.8631647211413749,0.8400126222783212,0.8631647211413749,0.8538478723882041,0.8701918303950297,0.13454148123864274,0.4156428175446436,0.017572841794246636,2662,422,592,1433,5109,2025,3084,1.0
H1_TABULAR_RESIDUAL_EXPERT,2,42,E1_EARLY_20PCT,0.5003455877304077,0.7152915688752483,0.709577480959853,0.711811486244063,0.709577480959853,0.71039825083919,0.7145371823446893,0.6886151231945624,0.6576064908722109,0.6727536833367919,0.7350078492935636,0.7615484710474951,0.7480428183415881,0.7615484710474951,0.7765669362076477,0.7834496879540634,0.18717520028479026,0.5507358041053162,0.05393087582188214,2341,733,844,1621,5539,2465,3074,1.0
H1_TABULAR_RESIDUAL_EXPERT,2,42,E2_EARLY_35PCT,0.44745388627052307,0.7543498596819458,0.747786007671621,0.7487070824706694,0.747786007671621,0.7482198932612227,0.7541220072130699,0.7138392857142857,0.7040951122853368,0.7089337175792507,0.7835748792270532,0.791476903057905,0.7875060689431946,0.791476903057905,0.8184037323058809,0.8290142863813974,0.1622357576481445,0.48734737760417923,0.029719342772262583,2433,641,672,1599,5345,2271,3074,1.0
H1_TABULAR_RESIDUAL_EXPERT,2,42,L1_LATE_75PCT,0.48298126459121704,0.8670614662037982,0.8468972155473098,0.8652767453623984,0.8468972155473098,0.854363101392057,0.8653490311150779,0.85995085995086,0.7679648930334614,0.8113590263691683,0.870602630773937,0.9258295380611581,0.8973671764149456,0.9258295380611581,0.9093429847281205,0.9206769675843725,0.09779442617634723,0.31513472035966583,0.029072026754273964,2846,228,423,1400,4897,1823,3074,1.0
H1_TABULAR_RESIDUAL_EXPERT,2,42,M1_MIDDLE_FROZEN,0.4230407178401947,0.8038454068751214,0.795076388834453,0.7964126867737756,0.795076388834453,0.7957185222476135,0.80362383650553,0.7601367855398143,0.7498795180722891,0.754973313925279,0.8326885880077369,0.8402732595966168,0.8364637305699482,0.8402732595966168,0.8660669030518469,0.8765978945058047,0.13202868065203358,0.4084213795792446,0.028414772215172166,2583,491,519,1556,5149,2075,3074,1.0
H1_TABULAR_RESIDUAL_EXPERT,2,1201,E1_EARLY_20PCT,0.5003455877304077,0.70861166275501,0.7055283401584447,0.7051482259647366,0.7055283401584447,0.7053247156662985,0.7087465118663416,0.6709521896343913,0.6774847870182555,0.6742026645135244,0.739344262295082,0.7335718932986337,0.7364467668190725,0.7335718932986337,0.7745305439140769,0.7845132439712249,0.18897306057103172,0.5553374515804553,0.0657609147467775,2255,819,795,1670,5539,2465,3074,1.0
H1_TABULAR_RESIDUAL_EXPERT,2,1201,E2_EARLY_35PCT,0.44745388627052307,0.744621141253508,0.740478228645703,0.738929120181899,0.740478228645703,0.7396029353646512,0.7450336891769855,0.6942538593481989,0.7129018053720828,0.7034542689550294,0.783604381015599,0.7680546519193233,0.775751601774273,0.7680546519193233,0.8193981162937912,0.8293239817368553,0.16220942811929495,0.48676704100893653,0.04020064850316022,2361,713,652,1619,5345,2271,3074,1.0
H1_TABULAR_RESIDUAL_EXPERT,2,1201,L1_LATE_75PCT,0.48298126459121704,0.8682867061466204,0.8400598368779468,0.8765363967413748,0.8400598368779468,0.8527210834394713,0.8649526123381168,0.8974358974358975,0.7295666483817883,0.8048411497730711,0.8556368960468521,0.9505530253741054,0.9006010171058715,0.9505530253741054,0.9084753942977944,0.9198820750255803,0.09651453837166139,0.31202370191403583,0.01649419623561172,2922,152,493,1330,4897,1823,3074,1.0
H1_TABULAR_RESIDUAL_EXPERT,2,1201,M1_MIDDLE_FROZEN,0.4230407178401947,0.8001553699747523,0.7869741555682718,0.7941512325889559,0.7869741555682718,0.7899301018705912,0.7989222170431766,0.7698658410732714,0.7190361445783132,0.7435833540991776,0.8184366241046404,0.8549121665582303,0.8362768496420048,0.8549121665582303,0.8625823190648055,0.8731398201785672,0.13302991737994804,0.411123327059939,0.017214544151635997,2628,446,583,1492,5149,2075,3074,1.0
H1_TABULAR_RESIDUAL_EXPERT,2,2026,E1_EARLY_20PCT,0.5003455877304077,0.710236504784257,0.7083183436028933,0.7071491637071995,0.7083183436028933,0.70757937284965,0.7106441329787707,0.6688923802042419,0.6908722109533468,0.6797046497705049,0.7454059472101571,0.7257644762524398,0.7354540959287951,0.7257644762524398,0.7777710639372146,0.7847097491095243,0.1896316294383042,0.5570248269554678,0.07607534560666636,2231,843,762,1703,5539,2465,3074,1.0
H1_TABULAR_RESIDUAL_EXPERT,2,2026,E2_EARLY_35PCT,0.44745388627052307,0.759401309635173,0.7522927053708508,0.7539763360777623,0.7522927053708508,0.7530528217853938,0.7590012882304029,0.7221470455570591,0.7049757815940114,0.7134581105169341,0.7858056265984654,0.7996096291476903,0.7926475330538536,0.7996096291476903,0.8241082458506215,0.8336292055612233,0.1594840094676001,0.4814568419598043,0.03525197740062249,2458,616,670,1601,5345,2271,3074,1.0
H1_TABULAR_RESIDUAL_EXPERT,2,2026,L1_LATE_75PCT,0.48298126459121704,0.8668572595466613,0.8356843142510344,0.8792742758545327,0.8356843142510344,0.849968516753786,0.8628278090446484,0.9091544374563243,0.7136588041689522,0.7996312231100184,0.8493941142527409,0.9577098243331165,0.9003058103975535,0.9577098243331165,0.9104255179848284,0.9220707285744826,0.09612049243127099,0.31175766607327454,0.02142491018635802,2944,130,522,1301,4897,1823,3074,1.0
H1_TABULAR_RESIDUAL_EXPERT,2,2026,M1_MIDDLE_FROZEN,0.4230407178401947,0.8123907554865022,0.7943239450972399,0.8113496617105722,0.7943239450972399,0.8001767820176966,0.809761824826288,0.8078845086063298,0.7012048192771084,0.7507739938080495,0.8148148148148148,0.8874430709173715,0.8495795702273435,0.8874430709173715,0.8676033253225669,0.8785244295333579,0.1302260828848192,0.4040620881077563,0.015746292809903875,2728,346,620,1455,5149,2075,3074,1.0
H1_TABULAR_RESIDUAL_EXPERT,2,3407,E1_EARLY_20PCT,0.5003455877304077,0.7223325510019859,0.7137108193960733,0.7202790054234052,0.7137108193960733,0.7153256635843311,0.7202361289897992,0.710204081632653,0.6352941176470588,0.6706638115631691,0.7303539292141572,0.7921275211450879,0.7599875156054932,0.7921275211450879,0.7765524785687745,0.7833833064332008,0.18511609807881127,0.5467721021419596,0.03280437277809208,2435,639,899,1566,5539,2465,3074,1.0
H1_TABULAR_RESIDUAL_EXPERT,2,3407,E2_EARLY_35PCT,0.44745388627052307,0.7592142188961647,0.7507497435201046,0.754072716716862,0.7507497435201046,0.7521237264208614,0.7584220289182823,0.7267281105990784,0.6944077498899164,0.7102004053141184,0.7814173228346457,0.8070917371502928,0.7940470475276045,0.8070917371502928,0.8208868325518246,0.8299536860766297,0.1602818291520442,0.4828712242442391,0.015259739159631667,2481,593,694,1577,5345,2271,3074,1.0
H1_TABULAR_RESIDUAL_EXPERT,2,3407,L1_LATE_75PCT,0.48298126459121704,0.8699203594037166,0.8387938440036959,0.8832600350604352,0.8387938440036959,0.8533521681075052,0.8659443961218191,0.915266106442577,0.7169500822819528,0.8040602891418025,0.8512539636782934,0.9606376057254392,0.902644047073208,0.9606376057254392,0.9096037039584255,0.9205384034196172,0.0957199687486235,0.31037595197952367,0.012806167041744785,2953,121,516,1307,4897,1823,3074,1.0
H1_TABULAR_RESIDUAL_EXPERT,2,3407,M1_MIDDLE_FROZEN,0.4230407178401947,0.8094775684598952,0.793293695275572,0.8063830689723166,0.793293695275572,0.7981060091450001,0.8074023984703521,0.7953563714902808,0.7098795180722891,0.7501909854851031,0.8174097664543525,0.876707872478855,0.8460210328048972,0.876707872478855,0.8651696677430502,0.875460723832219,0.13122754600923942,0.4078457231483069,0.011101146362639456,2695,379,602,1473,5149,2075,3074,1.0
H1_TABULAR_RESIDUAL_EXPERT,2,7319,E1_EARLY_20PCT,0.5003455877304077,0.7214298609857375,0.7122143977955528,0.7197403813777965,0.7122143977955528,0.7139103057004161,0.7190098704763188,0.7118566176470589,0.6283975659229208,0.667528549881491,0.727624145108534,0.7960312296681847,0.7602920615193413,0.7960312296681847,0.7765603472805723,0.7853453224782612,0.1842857282664831,0.5443560565218478,0.03207799370563198,2447,627,916,1549,5539,2465,3074,1.0
H1_TABULAR_RESIDUAL_EXPERT,2,7319,E2_EARLY_35PCT,0.44745388627052307,0.7586529466791394,0.7459483195517468,0.7554873172841046,0.7459483195517468,0.7489461275430354,0.7563624698515906,0.7424616905585764,0.6613826508146191,0.6995808104331626,0.7685129440096328,0.8305139882888745,0.798311444652908,0.8305139882888745,0.8207844502427729,0.8307833602203909,0.15983062167693154,0.4818372531795798,0.017859883642327663,2553,521,769,1502,5345,2271,3074,1.0
H1_TABULAR_RESIDUAL_EXPERT,2,7319,L1_LATE_75PCT,0.48298126459121704,0.8680824994894834,0.8329768257903154,0.8880853560481367,0.8329768257903154,0.8496409400579408,0.8630930630018823,0.9330389992641648,0.6955567745474492,0.7969830295411691,0.8431317128321085,0.9703968770331816,0.9022988505747126,0.9703968770331816,0.9103861915590424,0.922249711004939,0.09631001256482696,0.31103490362056463,0.02469840387979015,2983,91,555,1268,4897,1823,3074,1.0
H1_TABULAR_RESIDUAL_EXPERT,2,7319,M1_MIDDLE_FROZEN,0.4230407178401947,0.8127791804233832,0.791830118130296,0.8149776455829086,0.791830118130296,0.7990251112326154,0.8092257906101782,0.821656050955414,0.683855421686747,0.746449237243556,0.8082992402104032,0.8998048145738452,0.8516009852216748,0.8998048145738452,0.8671262464115738,0.8777628144327472,0.13060329324091438,0.40566568941662273,0.017188478594764876,2766,308,656,1419,5149,2075,3074,1.0
M0_MLP,0,42,E1_EARLY_20PCT,0.47625651540392644,0.7034282604752403,0.6930342777138707,0.6991912030483884,0.6930342777138707,0.6946257171231036,0.7011053670906487,0.679445727482679,0.6098673300165838,0.6427791129560848,0.7189366786140979,0.7762012254111577,0.7464723212901225,0.7762012254111577,0.744168432404212,0.7627764648754507,0.19383292087520643,0.5738569842917979,0.04635433443399753,2407,694,941,1471,5513,2412,3101,1.0
M0_MLP,0,42,E2_EARLY_35PCT,0.4793155542599686,0.7573127005095301,0.7340196628249002,0.759472940962099,0.7340196628249002,0.7394628430312828,0.7511096498213432,0.7655976676384839,0.5976331360946746,0.6712678936605317,0.7533482142857143,0.8704061895551257,0.8076577924020341,0.8704061895551257,0.8029401038233668,0.8213393681730582,0.16309552683146825,0.4934147162110251,0.024360822920358703,2700,402,884,1313,5299,2197,3102,1.0
M0_MLP,0,42,L1_LATE_75PCT,0.5280424371822173,0.8757968332305162,0.8412718288030913,0.8904353508127093,0.8412718288030913,0.8576333391496539,0.8716559330255527,0.9238095238095239,0.7160704145371948,0.8067818298144593,0.8570611778158947,0.9664732430689877,0.9084848484848485,0.9664732430689877,0.9050275595700551,0.9181967926757515,0.09502805481175945,0.31125504305729595,0.015098550021931747,2998,104,500,1261,4863,1761,3102,1.0
M0_MLP,0,42,M1_MIDDLE_FROZEN,0.4628549719865981,0.8068359375,0.7813634414703516,0.808707830655354,0.7813634414703516,0.7896621467339641,0.8023869513753741,0.8139109212934716,0.6610505450941526,0.7295597484276729,0.8035047400172364,0.9016763378465507,0.8497645450402552,0.9016763378465507,0.8541933319817748,0.8698833324067915,0.13409928692149772,0.41629362517154345,0.017955794436415522,2797,305,684,1334,5120,2018,3102,1.0
M0_MLP,0,1201,E1_EARLY_20PCT,0.47625651540392644,0.7164883003809178,0.704735553127622,0.7137745708992103,0.704735553127622,0.706762833598314,0.7134369836114755,0.7024320457796852,0.6106965174129353,0.6533599467731205,0.7251170960187353,0.7987745888423089,0.7601657204235077,0.7987745888423089,0.7597369015151737,0.7765483022381375,0.187481134265644,0.5559670979212887,0.03273994615748076,2477,624,939,1473,5513,2412,3101,1.0
M0_MLP,0,1201,E2_EARLY_35PCT,0.4793155542599686,0.7588224193244009,0.7400233217619596,0.7564302678298493,0.7400233217619596,0.7445387657325373,0.7548553710802122,0.7485127095727421,0.6299499317250796,0.6841324765200197,0.7643478260869565,0.8500967117988395,0.804945054945055,0.8500967117988395,0.808852467082996,0.825143717753563,0.16110055688096525,0.4880208128410778,0.01915550224541152,2637,465,813,1384,5299,2197,3102,1.0
M0_MLP,0,1201,L1_LATE_75PCT,0.5280424371822173,0.8782644458153404,0.8455381866070909,0.8908322138368114,0.8455381866070909,0.861065511112072,0.8745452138806769,0.9202012940330697,0.7268597387847814,0.8121827411167513,0.861463133640553,0.9642166344294004,0.9099482811073928,0.9642166344294004,0.9089276334198707,0.9219953348410342,0.09322616456425632,0.3043210544952691,0.016011981923909496,2991,111,481,1280,4863,1761,3102,1.0
M0_MLP,0,1201,M1_MIDDLE_FROZEN,0.4628549719865981,0.808203125,0.7865611814750418,0.806215863178904,0.7865611814750418,0.7932718622373796,0.8050345721463044,0.8001158748551565,0.6843409316154608,0.7377136752136753,0.8123158515026517,0.8887814313346228,0.8488300492610837,0.8887814313346228,0.856697261839086,0.8710370367530396,0.13293126114492324,0.41214438833806055,0.020909665841625746,2757,345,637,1381,5120,2018,3102,1.0
M0_MLP,0,2026,E1_EARLY_20PCT,0.47625651540392644,0.7195719209142027,0.7089044191062317,0.7163956257871487,0.7089044191062317,0.7108215356119371,0.7171083087853063,0.7021475256769374,0.6235489220563848,0.660518225735617,0.7306437258973598,0.7942599161560787,0.7611248454882571,0.7942599161560787,0.7542828918316242,0.7740072613392246,0.18991171146483718,0.5676857307651823,0.046566152566382996,2463,638,908,1504,5513,2412,3101,1.0
M0_MLP,0,2026,E2_EARLY_35PCT,0.4793155542599686,0.7641064351764484,0.7489187236448975,0.7595979364436646,0.7489187236448975,0.7524683099644235,0.7616349795178461,0.742447516641065,0.6599908966772872,0.6987951807228916,0.7767483562462641,0.837846550612508,0.8061414392059554,0.837846550612508,0.810412573498116,0.8288799831667765,0.16029038196813034,0.48668259300084876,0.022357863582112093,2599,503,747,1450,5299,2197,3102,1.0
M0_MLP,0,2026,L1_LATE_75PCT,0.5280424371822173,0.8737404894098293,0.8386780194565906,0.8885121513602872,0.8386780194565906,0.8551296606814318,0.8694481468115415,0.9220014716703459,0.7115275411697899,0.8032051282051282,0.8550228310502284,0.9658284977433914,0.9070541931577354,0.9658284977433914,0.9077872152380859,0.9215777697962627,0.09385904599078534,0.30595760466401817,0.013210709642570212,2996,106,508,1253,4863,1761,3102,1.0
M0_MLP,0,2026,M1_MIDDLE_FROZEN,0.4628549719865981,0.807421875,0.788340780812788,0.8031251532448269,0.788340780812788,0.7937992064876918,0.8050203103382557,0.7889137737961927,0.6982160555004956,0.7407991587802313,0.8173365326934613,0.8784655061250806,0.8467992541951522,0.8784655061250806,0.8571446400614543,0.8730492300437265,0.132626492233937,0.4114876332740778,0.02180554639073819,2725,377,609,1409,5120,2018,3102,1.0
M0_MLP,0,3407,E1_EARLY_20PCT,0.47625651540392644,0.7168510792671866,0.7044592687428172,0.7146160707619643,0.7044592687428172,0.7065687925369981,0.7134336138132578,0.7056549057515709,0.6053067993366501,0.6516402588707878,0.7235772357723578,0.8036117381489842,0.7614973262032085,0.8036117381489842,0.7604175025910062,0.7762956153340574,0.18764759755860683,0.5571301425986133,0.03331469111818592,2492,609,952,1460,5513,2412,3101,1.0
M0_MLP,0,3407,E2_EARLY_35PCT,0.4793155542599686,0.763351575769013,0.7459500925445782,0.7603382121518802,0.7459500925445782,0.7502198233774795,0.7600010875045066,0.749867514573397,0.6440600819299044,0.6929480901077375,0.7708089097303634,0.8478401031592521,0.8074915566472214,0.8478401031592521,0.8083190732757817,0.826800187935779,0.16109032796050182,0.4874945376826013,0.021044577883214573,2630,472,782,1415,5299,2197,3102,1.0
M0_MLP,0,3407,L1_LATE_75PCT,0.5280424371822173,0.8743573925560354,0.8443167951214636,0.8815838324082189,0.8443167951214636,0.8577411512925199,0.8711481185213853,0.8993055555555556,0.7353776263486655,0.8091221493283349,0.8638621092608822,0.9532559638942618,0.9063601532567049,0.9532559638942618,0.9087558075843987,0.922150205524014,0.09422249901127376,0.3063675453291787,0.02136768573035094,2957,145,466,1295,4863,1761,3102,1.0
M0_MLP,0,3407,M1_MIDDLE_FROZEN,0.4628549719865981,0.809375,0.7900392278647556,0.805549440969789,0.7900392278647556,0.7957142642227206,0.8068987336959615,0.7930258717660292,0.6987115956392468,0.7428872497365648,0.8180730101735487,0.8813668600902643,0.8485412787088765,0.8813668600902643,0.8584676232382817,0.8757159133242468,0.1323356739965253,0.4099269325350667,0.023686981735373612,2734,368,608,1410,5120,2018,3102,1.0
M0_MLP,0,7319,E1_EARLY_20PCT,0.47625651540392644,0.7159441320515146,0.7035149015751084,0.713666050930202,0.7035149015751084,0.7056081822050544,0.7125021506892858,0.7045454545454546,0.6040630182421227,0.6504464285714285,0.7227866473149492,0.8029667849080941,0.7607699358386801,0.8029667849080941,0.7533366751363556,0.7705261984177788,0.19109006712503376,0.5690477850010703,0.04147155438899099,2490,611,955,1457,5513,2412,3101,1.0
M0_MLP,0,7319,E2_EARLY_35PCT,0.4793155542599686,0.7637290054727307,0.7474012097265277,0.7599453148366846,0.7474012097265277,0.7513354616761854,0.7608165750623844,0.7462219906201146,0.651797906235776,0.6958211856171039,0.7736686390532544,0.8430045132172792,0.8068497377352669,0.8430045132172792,0.8114897564926283,0.8270604924891718,0.1607470489724398,0.48949075193910635,0.02613577827485683,2615,487,765,1432,5299,2197,3102,1.0
M0_MLP,0,7319,L1_LATE_75PCT,0.5280424371822173,0.8725066831174172,0.8434798344091903,0.8777961701308544,0.8434798344091903,0.8560783834511096,0.8694869956559292,0.8910212474297464,0.7382169222032936,0.8074534161490683,0.8645710928319624,0.9487427466150871,0.9047033507531509,0.9487427466150871,0.9076644653536954,0.9202249395986031,0.09477216937688479,0.3093385150015598,0.02286388660970039,2943,159,461,1300,4863,1761,3102,1.0
M0_MLP,0,7319,M1_MIDDLE_FROZEN,0.4628549719865981,0.8060546875,0.7871258927550179,0.801457388742719,0.7871258927550179,0.7924466596741409,0.8036984538489932,0.7861529871580123,0.6977205153617443,0.7393016539774219,0.8167617903274257,0.8765312701482915,0.84559166537086,0.8765312701482915,0.8577553442534611,0.8712475854000009,0.1330205223484072,0.4140552270211003,0.023993331130019852,2719,383,610,1408,5120,2018,3102,1.0
M0_MLP,1,42,E1_EARLY_20PCT,0.48138871332957917,0.705114254624592,0.6925994450694384,0.703512564305152,0.6925994450694384,0.6943235972984123,0.7010729659734745,0.6973105134474328,0.5861076859843815,0.6368914694059848,0.7097146151628712,0.7990912041544953,0.7517557251908397,0.7990912041544953,0.7477084693170473,0.7579949528239653,0.1982218747907723,0.5953072410947575,0.06505696950346482,2462,619,1007,1426,5514,2433,3081,1.0
M0_MLP,1,42,E2_EARLY_35PCT,0.5047597660498634,0.7538664654847227,0.7293130261064726,0.7599975272598061,0.7293130261064726,0.7345864153751311,0.7462434925582573,0.7762998790810157,0.5786390265885534,0.6630518977536793,0.7436951754385965,0.8799870256243918,0.8061209329965829,0.8799870256243918,0.8013049834066672,0.8134198252727565,0.16965714004783042,0.5200353053339467,0.055856191121829095,2713,370,935,1284,5302,2219,3083,1.0
M0_MLP,1,42,L1_LATE_75PCT,0.4373657367194228,0.8596923076923076,0.8343272784154234,0.8596806765114224,0.8343272784154234,0.8440262692599141,0.8571370703557619,0.8596491228070176,0.7386934673366834,0.7945945945945946,0.8597122302158273,0.9299610894941635,0.8934579439252337,0.9299610894941635,0.8986869541193641,0.9130647472844842,0.10157713102184647,0.33664281510217836,0.03467005852630285,2868,216,468,1323,4875,1791,3084,1.0
M0_MLP,1,42,M1_MIDDLE_FROZEN,0.4840611678496037,0.8054413779604619,0.7811908536292453,0.8068139528788951,0.7811908536292453,0.7890286240152986,0.8012258916840199,0.8107293550331525,0.6641975308641975,0.7301845819761129,0.8028985507246377,0.8981841763942932,0.8478726660544842,0.8981841763942932,0.8496918974666168,0.8638359673984404,0.1386842133948215,0.434858520430858,0.04260254685892281,2770,314,680,1345,5109,2025,3084,1.0
M0_MLP,1,1201,E1_EARLY_20PCT,0.48138871332957917,0.7110990206746464,0.6995540865197017,0.7091892272873219,0.6995540865197017,0.7013751636923578,0.7077078866315768,0.7013422818791947,0.6013152486642006,0.6474883823854836,0.7170361726954493,0.7977929243752029,0.7552619449992318,0.7977929243752029,0.7538875805156137,0.7722644243192403,0.18954248811952326,0.5607261851617208,0.02631559015728792,2458,623,970,1463,5514,2433,3081,1.0
M0_MLP,1,1201,E2_EARLY_35PCT,0.5047597660498634,0.7538664654847227,0.7310179958799488,0.7574605542153916,0.7310179958799488,0.7361190994294977,0.7472708988998354,0.7675644028103045,0.590806669671023,0.6676852559205501,0.7473567056204786,0.8712293220888745,0.8045529429384454,0.8712293220888745,0.8045870257304104,0.8192938145000487,0.1649201057423541,0.49624155428758715,0.026222376817044587,2686,397,908,1311,5302,2219,3083,1.0
M0_MLP,1,1201,L1_LATE_75PCT,0.4373657367194228,0.8594871794871795,0.8303026155420423,0.8639299958468596,0.8303026155420423,0.8422853539975039,0.8561002362075352,0.8751696065128901,0.7202680067001676,0.7901990811638591,0.8526903851808292,0.940337224383917,0.8943716268311488,0.940337224383917,0.8960620712206327,0.9111836745334976,0.10264551089744363,0.3345762316117343,0.02948762656930643,2900,184,501,1290,4875,1791,3084,1.0
M0_MLP,1,1201,M1_MIDDLE_FROZEN,0.4840611678496037,0.8052456449403014,0.7768741893644617,0.8120898546570707,0.7768741893644617,0.7862783202651611,0.7994756900621214,0.8297055057618438,0.64,0.7226094229160859,0.7944742035522977,0.9137483787289234,0.8499472176142362,0.9137483787289234,0.8523070676347801,0.8667499319466461,0.13618434278991196,0.42205188561752566,0.03593194126904815,2818,266,729,1296,5109,2025,3084,1.0
M0_MLP,1,2026,E1_EARLY_20PCT,0.48138871332957917,0.7161770039898441,0.7029310547002411,0.7162606411109405,0.7029310547002411,0.7049196001390632,0.7116928570520678,0.716566866267465,0.5902178380600083,0.6472842010367366,0.715954415954416,0.8156442713404739,0.7625549992413898,0.8156442713404739,0.7630209633631561,0.7723227215103162,0.18999269163372598,0.565426825382177,0.04258020050658246,2513,568,997,1436,5514,2433,3081,1.0
M0_MLP,1,2026,E2_EARLY_35PCT,0.5047597660498634,0.7580158430780838,0.7356594486592001,0.7616746523314246,0.7356594486592001,0.7408923441827707,0.7517468585228664,0.772093023255814,0.5984677782785038,0.6742828128966742,0.7512562814070352,0.8728511190398962,0.8075018754688672,0.8728511190398962,0.805319115656915,0.8173504354586937,0.1657488419555239,0.5009674476315845,0.036323230769315935,2691,392,891,1328,5302,2219,3083,1.0
M0_MLP,1,2026,L1_LATE_75PCT,0.4373657367194228,0.8566153846153847,0.8365772333348541,0.8510456600086787,0.8365772333348541,0.8426992873835146,0.8551086071909683,0.8341493268053856,0.7610273590173088,0.7959124087591241,0.8679419932119716,0.9121271076523995,0.8894861660079051,0.9121271076523995,0.8990052686910799,0.9136766843295595,0.10101949633538901,0.3286722718047798,0.019660658658410497,2813,271,428,1363,4875,1791,3084,1.0
M0_MLP,1,2026,M1_MIDDLE_FROZEN,0.4840611678496037,0.8032883147386964,0.7808488254791757,0.8022910591301111,0.7808488254791757,0.7878066316076455,0.7996871406190824,0.7992957746478874,0.6725925925925926,0.7304907481898633,0.8052863436123348,0.8891050583657587,0.8451225150254277,0.8891050583657587,0.853236102552718,0.8669182238875278,0.13538949386386967,0.42052285203879586,0.02947711174391526,2742,342,663,1362,5109,2025,3084,1.0
M0_MLP,1,3407,E1_EARLY_20PCT,0.48138871332957917,0.7091040986579615,0.6987198497133099,0.7062728403553067,0.6987198497133099,0.7003971058036904,0.7063993732181242,0.6936011209715086,0.6103575832305795,0.6493222562308701,0.7189445597391046,0.7870821161960403,0.7514719553765107,0.7870821161960403,0.7515735769268724,0.7645047613597147,0.19371123797348372,0.5745014869553287,0.04235645195059417,2425,656,948,1485,5514,2433,3081,1.0
M0_MLP,1,3407,E2_EARLY_35PCT,0.5047597660498634,0.7544322897019993,0.7337778279965568,0.7553216234230136,0.7337778279965568,0.7385701379345446,0.7490639351222023,0.7580191333708497,0.6070301937809824,0.6741741741741741,0.7526241134751773,0.860525462212131,0.8029661016949152,0.860525462212131,0.8025913408539626,0.8143032989791084,0.16725806051277528,0.5046401904963159,0.0381436401548888,2653,430,872,1347,5302,2219,3083,1.0
M0_MLP,1,3407,L1_LATE_75PCT,0.4373657367194228,0.8603076923076923,0.8378568697356215,0.8575135504418214,0.8378568697356215,0.845785242569205,0.8583370657723228,0.8494962216624685,0.7532104969290899,0.7984610831606984,0.8655308792211743,0.9225032425421531,0.8931094019777115,0.9225032425421531,0.8987587881343382,0.9128617941994162,0.10076597159256019,0.3310751642292439,0.02421558070577151,2845,239,442,1349,4875,1791,3084,1.0
M0_MLP,1,3407,M1_MIDDLE_FROZEN,0.4840611678496037,0.8023096496378939,0.7813947735024258,0.7996985003294854,0.7813947735024258,0.7876351662129162,0.7992064826291868,0.7914991384261918,0.6804938271604938,0.7318109399893786,0.8078978622327792,0.882295719844358,0.8434593924364538,0.882295719844358,0.8494244591016098,0.8632704039967334,0.13780146591480785,0.4293705111977216,0.03147037891037747,2721,363,647,1378,5109,2025,3084,1.0
M0_MLP,1,7319,E1_EARLY_20PCT,0.48138871332957917,0.7078346028291621,0.7006958843650535,0.7037192761804478,0.7006958843650535,0.7017275220416581,0.70674322337284,0.6793193717277487,0.6399506781750924,0.659047619047619,0.7281191806331471,0.7614410905550146,0.7444074250356972,0.7614410905550146,0.7589430217408775,0.7717720331699011,0.1908866872750116,0.562135751137085,0.040256459500253784,2346,735,876,1557,5514,2433,3081,1.0
M0_MLP,1,7319,E2_EARLY_35PCT,0.5047597660498634,0.7572614107883817,0.7341898185063769,0.7618040549108502,0.7341898185063769,0.7394846153238239,0.7505742552381762,0.7744405182567726,0.5926092834610185,0.6714322185345928,0.7491675915649278,0.8757703535517353,0.8075370121130552,0.8757703535517353,0.8072687977594569,0.8194643991816029,0.16404060549651356,0.4943452820874273,0.022547980530305003,2700,383,904,1315,5302,2219,3083,1.0
M0_MLP,1,7319,L1_LATE_75PCT,0.4373657367194228,0.8605128205128205,0.8298257391583946,0.8672697465242134,0.8298257391583946,0.8427856094625705,0.8567876155028719,0.8838977194194886,0.7141261864879955,0.7899938233477455,0.8506417736289381,0.9455252918287937,0.8955773955773956,0.9455252918287937,0.8960841250651055,0.9125889571796149,0.10307024244975554,0.334258332400265,0.032898067116659664,2916,168,512,1279,4875,1791,3084,1.0
M0_MLP,1,7319,M1_MIDDLE_FROZEN,0.4840611678496037,0.805049911920141,0.7755250516404861,0.8136444170620606,0.7755250516404861,0.7853151231432323,0.7988071446504926,0.8351791530944626,0.6330864197530864,0.7202247191011236,0.7921096810296586,0.9179636835278858,0.8504055271853409,0.9179636835278858,0.8518002579757081,0.8656612384109141,0.13628547265533228,0.4233480664385079,0.03356354832995951,2831,253,743,1282,5109,2025,3084,1.0
M0_MLP,2,42,E1_EARLY_20PCT,0.47293734785093505,0.7154721068784979,0.7060029086455663,0.7136228288995781,0.7060029086455663,0.7076327475715617,0.712896440865855,0.705122288878634,0.6198782961460446,0.6597582037996546,0.722123368920522,0.7921275211450879,0.7555072913434688,0.7921275211450879,0.7693252403917018,0.7769533389377108,0.18732956506976056,0.5582137954175072,0.036166179686158026,2435,639,937,1528,5539,2465,3074,1.0
M0_MLP,2,42,E2_EARLY_35PCT,0.45529954205218676,0.7618334892422826,0.7464129342073561,0.76123364728958,0.7464129342073561,0.750315409043173,0.7583720452800066,0.7590861889927311,0.6437692646411273,0.6966881105551584,0.7633811055864288,0.8490566037735849,0.8039427075311875,0.8490566037735849,0.8174899479022787,0.8275741027071271,0.1615610047867114,0.48968440916388584,0.02189131875522332,2610,464,809,1462,5345,2271,3074,1.0
M0_MLP,2,42,L1_LATE_75PCT,0.5158668452029939,0.8697161527465795,0.838742808136188,0.8827299275017813,0.838742808136188,0.8531900516701156,0.8657732241878614,0.9140461215932913,0.7174986286341196,0.8039336201598033,0.8514137334102712,0.9599869876382563,0.9024464831804281,0.9599869876382563,0.9087174681124343,0.9193269261311137,0.09657430916310289,0.31513185389515075,0.01813713625587481,2951,123,515,1308,4897,1823,3074,1.0
M0_MLP,2,42,M1_MIDDLE_FROZEN,0.44732885504264835,0.8110312682074189,0.7913842487712724,0.811434653497532,0.7913842487712724,0.7979102941056051,0.8079010358188004,0.8127128263337117,0.6901204819277108,0.7464164712014595,0.8101564806613523,0.8926480156148341,0.8494041170097508,0.8926480156148341,0.8652937192125622,0.8748174741908428,0.13171150341873408,0.4127674742196471,0.016342481968471628,2744,330,643,1432,5149,2075,3074,1.0
M0_MLP,2,1201,E1_EARLY_20PCT,0.47293734785093505,0.7192634049467412,0.7094990240728692,0.7178676566456457,0.7094990240728692,0.7112274571026775,0.7165238772726286,0.7116279069767442,0.6206896551724138,0.6630552546045504,0.7241074063145471,0.7983083929733247,0.7593996596008046,0.7983083929733247,0.76825563077238,0.7803279088765157,0.18641089702722263,0.554179637665143,0.027077615154435356,2454,620,935,1530,5539,2465,3074,1.0
M0_MLP,2,1201,E2_EARLY_35PCT,0.45529954205218676,0.7534144059869037,0.7396110959749058,0.750594299637278,0.7396110959749058,0.742816828393899,0.7506600125479844,0.7395676219205631,0.647732276530163,0.6906103286384977,0.7616209773539928,0.8314899154196487,0.7950233281493001,0.8314899154196487,0.8122527340787187,0.8230348168055999,0.1637908078830423,0.4930953740648152,0.02177748092287646,2556,518,800,1471,5345,2271,3074,1.0
M0_MLP,2,1201,L1_LATE_75PCT,0.5158668452029939,0.8676740861752094,0.8354419831039158,0.8821673247612298,0.8354419831039158,0.8504242273406036,0.8634005192240021,0.9163713678242381,0.7092704333516182,0.7996289424860853,0.8479632816982214,0.9616135328562134,0.901219512195122,0.9616135328562134,0.9098790118359822,0.9208908364207653,0.09582526972521595,0.31048475920229196,0.011066406180918075,2956,118,530,1293,4897,1823,3074,1.0
M0_MLP,2,1201,M1_MIDDLE_FROZEN,0.44732885504264835,0.8034569819382404,0.7855105784229959,0.8011066326199934,0.7855105784229959,0.7909168095118866,0.8008514901256276,0.7931605074462217,0.6930120481927711,0.7397119341563786,0.809052757793765,0.8780091086532206,0.8421216848673947,0.8780091086532206,0.8621628877179259,0.8746876641242916,0.13311154867776548,0.41192195040196133,0.02016431292673534,2699,375,637,1438,5149,2075,3074,1.0
M0_MLP,2,2026,E1_EARLY_20PCT,0.47293734785093505,0.7217909369922368,0.7104902598645184,0.7220287420388373,0.7104902598645184,0.7123786797487051,0.7180993031631869,0.722972972972973,0.6077079107505071,0.6603482477407979,0.7210845111047015,0.8132726089785296,0.7644091117566122,0.8132726089785296,0.7741120674902126,0.783941412699062,0.18459521713212973,0.5501440353680376,0.02172132392177508,2500,574,967,1498,5539,2465,3074,1.0
M0_MLP,2,2026,E2_EARLY_35PCT,0.45529954205218676,0.7635173058933583,0.7432758004736821,0.7693988340316074,0.7432758004736821,0.7482319053327399,0.757551705370839,0.7865680136596471,0.6085424922941436,0.6861966236345581,0.7522296544035675,0.8780091086532206,0.8102671870309216,0.8780091086532206,0.8181511113213498,0.8290867682731003,0.1617163143062598,0.48951566379130834,0.032279593656446295,2699,375,889,1382,5345,2271,3074,1.0
M0_MLP,2,2026,L1_LATE_75PCT,0.5158668452029939,0.8652236062895651,0.834271459422381,0.8767532109685802,0.834271459422381,0.8482679556299189,0.8612255115097095,0.9046624913013221,0.7131102578167855,0.7975460122699386,0.8488439306358382,0.9554326610279765,0.898989898989899,0.9554326610279765,0.9080375542600636,0.9202714465741907,0.09711179209913458,0.31275157967399014,0.01199174573608154,2937,137,523,1300,4897,1823,3074,1.0
M0_MLP,2,2026,M1_MIDDLE_FROZEN,0.44732885504264835,0.8125849679549427,0.7908843702722406,0.815696532446929,0.7908843702722406,0.7983958611139343,0.8087728140672048,0.8249414519906323,0.6790361445783133,0.7449114459423738,0.8064516129032258,0.9027325959661678,0.851880276285495,0.9027325959661678,0.8631560464521547,0.8731175580657047,0.1327553076729753,0.4120315879715469,0.01935408534974897,2775,299,666,1409,5149,2075,3074,1.0
M0_MLP,2,3407,E1_EARLY_20PCT,0.47293734785093505,0.7179996389239935,0.7108519269776876,0.7149918495571148,0.7108519269776876,0.7120986146794095,0.7166304227058302,0.6979395002192021,0.645841784989858,0.6708807416772019,0.7320441988950276,0.7758620689655172,0.7533164876816172,0.7758620689655172,0.7711186877497992,0.7796250961740225,0.18759293560347734,0.5590424848758805,0.04216446415213988,2385,689,873,1592,5539,2465,3074,1.0
M0_MLP,2,3407,E2_EARLY_35PCT,0.45529954205218676,0.7564078578110384,0.7460094134782512,0.7518115304536523,0.7460094134782512,0.7481297907959967,0.7549897369395245,0.730166270783848,0.6767943637164244,0.7024680073126143,0.7734567901234568,0.815224463240078,0.7937915742793792,0.815224463240078,0.8165226346934544,0.8254265759869498,0.1622735514370545,0.4914750375766318,0.02263951727635559,2506,568,734,1537,5345,2271,3074,1.0
M0_MLP,2,3407,L1_LATE_75PCT,0.5158668452029939,0.8668572595466613,0.8399258231139659,0.8728736887641351,0.8399258231139659,0.8516689337852704,0.8637943935986079,0.8885202388852024,0.734503565551289,0.8042042042042042,0.8572271386430679,0.9453480806766428,0.8991336633663366,0.9453480806766428,0.9069757745789927,0.9172703234282112,0.09810052079609309,0.31731138040776163,0.021911975035742166,2906,168,484,1339,4897,1823,3074,1.0
M0_MLP,2,3407,M1_MIDDLE_FROZEN,0.44732885504264835,0.8059817440279666,0.7909140792186312,0.8016633990434481,0.7909140792186312,0.795033858048308,0.8042245623287103,0.7855626326963907,0.7132530120481928,0.7476635514018691,0.8177641653905053,0.8685751463890696,0.8424041646947468,0.8685751463890696,0.8654995350939287,0.8753859419460537,0.13162153663513348,0.40919880618282833,0.01630644019796741,2670,404,595,1480,5149,2075,3074,1.0
M0_MLP,2,7319,E1_EARLY_20PCT,0.47293734785093505,0.71998555695974,0.710149642160052,0.7186934945555635,0.710149642160052,0.7118987253137117,0.7172057085814177,0.7129543336439889,0.6206896551724138,0.6636304489264802,0.7244326554671382,0.7996096291476903,0.7601670017009432,0.7996096291476903,0.7685962211611805,0.7762493384942877,0.18828849689770108,0.5611249486820358,0.03658675852924904,2458,616,935,1530,5539,2465,3074,1.0
M0_MLP,2,7319,E2_EARLY_35PCT,0.45529954205218676,0.7612722170252573,0.7444296377022724,0.7621389164898464,0.7444296377022724,0.7486672423303234,0.7571232111524051,0.7650506126798082,0.6323205636283575,0.6923818707810994,0.7592272202998847,0.8565387117761873,0.8049526138795475,0.8565387117761873,0.8138837453228642,0.8238878398591387,0.16377467657905,0.4974745304812642,0.029032159458156438,2633,441,835,1436,5345,2271,3074,1.0
M0_MLP,2,7319,L1_LATE_75PCT,0.5158668452029939,0.865019399632428,0.8291975841119277,0.8852584865666343,0.8291975841119277,0.8459229681718765,0.8597800654788079,0.9303703703703704,0.6889742183214481,0.7916797982981406,0.8401466027628982,0.9694209499024072,0.9001661380456124,0.9694209499024072,0.9069842409737774,0.9191331325922545,0.09859991704665677,0.32027003886548094,0.03242271273143863,2980,94,567,1256,4897,1823,3074,1.0
M0_MLP,2,7319,M1_MIDDLE_FROZEN,0.44732885504264835,0.8108370557389785,0.790595119580469,0.8118767976142522,0.790595119580469,0.7973790599529592,0.8075105880541146,0.8151116199198626,0.6862650602409639,0.7451596023024595,0.808641975308642,0.894925178919974,0.849598517603459,0.894925178919974,0.8606729301400042,0.8714678100822287,0.13444069768265848,0.4186014782139395,0.025364905303425743,2751,323,651,1424,5149,2075,3074,1.0
