model_family,track,outer_fold,training_seed,record_id,true_label,raw_g3,predicted_label,probability_low,probability_medium,probability_high,predicted_g3_raw,fixed_m4_config_checksum
M0,late_stage,0,42,student-mat:dataset-version:1:source-row:4,1,10.0,0,0.4860972762107849,0.22345012426376343,0.29045265913009644,,
M0,late_stage,0,42,student-mat:dataset-version:1:source-row:6,1,11.0,0,0.37632882595062256,0.36962661147117615,0.2540445625782013,,
M0,late_stage,0,42,student-mat:dataset-version:1:source-row:13,1,11.0,0,0.46163490414619446,0.2841392457485199,0.25422587990760803,,
M0,late_stage,0,42,student-mat:dataset-version:1:source-row:21,2,15.0,1,0.34136316180229187,0.4028387665748596,0.2557981610298157,,
M0,late_stage,0,42,student-mat:dataset-version:1:source-row:23,1,12.0,1,0.3427571654319763,0.4022808074951172,0.2549620270729065,,
M0,late_stage,0,42,student-mat:dataset-version:1:source-row:26,1,11.0,0,0.37632882595062256,0.36962661147117615,0.2540445625782013,,
M0,late_stage,0,42,student-mat:dataset-version:1:source-row:27,2,15.0,1,0.3135402202606201,0.45715177059173584,0.22930802404880524,,
M0,late_stage,0,42,student-mat:dataset-version:1:source-row:36,2,18.0,1,0.3135402202606201,0.45715177059173584,0.22930802404880524,,
M0,late_stage,0,42,student-mat:dataset-version:1:source-row:49,0,7.0,0,0.5359599590301514,0.22848789393901825,0.23555217683315277,,
M0,late_stage,0,42,student-mat:dataset-version:1:source-row:58,0,9.0,0,0.4662535488605499,0.2645883560180664,0.2691580355167389,,
M0,late_stage,0,42,student-mat:dataset-version:1:source-row:60,1,11.0,0,0.4425947070121765,0.28986433148384094,0.2675410211086273,,
M0,late_stage,0,42,student-mat:dataset-version:1:source-row:62,0,9.0,0,0.46512508392333984,0.2549925446510315,0.2798823416233063,,
M0,late_stage,0,42,student-mat:dataset-version:1:source-row:65,2,15.0,1,0.29181399941444397,0.48377877473831177,0.22440722584724426,,
M0,late_stage,0,42,student-mat:dataset-version:1:source-row:71,1,10.0,0,0.46163490414619446,0.2841392457485199,0.25422587990760803,,
M0,late_stage,0,42,student-mat:dataset-version:1:source-row:78,1,10.0,0,0.5102378726005554,0.24553640186786652,0.2442256212234497,,
M0,late_stage,0,42,student-mat:dataset-version:1:source-row:80,1,12.0,0,0.4174748659133911,0.30291199684143066,0.2796131372451782,,
M0,late_stage,0,42,student-mat:dataset-version:1:source-row:82,0,6.0,0,0.5451476573944092,0.23558540642261505,0.21926692128181458,,
M0,late_stage,0,42,student-mat:dataset-version:1:source-row:84,1,10.0,0,0.4662535488605499,0.2645883560180664,0.2691580355167389,,
M0,late_stage,0,42,student-mat:dataset-version:1:source-row:93,1,10.0,0,0.4314294457435608,0.32154381275177,0.24702675640583038,,
M0,late_stage,0,42,student-mat:dataset-version:1:source-row:95,1,10.0,0,0.47582152485847473,0.23886452615261078,0.2853139638900757,,
M0,late_stage,0,42,student-mat:dataset-version:1:source-row:99,0,8.0,0,0.5027901530265808,0.2320200651884079,0.2651897966861725,,
M0,late_stage,0,42,student-mat:dataset-version:1:source-row:101,2,17.0,1,0.2973513901233673,0.48504698276519775,0.21760161221027374,,
M0,late_stage,0,42,student-mat:dataset-version:1:source-row:123,1,13.0,1,0.3308712840080261,0.4403265416622162,0.22880224883556366,,
M0,late_stage,0,42,student-mat:dataset-version:1:source-row:130,0,0.0,1,0.3649630546569824,0.45652636885643005,0.17851059138774872,,
M0,late_stage,0,42,student-mat:dataset-version:1:source-row:135,0,0.0,1,0.3957652449607849,0.41677290201187134,0.18746189773082733,,
M0,late_stage,0,42,student-mat:dataset-version:1:source-row:138,1,12.0,1,0.3274633288383484,0.4346200227737427,0.23791669309139252,,
M0,late_stage,0,42,student-mat:dataset-version:1:source-row:140,0,0.0,0,0.5027901530265808,0.2320200651884079,0.2651897966861725,,
M0,late_stage,0,42,student-mat:dataset-version:1:source-row:150,0,0.0,0,0.5710533261299133,0.2180345505475998,0.21091215312480927,,
M0,late_stage,0,42,student-mat:dataset-version:1:source-row:157,1,10.0,0,0.49504372477531433,0.2676520049571991,0.23730424046516418,,
M0,late_stage,0,42,student-mat:dataset-version:1:source-row:162,0,0.0,0,0.5239289402961731,0.2920014560222626,0.1840696632862091,,
M0,late_stage,0,42,student-mat:dataset-version:1:source-row:165,1,12.0,0,0.38654765486717224,0.36690783500671387,0.24654455482959747,,
M0,late_stage,0,42,student-mat:dataset-version:1:source-row:173,0,0.0,0,0.5189026594161987,0.2538081705570221,0.22728922963142395,,
M0,late_stage,0,42,student-mat:dataset-version:1:source-row:176,1,11.0,1,0.3427571654319763,0.4022808074951172,0.2549620270729065,,
M0,late_stage,0,42,student-mat:dataset-version:1:source-row:179,1,11.0,0,0.46163490414619446,0.2841392457485199,0.25422587990760803,,
M0,late_stage,0,42,student-mat:dataset-version:1:source-row:180,0,8.0,0,0.49504372477531433,0.2676520049571991,0.23730424046516418,,
M0,late_stage,0,42,student-mat:dataset-version:1:source-row:182,2,17.0,1,0.2973513901233673,0.48504698276519775,0.21760161221027374,,
M0,late_stage,0,42,student-mat:dataset-version:1:source-row:195,2,15.0,1,0.32958364486694336,0.42952269315719604,0.24089369177818298,,
M0,late_stage,0,42,student-mat:dataset-version:1:source-row:205,0,9.0,0,0.4670471251010895,0.28595396876335144,0.24699890613555908,,
M0,late_stage,0,42,student-mat:dataset-version:1:source-row:209,0,7.0,0,0.5359599590301514,0.22848789393901825,0.23555217683315277,,
M0,late_stage,0,42,student-mat:dataset-version:1:source-row:210,0,8.0,0,0.5102378726005554,0.24553640186786652,0.2442256212234497,,
M0,late_stage,0,42,student-mat:dataset-version:1:source-row:216,0,4.0,0,0.5612018704414368,0.21229077875614166,0.22650733590126038,,
M0,late_stage,0,42,student-mat:dataset-version:1:source-row:220,0,6.0,0,0.5612018704414368,0.21229077875614166,0.22650733590126038,,
M0,late_stage,0,42,student-mat:dataset-version:1:source-row:229,1,12.0,0,0.396212100982666,0.36465445160865784,0.23913346230983734,,
M0,late_stage,0,42,student-mat:dataset-version:1:source-row:237,1,12.0,1,0.3466426134109497,0.4079373776912689,0.24542000889778137,,
M0,late_stage,0,42,student-mat:dataset-version:1:source-row:238,1,11.0,1,0.35217157006263733,0.4114243984222412,0.23640398681163788,,
M0,late_stage,0,42,student-mat:dataset-version:1:source-row:246,1,13.0,0,0.37632882595062256,0.36962661147117615,0.2540445625782013,,
M0,late_stage,0,42,student-mat:dataset-version:1:source-row:254,1,12.0,0,0.41813158988952637,0.27121788263320923,0.3106505274772644,,
M0,late_stage,0,42,student-mat:dataset-version:1:source-row:283,1,10.0,0,0.49232423305511475,0.2470340132713318,0.26064181327819824,,
M0,late_stage,0,42,student-mat:dataset-version:1:source-row:284,1,11.0,0,0.4670471251010895,0.28595396876335144,0.24699890613555908,,
M0,late_stage,0,42,student-mat:dataset-version:1:source-row:291,2,15.0,1,0.3104736804962158,0.45637136697769165,0.23315492272377014,,
M0,late_stage,0,42,student-mat:dataset-version:1:source-row:299,2,16.0,1,0.29181399941444397,0.48377877473831177,0.22440722584724426,,
M0,late_stage,0,42,student-mat:dataset-version:1:source-row:303,2,18.0,1,0.2787584662437439,0.5128269791603088,0.20841458439826965,,
M0,late_stage,0,42,student-mat:dataset-version:1:source-row:318,1,10.0,0,0.42065849900245667,0.3244156539440155,0.2549258768558502,,
M0,late_stage,0,42,student-mat:dataset-version:1:source-row:325,1,11.0,0,0.41844868659973145,0.28539764881134033,0.296153724193573,,
M0,late_stage,0,42,student-mat:dataset-version:1:source-row:334,0,0.0,0,0.4670471251010895,0.28595396876335144,0.24699890613555908,,
M0,late_stage,0,42,student-mat:dataset-version:1:source-row:342,2,15.0,1,0.29181399941444397,0.48377877473831177,0.22440722584724426,,
M0,late_stage,0,42,student-mat:dataset-version:1:source-row:347,0,9.0,0,0.46163490414619446,0.2841392457485199,0.25422587990760803,,
M0,late_stage,0,42,student-mat:dataset-version:1:source-row:357,1,11.0,0,0.37632882595062256,0.36962661147117615,0.2540445625782013,,
M0,late_stage,0,42,student-mat:dataset-version:1:source-row:362,1,10.0,0,0.42065849900245667,0.3244156539440155,0.2549258768558502,,
M0,late_stage,0,42,student-mat:dataset-version:1:source-row:371,1,12.0,1,0.3274633288383484,0.4346200227737427,0.23791669309139252,,
M0,late_stage,0,42,student-mat:dataset-version:1:source-row:374,2,19.0,1,0.24596720933914185,0.5706897377967834,0.1833430379629135,,
M0,late_stage,0,42,student-mat:dataset-version:1:source-row:382,1,10.0,0,0.42065849900245667,0.3244156539440155,0.2549258768558502,,
M0,late_stage,0,42,student-mat:dataset-version:1:source-row:384,0,5.0,0,0.5710533261299133,0.2180345505475998,0.21091215312480927,,
M0,late_stage,0,42,student-mat:dataset-version:1:source-row:388,0,8.0,0,0.5027901530265808,0.2320200651884079,0.2651897966861725,,
M1,late_stage,0,42,student-mat:dataset-version:1:source-row:4,1,10.0,0,0.5050754547119141,0.1726449429988861,0.32227960228919983,,
M1,late_stage,0,42,student-mat:dataset-version:1:source-row:6,1,11.0,2,0.3514995574951172,0.17611199617385864,0.47238844633102417,,
M1,late_stage,0,42,student-mat:dataset-version:1:source-row:13,1,11.0,0,0.4229314923286438,0.17869865894317627,0.39836984872817993,,
M1,late_stage,0,42,student-mat:dataset-version:1:source-row:21,2,15.0,2,0.34385818243026733,0.17534863948822021,0.48079317808151245,,
M1,late_stage,0,42,student-mat:dataset-version:1:source-row:23,1,12.0,2,0.31718331575393677,0.1718849539756775,0.5109317302703857,,
M1,late_stage,0,42,student-mat:dataset-version:1:source-row:26,1,11.0,2,0.3514995574951172,0.17611199617385864,0.47238844633102417,,
M1,late_stage,0,42,student-mat:dataset-version:1:source-row:27,2,15.0,2,0.23965060710906982,0.15409773588180542,0.6062516570091248,,
M1,late_stage,0,42,student-mat:dataset-version:1:source-row:36,2,18.0,2,0.23965060710906982,0.15409773588180542,0.6062516570091248,,
M1,late_stage,0,42,student-mat:dataset-version:1:source-row:49,0,7.0,0,0.48237144947052,0.17519524693489075,0.34243330359458923,,
M1,late_stage,0,42,student-mat:dataset-version:1:source-row:58,0,9.0,0,0.44367504119873047,0.1780208945274353,0.37830406427383423,,
M1,late_stage,0,42,student-mat:dataset-version:1:source-row:60,1,11.0,0,0.41437268257141113,0.1787995994091034,0.4068277180194855,,
M1,late_stage,0,42,student-mat:dataset-version:1:source-row:62,0,9.0,0,0.46976178884506226,0.17633187770843506,0.3539063334465027,,
M1,late_stage,0,42,student-mat:dataset-version:1:source-row:65,2,15.0,2,0.2260158658027649,0.1496623158454895,0.6243218183517456,,
M1,late_stage,0,42,student-mat:dataset-version:1:source-row:71,1,10.0,0,0.4229314923286438,0.17869865894317627,0.39836984872817993,,
M1,late_stage,0,42,student-mat:dataset-version:1:source-row:78,1,10.0,0,0.4699286222457886,0.1763181984424591,0.3537531793117523,,
M1,late_stage,0,42,student-mat:dataset-version:1:source-row:80,1,12.0,0,0.41744130849838257,0.1787756085395813,0.40378308296203613,,
M1,late_stage,0,42,student-mat:dataset-version:1:source-row:82,0,6.0,0,0.4947050213813782,0.17388886213302612,0.3314061164855957,,
M1,late_stage,0,42,student-mat:dataset-version:1:source-row:84,1,10.0,0,0.44367504119873047,0.1780208945274353,0.37830406427383423,,
M1,late_stage,0,42,student-mat:dataset-version:1:source-row:93,1,10.0,2,0.4016662836074829,0.17875078320503235,0.41958293318748474,,
M1,late_stage,0,42,student-mat:dataset-version:1:source-row:95,1,10.0,0,0.48740291595458984,0.1746852695941925,0.33791181445121765,,
M1,late_stage,0,42,student-mat:dataset-version:1:source-row:99,0,8.0,0,0.48030388355255127,0.1753956377506256,0.3443004786968231,,
M1,late_stage,0,42,student-mat:dataset-version:1:source-row:101,2,17.0,2,0.20927417278289795,0.14363104104995728,0.6470947861671448,,
M1,late_stage,0,42,student-mat:dataset-version:1:source-row:123,1,13.0,2,0.3147912621498108,0.17151188850402832,0.5136968493461609,,
M1,late_stage,0,42,student-mat:dataset-version:1:source-row:130,0,0.0,0,0.6182687282562256,0.15118321776390076,0.23054802417755127,,
M1,late_stage,0,42,student-mat:dataset-version:1:source-row:135,0,0.0,0,0.6214118003845215,0.1503978669643402,0.22819030284881592,,
M1,late_stage,0,42,student-mat:dataset-version:1:source-row:138,1,12.0,2,0.3029993772506714,0.16951769590377808,0.5274829268455505,,
M1,late_stage,0,42,student-mat:dataset-version:1:source-row:140,0,0.0,0,0.48030388355255127,0.1753956377506256,0.3443004786968231,,
M1,late_stage,0,42,student-mat:dataset-version:1:source-row:150,0,0.0,0,0.5071761608123779,0.1723771095275879,0.3204467296600342,,
M1,late_stage,0,42,student-mat:dataset-version:1:source-row:157,1,10.0,0,0.4693766236305237,0.17636340856552124,0.3542599678039551,,
M1,late_stage,0,42,student-mat:dataset-version:1:source-row:162,0,0.0,0,0.5752788782119751,0.16094529628753662,0.26377585530281067,,
M1,late_stage,0,42,student-mat:dataset-version:1:source-row:165,1,12.0,2,0.3639279007911682,0.17714351415634155,0.45892858505249023,,
M1,late_stage,0,42,student-mat:dataset-version:1:source-row:173,0,0.0,0,0.4822404980659485,0.17520812153816223,0.3425513803958893,,
M1,late_stage,0,42,student-mat:dataset-version:1:source-row:176,1,11.0,2,0.31718331575393677,0.1718849539756775,0.5109317302703857,,
M1,late_stage,0,42,student-mat:dataset-version:1:source-row:179,1,11.0,0,0.4229314923286438,0.17869865894317627,0.39836984872817993,,
M1,late_stage,0,42,student-mat:dataset-version:1:source-row:180,0,8.0,0,0.4693766236305237,0.17636340856552124,0.3542599678039551,,
M1,late_stage,0,42,student-mat:dataset-version:1:source-row:182,2,17.0,2,0.20927417278289795,0.14363104104995728,0.6470947861671448,,
M1,late_stage,0,42,student-mat:dataset-version:1:source-row:195,2,15.0,2,0.27291446924209595,0.16321814060211182,0.5638673901557922,,
M1,late_stage,0,42,student-mat:dataset-version:1:source-row:205,0,9.0,0,0.44068145751953125,0.1781558096408844,0.38116273283958435,,
M1,late_stage,0,42,student-mat:dataset-version:1:source-row:209,0,7.0,0,0.48237144947052,0.17519524693489075,0.34243330359458923,,
M1,late_stage,0,42,student-mat:dataset-version:1:source-row:210,0,8.0,0,0.4699286222457886,0.1763181984424591,0.3537531793117523,,
M1,late_stage,0,42,student-mat:dataset-version:1:source-row:216,0,4.0,0,0.49483609199523926,0.17387396097183228,0.33128994703292847,,
M1,late_stage,0,42,student-mat:dataset-version:1:source-row:220,0,6.0,0,0.49483609199523926,0.17387396097183228,0.33128994703292847,,
M1,late_stage,0,42,student-mat:dataset-version:1:source-row:229,1,12.0,2,0.37888413667678833,0.17804932594299316,0.4430665373802185,,
M1,late_stage,0,42,student-mat:dataset-version:1:source-row:237,1,12.0,2,0.3276752829551697,0.17339837551116943,0.4989263415336609,,
M1,late_stage,0,42,student-mat:dataset-version:1:source-row:238,1,11.0,2,0.3388215899467468,0.17479071021080017,0.486387699842453,,
M1,late_stage,0,42,student-mat:dataset-version:1:source-row:246,1,13.0,2,0.3514995574951172,0.17611199617385864,0.47238844633102417,,
M1,late_stage,0,42,student-mat:dataset-version:1:source-row:254,1,12.0,0,0.48447340726852417,0.1749860942363739,0.34054049849510193,,
M1,late_stage,0,42,student-mat:dataset-version:1:source-row:283,1,10.0,0,0.4626913070678711,0.17687910795211792,0.360429584980011,,
M1,late_stage,0,42,student-mat:dataset-version:1:source-row:284,1,11.0,0,0.44068145751953125,0.1781558096408844,0.38116273283958435,,
M1,late_stage,0,42,student-mat:dataset-version:1:source-row:291,2,15.0,2,0.24821406602859497,0.15667200088500977,0.5951139330863953,,
M1,late_stage,0,42,student-mat:dataset-version:1:source-row:299,2,16.0,2,0.2260158658027649,0.1496623158454895,0.6243218183517456,,
M1,late_stage,0,42,student-mat:dataset-version:1:source-row:303,2,18.0,2,0.188723623752594,0.13530641794204712,0.6759699583053589,,
M1,late_stage,0,42,student-mat:dataset-version:1:source-row:318,1,10.0,2,0.38799792528152466,0.17842644453048706,0.4335756301879883,,
M1,late_stage,0,42,student-mat:dataset-version:1:source-row:325,1,11.0,0,0.4520420432090759,0.17757853865623474,0.37037941813468933,,
M1,late_stage,0,42,student-mat:dataset-version:1:source-row:334,0,0.0,0,0.44068145751953125,0.1781558096408844,0.38116273283958435,,
M1,late_stage,0,42,student-mat:dataset-version:1:source-row:342,2,15.0,2,0.2260158658027649,0.1496623158454895,0.6243218183517456,,
M1,late_stage,0,42,student-mat:dataset-version:1:source-row:347,0,9.0,0,0.4229314923286438,0.17869865894317627,0.39836984872817993,,
M1,late_stage,0,42,student-mat:dataset-version:1:source-row:357,1,11.0,2,0.3514995574951172,0.17611199617385864,0.47238844633102417,,
M1,late_stage,0,42,student-mat:dataset-version:1:source-row:362,1,10.0,2,0.38799792528152466,0.17842644453048706,0.4335756301879883,,
M1,late_stage,0,42,student-mat:dataset-version:1:source-row:371,1,12.0,2,0.3029993772506714,0.16951769590377808,0.5274829268455505,,
M1,late_stage,0,42,student-mat:dataset-version:1:source-row:374,2,19.0,2,0.1472676396369934,0.1152002215385437,0.7375321388244629,,
M1,late_stage,0,42,student-mat:dataset-version:1:source-row:382,1,10.0,2,0.38799792528152466,0.17842644453048706,0.4335756301879883,,
M1,late_stage,0,42,student-mat:dataset-version:1:source-row:384,0,5.0,0,0.5071761608123779,0.1723771095275879,0.3204467296600342,,
M1,late_stage,0,42,student-mat:dataset-version:1:source-row:388,0,8.0,0,0.48030388355255127,0.1753956377506256,0.3443004786968231,,
M2,late_stage,0,42,student-mat:dataset-version:1:source-row:4,1,10.0,0,0.4890584349632263,0.17454487085342407,0.3363966941833496,8.095394172200166,
M2,late_stage,0,42,student-mat:dataset-version:1:source-row:6,1,11.0,2,0.3532997965812683,0.1763157844543457,0.470384418964386,10.810653014943961,
M2,late_stage,0,42,student-mat:dataset-version:1:source-row:13,1,11.0,0,0.41118884086608887,0.178847074508667,0.40996408462524414,9.716640492126189,
M2,late_stage,0,42,student-mat:dataset-version:1:source-row:21,2,15.0,2,0.3571316599845886,0.1766495704650879,0.4662187695503235,11.562950719347137,
M2,late_stage,0,42,student-mat:dataset-version:1:source-row:23,1,12.0,2,0.3231911063194275,0.17281442880630493,0.5039944648742676,11.41648031148254,
M2,late_stage,0,42,student-mat:dataset-version:1:source-row:26,1,11.0,2,0.3532997965812683,0.1763157844543457,0.470384418964386,10.810653014943961,
M2,late_stage,0,42,student-mat:dataset-version:1:source-row:27,2,15.0,2,0.25272881984710693,0.15800213813781738,0.5892690420150757,13.112809423105693,
M2,late_stage,0,42,student-mat:dataset-version:1:source-row:36,2,18.0,2,0.25272881984710693,0.15800213813781738,0.5892690420150757,13.112809423105693,
M2,late_stage,0,42,student-mat:dataset-version:1:source-row:49,0,7.0,0,0.46351778507232666,0.1768539547920227,0.35962826013565063,8.934030519703741,
M2,late_stage,0,42,student-mat:dataset-version:1:source-row:58,0,9.0,0,0.4306666851043701,0.17855346202850342,0.39077985286712646,9.320673126344616,
M2,late_stage,0,42,student-mat:dataset-version:1:source-row:60,1,11.0,2,0.4088558554649353,0.1788451075553894,0.4122990369796753,9.949554397401759,
M2,late_stage,0,42,student-mat:dataset-version:1:source-row:62,0,9.0,0,0.4582034945487976,0.1772279441356659,0.3645685613155365,8.759183063938492,
M2,late_stage,0,42,student-mat:dataset-version:1:source-row:65,2,15.0,2,0.23811876773834229,0.15365689992904663,0.6082243323326111,13.015535480308504,
M2,late_stage,0,42,student-mat:dataset-version:1:source-row:71,1,10.0,0,0.41118884086608887,0.178847074508667,0.40996408462524414,9.716640492126189,
M2,late_stage,0,42,student-mat:dataset-version:1:source-row:78,1,10.0,0,0.45389801263809204,0.17750340700149536,0.3685985803604126,9.027752070188631,
M2,late_stage,0,42,student-mat:dataset-version:1:source-row:80,1,12.0,0,0.41483551263809204,0.17883393168449402,0.40633055567741394,10.034375072193155,
M2,late_stage,0,42,student-mat:dataset-version:1:source-row:82,0,6.0,0,0.47464287281036377,0.17595112323760986,0.34940600395202637,8.985714390223286,
M2,late_stage,0,42,student-mat:dataset-version:1:source-row:84,1,10.0,0,0.4306666851043701,0.17855346202850342,0.39077985286712646,9.320673126344616,
M2,late_stage,0,42,student-mat:dataset-version:1:source-row:93,1,10.0,2,0.39273345470428467,0.17860886454582214,0.4286576807498932,9.917833684598275,
M2,late_stage,0,42,student-mat:dataset-version:1:source-row:95,1,10.0,0,0.473605751991272,0.17604205012321472,0.3503521978855133,8.4272886857391,
M2,late_stage,0,42,student-mat:dataset-version:1:source-row:99,0,8.0,0,0.46493953466415405,0.17674759030342102,0.3583128750324249,8.50313188265593,
M2,late_stage,0,42,student-mat:dataset-version:1:source-row:101,2,17.0,2,0.22447949647903442,0.14917200803756714,0.6263484954833984,13.79215410652274,
M2,late_stage,0,42,student-mat:dataset-version:1:source-row:123,1,13.0,2,0.31608426570892334,0.17175334692001343,0.5121623873710632,11.128722052855403,
M2,late_stage,0,42,student-mat:dataset-version:1:source-row:130,0,0.0,0,0.5980749726295471,0.15602819621562958,0.2458968311548233,8.832028083969679,
M2,late_stage,0,42,student-mat:dataset-version:1:source-row:135,0,0.0,0,0.6036374568939209,0.15474122762680054,0.24162134528160095,8.67089255395574,
M2,late_stage,0,42,student-mat:dataset-version:1:source-row:138,1,12.0,2,0.3074226379394531,0.1703345775604248,0.5222427845001221,11.420299864051788,
M2,late_stage,0,42,student-mat:dataset-version:1:source-row:140,0,0.0,0,0.46493953466415405,0.17674759030342102,0.3583128750324249,8.50313188265593,
M2,late_stage,0,42,student-mat:dataset-version:1:source-row:150,0,0.0,0,0.48431241512298584,0.17503687739372253,0.3406507074832916,8.891993245757023,
M2,late_stage,0,42,student-mat:dataset-version:1:source-row:157,1,10.0,0,0.45123082399368286,0.1776614785194397,0.37110769748687744,9.25384462567655,
M2,late_stage,0,42,student-mat:dataset-version:1:source-row:162,0,0.0,0,0.5548680424690247,0.16494333744049072,0.2801886200904846,9.078958327462594,
M2,late_stage,0,42,student-mat:dataset-version:1:source-row:165,1,12.0,2,0.3626582622528076,0.17708814144134521,0.46025359630584717,10.478071044198753,
M2,late_stage,0,42,student-mat:dataset-version:1:source-row:173,0,0.0,0,0.4649924039840698,0.1767435371875763,0.3582640588283539,9.079435805368636,
M2,late_stage,0,42,student-mat:dataset-version:1:source-row:176,1,11.0,2,0.3231911063194275,0.17281442880630493,0.5039944648742676,11.41648031148254,
M2,late_stage,0,42,student-mat:dataset-version:1:source-row:179,1,11.0,0,0.41118884086608887,0.178847074508667,0.40996408462524414,9.716640492126189,
M2,late_stage,0,42,student-mat:dataset-version:1:source-row:180,0,8.0,0,0.45123082399368286,0.1776614785194397,0.37110769748687744,9.25384462567655,
M2,late_stage,0,42,student-mat:dataset-version:1:source-row:182,2,17.0,2,0.22447949647903442,0.14917200803756714,0.6263484954833984,13.79215410652274,
M2,late_stage,0,42,student-mat:dataset-version:1:source-row:195,2,15.0,2,0.2837556004524231,0.16573196649551392,0.550512433052063,12.426493129173897,
M2,late_stage,0,42,student-mat:dataset-version:1:source-row:205,0,9.0,0,0.4258599877357483,0.17867660522460938,0.39546340703964233,9.56476631467727,
M2,late_stage,0,42,student-mat:dataset-version:1:source-row:209,0,7.0,0,0.46351778507232666,0.1768539547920227,0.35962826013565063,8.934030519703741,
M2,late_stage,0,42,student-mat:dataset-version:1:source-row:210,0,8.0,0,0.45389801263809204,0.17750340700149536,0.3685985803604126,9.027752070188631,
M2,late_stage,0,42,student-mat:dataset-version:1:source-row:216,0,4.0,0,0.47316479682922363,0.17608028650283813,0.35075491666793823,8.840309239897934,
M2,late_stage,0,42,student-mat:dataset-version:1:source-row:220,0,6.0,0,0.47316479682922363,0.17608028650283813,0.35075491666793823,8.840309239897934,
M2,late_stage,0,42,student-mat:dataset-version:1:source-row:229,1,12.0,2,0.37227970361709595,0.17773190140724182,0.44998839497566223,10.152450059814202,
M2,late_stage,0,42,student-mat:dataset-version:1:source-row:237,1,12.0,2,0.33206063508987427,0.17401081323623657,0.49392855167388916,11.12400425174239,
M2,late_stage,0,42,student-mat:dataset-version:1:source-row:238,1,11.0,2,0.34032994508743286,0.1750008463859558,0.48466920852661133,10.79927339552905,
M2,late_stage,0,42,student-mat:dataset-version:1:source-row:246,1,13.0,2,0.3532997965812683,0.1763157844543457,0.470384418964386,10.810653014943961,
M2,late_stage,0,42,student-mat:dataset-version:1:source-row:254,1,12.0,0,0.47423452138900757,0.1759871244430542,0.34977835416793823,8.815555366890322,
M2,late_stage,0,42,student-mat:dataset-version:1:source-row:283,1,10.0,0,0.45054376125335693,0.17770066857337952,0.37175557017326355,8.87523387952659,
M2,late_stage,0,42,student-mat:dataset-version:1:source-row:284,1,11.0,0,0.4258599877357483,0.17867660522460938,0.39546340703964233,9.56476631467727,
M2,late_stage,0,42,student-mat:dataset-version:1:source-row:291,2,15.0,2,0.25919216871261597,0.15977740287780762,0.5810304284095764,12.746050360694985,
M2,late_stage,0,42,student-mat:dataset-version:1:source-row:299,2,16.0,2,0.23811876773834229,0.15365689992904663,0.6082243323326111,13.015535480308504,
M2,late_stage,0,42,student-mat:dataset-version:1:source-row:303,2,18.0,2,0.20393335819244385,0.14160192012786865,0.6544647216796875,14.106886212673592,
M2,late_stage,0,42,student-mat:dataset-version:1:source-row:318,1,10.0,2,0.383065402507782,0.17827636003494263,0.4386582374572754,10.250415655343483,
M2,late_stage,0,42,student-mat:dataset-version:1:source-row:325,1,11.0,0,0.4446484446525574,0.1780104637145996,0.377341091632843,9.422442101367816,
M2,late_stage,0,42,student-mat:dataset-version:1:source-row:334,0,0.0,0,0.4258599877357483,0.17867660522460938,0.39546340703964233,9.56476631467727,
M2,late_stage,0,42,student-mat:dataset-version:1:source-row:342,2,15.0,2,0.23811876773834229,0.15365689992904663,0.6082243323326111,13.015535480308504,
M2,late_stage,0,42,student-mat:dataset-version:1:source-row:347,0,9.0,0,0.41118884086608887,0.178847074508667,0.40996408462524414,9.716640492126189,
M2,late_stage,0,42,student-mat:dataset-version:1:source-row:357,1,11.0,2,0.3532997965812683,0.1763157844543457,0.470384418964386,10.810653014943961,
M2,late_stage,0,42,student-mat:dataset-version:1:source-row:362,1,10.0,2,0.383065402507782,0.17827636003494263,0.4386582374572754,10.250415655343483,
M2,late_stage,0,42,student-mat:dataset-version:1:source-row:371,1,12.0,2,0.3074226379394531,0.1703345775604248,0.5222427845001221,11.420299864051788,
M2,late_stage,0,42,student-mat:dataset-version:1:source-row:374,2,19.0,2,0.16374844312667847,0.12377732992172241,0.7124742269515991,15.056787904880988,
M2,late_stage,0,42,student-mat:dataset-version:1:source-row:382,1,10.0,2,0.383065402507782,0.17827636003494263,0.4386582374572754,10.250415655343483,
M2,late_stage,0,42,student-mat:dataset-version:1:source-row:384,0,5.0,0,0.48431241512298584,0.17503687739372253,0.3406507074832916,8.891993245757023,
M2,late_stage,0,42,student-mat:dataset-version:1:source-row:388,0,8.0,0,0.46493953466415405,0.17674759030342102,0.3583128750324249,8.50313188265593,
M3,late_stage,0,42,student-mat:dataset-version:1:source-row:4,1,10.0,0,0.4917549192905426,0.21923744678497314,0.28900766372680664,9.49672226190798,
M3,late_stage,0,42,student-mat:dataset-version:1:source-row:6,1,11.0,0,0.39842167496681213,0.3507305085659027,0.25084781646728516,10.186896172655361,
M3,late_stage,0,42,student-mat:dataset-version:1:source-row:13,1,11.0,0,0.46479684114456177,0.280659556388855,0.25454360246658325,9.908237231325952,
M3,late_stage,0,42,student-mat:dataset-version:1:source-row:21,2,15.0,1,0.36117637157440186,0.3836246728897095,0.25519895553588867,10.729831048441238,
M3,late_stage,0,42,student-mat:dataset-version:1:source-row:23,1,12.0,1,0.3716038763523102,0.37716421484947205,0.25123193860054016,10.236560506521291,
M3,late_stage,0,42,student-mat:dataset-version:1:source-row:26,1,11.0,0,0.39842167496681213,0.3507305085659027,0.25084781646728516,10.186896172655361,
M3,late_stage,0,42,student-mat:dataset-version:1:source-row:27,2,15.0,1,0.3583957552909851,0.41917312145233154,0.22243119776248932,9.804229672599554,
M3,late_stage,0,42,student-mat:dataset-version:1:source-row:36,2,18.0,1,0.3583957552909851,0.41917312145233154,0.22243119776248932,9.804229672599554,
M3,late_stage,0,42,student-mat:dataset-version:1:source-row:49,0,7.0,0,0.537366509437561,0.22863395512104034,0.23399949073791504,8.319099473497417,
M3,late_stage,0,42,student-mat:dataset-version:1:source-row:58,0,9.0,0,0.46760472655296326,0.2631002962589264,0.26929497718811035,9.970957195666585,
M3,late_stage,0,42,student-mat:dataset-version:1:source-row:60,1,11.0,0,0.4450903832912445,0.2858295142650604,0.2690800428390503,10.288462544383394,
M3,late_stage,0,42,student-mat:dataset-version:1:source-row:62,0,9.0,0,0.4693608283996582,0.25073328614234924,0.27990591526031494,9.833362321166145,
M3,late_stage,0,42,student-mat:dataset-version:1:source-row:65,2,15.0,1,0.34021058678627014,0.4393205940723419,0.22046883404254913,9.118873342042916,
M3,late_stage,0,42,student-mat:dataset-version:1:source-row:71,1,10.0,0,0.46479684114456177,0.280659556388855,0.25454360246658325,9.908237231325952,
M3,late_stage,0,42,student-mat:dataset-version:1:source-row:78,1,10.0,0,0.5098313689231873,0.247504323720932,0.24266433715820312,8.91172466834139,
M3,late_stage,0,42,student-mat:dataset-version:1:source-row:80,1,12.0,0,0.4218037724494934,0.2975173592567444,0.2806788980960846,10.615717812955031,
M3,late_stage,0,42,student-mat:dataset-version:1:source-row:82,0,6.0,0,0.5451604723930359,0.23831340670585632,0.216526061296463,7.7590329123996105,
M3,late_stage,0,42,student-mat:dataset-version:1:source-row:84,1,10.0,0,0.46760472655296326,0.2631002962589264,0.26929497718811035,9.970957195666585,
M3,late_stage,0,42,student-mat:dataset-version:1:source-row:93,1,10.0,0,0.4413929581642151,0.3137468695640564,0.24486009776592255,9.560928694279093,
M3,late_stage,0,42,student-mat:dataset-version:1:source-row:95,1,10.0,0,0.48076164722442627,0.23462019860744476,0.28461822867393494,9.665042291537063,
M3,late_stage,0,42,student-mat:dataset-version:1:source-row:99,0,8.0,0,0.5067733526229858,0.22804734110832214,0.2651793658733368,9.259368103086237,
M3,late_stage,0,42,student-mat:dataset-version:1:source-row:101,2,17.0,1,0.34976691007614136,0.4389549493789673,0.21127814054489136,9.496840819347234,
M3,late_stage,0,42,student-mat:dataset-version:1:source-row:123,1,13.0,1,0.35684487223625183,0.4175926446914673,0.2255624383687973,8.768129413718276,
M3,late_stage,0,42,student-mat:dataset-version:1:source-row:130,0,0.0,1,0.36770281195640564,0.46097296476364136,0.171324223279953,3.9477506719151476,
M3,late_stage,0,42,student-mat:dataset-version:1:source-row:135,0,0.0,1,0.3980332314968109,0.4217313230037689,0.18023544549942017,4.159049803367406,
M3,late_stage,0,42,student-mat:dataset-version:1:source-row:138,1,12.0,1,0.3584648072719574,0.4070298373699188,0.23450541496276855,9.260387886539192,
M3,late_stage,0,42,student-mat:dataset-version:1:source-row:140,0,0.0,0,0.5067733526229858,0.22804734110832214,0.2651793658733368,9.259368103086237,
M3,late_stage,0,42,student-mat:dataset-version:1:source-row:150,0,0.0,0,0.5725756287574768,0.21936678886413574,0.20805761218070984,7.166407040857925,
M3,late_stage,0,42,student-mat:dataset-version:1:source-row:157,1,10.0,0,0.492283433675766,0.27173858880996704,0.23597805202007294,8.889281447343373,
M3,late_stage,0,42,student-mat:dataset-version:1:source-row:162,0,0.0,0,0.5160779356956482,0.30311673879623413,0.18080532550811768,4.643991955858754,
M3,late_stage,0,42,student-mat:dataset-version:1:source-row:165,1,12.0,0,0.40596458315849304,0.35048526525497437,0.24355009198188782,9.683642816904058,
M3,late_stage,0,42,student-mat:dataset-version:1:source-row:173,0,0.0,0,0.5157894492149353,0.2580105662345886,0.22619999945163727,8.33672799026997,
M3,late_stage,0,42,student-mat:dataset-version:1:source-row:176,1,11.0,1,0.3716038763523102,0.37716421484947205,0.25123193860054016,10.236560506521291,
M3,late_stage,0,42,student-mat:dataset-version:1:source-row:179,1,11.0,0,0.46479684114456177,0.280659556388855,0.25454360246658325,9.908237231325952,
M3,late_stage,0,42,student-mat:dataset-version:1:source-row:180,0,8.0,0,0.492283433675766,0.27173858880996704,0.23597805202007294,8.889281447343373,
M3,late_stage,0,42,student-mat:dataset-version:1:source-row:182,2,17.0,1,0.34976691007614136,0.4389549493789673,0.21127814054489136,9.496840819347234,
M3,late_stage,0,42,student-mat:dataset-version:1:source-row:195,2,15.0,1,0.36661675572395325,0.3996061086654663,0.23377716541290283,10.111618424347217,
M3,late_stage,0,42,student-mat:dataset-version:1:source-row:205,0,9.0,0,0.46827369928359985,0.2850477397441864,0.2466786503791809,9.3488784283658,
M3,late_stage,0,42,student-mat:dataset-version:1:source-row:209,0,7.0,0,0.537366509437561,0.22863395512104034,0.23399949073791504,8.319099473497417,
M3,late_stage,0,42,student-mat:dataset-version:1:source-row:210,0,8.0,0,0.5098313689231873,0.247504323720932,0.24266433715820312,8.91172466834139,
M3,late_stage,0,42,student-mat:dataset-version:1:source-row:216,0,4.0,0,0.5645623207092285,0.21052125096321106,0.22491641342639923,7.726474278653444,
M3,late_stage,0,42,student-mat:dataset-version:1:source-row:220,0,6.0,0,0.5645623207092285,0.21052125096321106,0.22491641342639923,7.726474278653444,
M3,late_stage,0,42,student-mat:dataset-version:1:source-row:229,1,12.0,0,0.4098334014415741,0.35380232334136963,0.2363642454147339,9.138369950520996,
M3,late_stage,0,42,student-mat:dataset-version:1:source-row:237,1,12.0,1,0.3728945255279541,0.38496941328048706,0.242136150598526,9.772763905659309,
M3,late_stage,0,42,student-mat:dataset-version:1:source-row:238,1,11.0,1,0.3762248456478119,0.39026764035224915,0.23350754380226135,9.284366805326284,
M3,late_stage,0,42,student-mat:dataset-version:1:source-row:246,1,13.0,0,0.39842167496681213,0.3507305085659027,0.25084781646728516,10.186896172655361,
M3,late_stage,0,42,student-mat:dataset-version:1:source-row:254,1,12.0,0,0.4237805902957916,0.2662753462791443,0.3099440336227417,10.460325078079448,
M3,late_stage,0,42,student-mat:dataset-version:1:source-row:283,1,10.0,0,0.4948074221611023,0.24416591227054596,0.26102665066719055,9.423855587549987,
M3,late_stage,0,42,student-mat:dataset-version:1:source-row:284,1,11.0,0,0.46827369928359985,0.2850477397441864,0.2466786503791809,9.3488784283658,
M3,late_stage,0,42,student-mat:dataset-version:1:source-row:291,2,15.0,1,0.3548382520675659,0.4166117012500763,0.2285500317811966,9.636059328504508,
M3,late_stage,0,42,student-mat:dataset-version:1:source-row:299,2,16.0,1,0.34021058678627014,0.4393205940723419,0.22046883404254913,9.118873342042916,
M3,late_stage,0,42,student-mat:dataset-version:1:source-row:303,2,18.0,1,0.33730214834213257,0.4578402638435364,0.20485755801200867,8.999330901597116,
M3,late_stage,0,42,student-mat:dataset-version:1:source-row:318,1,10.0,0,0.4348578155040741,0.3128342926502228,0.2523079216480255,10.080329140170429,
M3,late_stage,0,42,student-mat:dataset-version:1:source-row:325,1,11.0,0,0.42340242862701416,0.2805163562297821,0.2960812449455261,10.550722824739374,
M3,late_stage,0,42,student-mat:dataset-version:1:source-row:334,0,0.0,0,0.46827369928359985,0.2850477397441864,0.2466786503791809,9.3488784283658,
M3,late_stage,0,42,student-mat:dataset-version:1:source-row:342,2,15.0,1,0.34021058678627014,0.4393205940723419,0.22046883404254913,9.118873342042916,
M3,late_stage,0,42,student-mat:dataset-version:1:source-row:347,0,9.0,0,0.46479684114456177,0.280659556388855,0.25454360246658325,9.908237231325952,
M3,late_stage,0,42,student-mat:dataset-version:1:source-row:357,1,11.0,0,0.39842167496681213,0.3507305085659027,0.25084781646728516,10.186896172655361,
M3,late_stage,0,42,student-mat:dataset-version:1:source-row:362,1,10.0,0,0.4348578155040741,0.3128342926502228,0.2523079216480255,10.080329140170429,
M3,late_stage,0,42,student-mat:dataset-version:1:source-row:371,1,12.0,1,0.3584648072719574,0.4070298373699188,0.23450541496276855,9.260387886539192,
M3,late_stage,0,42,student-mat:dataset-version:1:source-row:374,2,19.0,1,0.31430837512016296,0.5040779113769531,0.18161368370056152,8.069594665886976,
M3,late_stage,0,42,student-mat:dataset-version:1:source-row:382,1,10.0,0,0.4348578155040741,0.3128342926502228,0.2523079216480255,10.080329140170429,
M3,late_stage,0,42,student-mat:dataset-version:1:source-row:384,0,5.0,0,0.5725756287574768,0.21936678886413574,0.20805761218070984,7.166407040857925,
M3,late_stage,0,42,student-mat:dataset-version:1:source-row:388,0,8.0,0,0.5067733526229858,0.22804734110832214,0.2651793658733368,9.259368103086237,
B0,late_stage,0,0,student-mat:dataset-version:1:source-row:4,1,10.0,0,1.0,0.0,0.0,8.950769468707133,
B0,late_stage,0,0,student-mat:dataset-version:1:source-row:6,1,11.0,1,0.0,1.0,0.0,11.868213391743843,
B0,late_stage,0,0,student-mat:dataset-version:1:source-row:13,1,11.0,0,1.0,0.0,0.0,9.57228157198833,
B0,late_stage,0,0,student-mat:dataset-version:1:source-row:21,2,15.0,1,0.0,1.0,0.0,14.845977043916216,
B0,late_stage,0,0,student-mat:dataset-version:1:source-row:23,1,12.0,1,0.0,1.0,0.0,13.0161793016216,
B0,late_stage,0,0,student-mat:dataset-version:1:source-row:26,1,11.0,1,0.0,1.0,0.0,11.868213391743843,
B0,late_stage,0,0,student-mat:dataset-version:1:source-row:27,2,15.0,2,0.0,0.0,1.0,16.30469900543457,
B0,late_stage,0,0,student-mat:dataset-version:1:source-row:36,2,18.0,2,0.0,0.0,1.0,16.30469900543457,
B0,late_stage,0,0,student-mat:dataset-version:1:source-row:49,0,7.0,0,1.0,0.0,0.0,6.12838384235506,
B0,late_stage,0,0,student-mat:dataset-version:1:source-row:58,0,9.0,0,1.0,0.0,0.0,9.416903546168031,
B0,late_stage,0,0,student-mat:dataset-version:1:source-row:60,1,11.0,1,0.0,1.0,0.0,10.564869456045788,
B0,late_stage,0,0,student-mat:dataset-version:1:source-row:62,0,9.0,0,1.0,0.0,0.0,9.261525520347732,
B0,late_stage,0,0,student-mat:dataset-version:1:source-row:65,2,15.0,2,0.0,0.0,1.0,15.467489147197412,
B0,late_stage,0,0,student-mat:dataset-version:1:source-row:71,1,10.0,0,1.0,0.0,0.0,9.57228157198833,
B0,late_stage,0,0,student-mat:dataset-version:1:source-row:78,1,10.0,0,1.0,0.0,0.0,7.276349752232816,
B0,late_stage,0,0,student-mat:dataset-version:1:source-row:80,1,12.0,1,0.0,1.0,0.0,11.557457340103245,
B0,late_stage,0,0,student-mat:dataset-version:1:source-row:82,0,6.0,0,1.0,0.0,0.0,5.135795958297603,
B0,late_stage,0,0,student-mat:dataset-version:1:source-row:84,1,10.0,0,1.0,0.0,0.0,9.416903546168031,
B0,late_stage,0,0,student-mat:dataset-version:1:source-row:93,1,10.0,0,1.0,0.0,0.0,9.72765959780863,
B0,late_stage,0,0,student-mat:dataset-version:1:source-row:95,1,10.0,0,1.0,0.0,0.0,9.106147494527432,
B0,late_stage,0,0,student-mat:dataset-version:1:source-row:99,0,8.0,0,1.0,0.0,0.0,8.113559610469974,
B0,late_stage,0,0,student-mat:dataset-version:1:source-row:101,2,17.0,2,0.0,0.0,1.0,17.452664915312326,
B0,late_stage,0,0,student-mat:dataset-version:1:source-row:123,1,13.0,1,0.0,1.0,0.0,11.186381559326986,
B0,late_stage,0,0,student-mat:dataset-version:1:source-row:130,0,0.0,0,1.0,0.0,0.0,-0.04284121694564469,
B0,late_stage,0,0,student-mat:dataset-version:1:source-row:135,0,0.0,0,1.0,0.0,0.0,-0.19821924276594416,
B0,late_stage,0,0,student-mat:dataset-version:1:source-row:138,1,12.0,1,0.0,1.0,0.0,12.178969443384442,
B0,late_stage,0,0,student-mat:dataset-version:1:source-row:140,0,0.0,0,1.0,0.0,0.0,8.113559610469974,
B0,late_stage,0,0,student-mat:dataset-version:1:source-row:150,0,0.0,0,1.0,0.0,0.0,3.9878300484198457,
B0,late_stage,0,0,student-mat:dataset-version:1:source-row:157,1,10.0,0,1.0,0.0,0.0,7.431727778053116,
B0,late_stage,0,0,student-mat:dataset-version:1:source-row:162,0,0.0,0,1.0,0.0,0.0,-0.819731346047142,
B0,late_stage,0,0,student-mat:dataset-version:1:source-row:165,1,12.0,1,0.0,1.0,0.0,10.875625507686387,
B0,late_stage,0,0,student-mat:dataset-version:1:source-row:173,0,0.0,0,1.0,0.0,0.0,6.283761868175359,
B0,late_stage,0,0,student-mat:dataset-version:1:source-row:176,1,11.0,1,0.0,1.0,0.0,13.0161793016216,
B0,late_stage,0,0,student-mat:dataset-version:1:source-row:179,1,11.0,0,1.0,0.0,0.0,9.57228157198833,
B0,late_stage,0,0,student-mat:dataset-version:1:source-row:180,0,8.0,0,1.0,0.0,0.0,7.431727778053116,
B0,late_stage,0,0,student-mat:dataset-version:1:source-row:182,2,17.0,2,0.0,0.0,1.0,17.452664915312326,
B0,late_stage,0,0,student-mat:dataset-version:1:source-row:195,2,15.0,2,0.0,0.0,1.0,15.156733095556815,
B0,late_stage,0,0,student-mat:dataset-version:1:source-row:205,0,9.0,0,1.0,0.0,0.0,8.579693687930872,
B0,late_stage,0,0,student-mat:dataset-version:1:source-row:209,0,7.0,0,1.0,0.0,0.0,6.12838384235506,
B0,late_stage,0,0,student-mat:dataset-version:1:source-row:210,0,8.0,0,1.0,0.0,0.0,7.276349752232816,
B0,late_stage,0,0,student-mat:dataset-version:1:source-row:216,0,4.0,0,1.0,0.0,0.0,4.9804179324773035,
B0,late_stage,0,0,student-mat:dataset-version:1:source-row:220,0,6.0,0,1.0,0.0,0.0,4.9804179324773035,
B0,late_stage,0,0,student-mat:dataset-version:1:source-row:229,1,12.0,0,1.0,0.0,0.0,9.88303762362893,
B0,late_stage,0,0,student-mat:dataset-version:1:source-row:237,1,12.0,1,0.0,1.0,0.0,12.023591417564143,
B0,late_stage,0,0,student-mat:dataset-version:1:source-row:238,1,11.0,1,0.0,1.0,0.0,11.031003533506686,
B0,late_stage,0,0,student-mat:dataset-version:1:source-row:246,1,13.0,1,0.0,1.0,0.0,11.868213391743843,
B0,late_stage,0,0,student-mat:dataset-version:1:source-row:254,1,12.0,1,0.0,1.0,0.0,11.246701288462646,
B0,late_stage,0,0,student-mat:dataset-version:1:source-row:283,1,10.0,0,1.0,0.0,0.0,8.268937636290275,
B0,late_stage,0,0,student-mat:dataset-version:1:source-row:284,1,11.0,0,1.0,0.0,0.0,8.579693687930872,
B0,late_stage,0,0,student-mat:dataset-version:1:source-row:291,2,15.0,2,0.0,0.0,1.0,15.312111121377114,
B0,late_stage,0,0,student-mat:dataset-version:1:source-row:299,2,16.0,2,0.0,0.0,1.0,15.467489147197412,
B0,late_stage,0,0,student-mat:dataset-version:1:source-row:303,2,18.0,2,0.0,0.0,1.0,17.608042941132627,
B0,late_stage,0,0,student-mat:dataset-version:1:source-row:318,1,10.0,1,0.0,1.0,0.0,10.720247481866087,
B0,late_stage,0,0,student-mat:dataset-version:1:source-row:325,1,11.0,1,0.0,1.0,0.0,11.402079314282945,
B0,late_stage,0,0,student-mat:dataset-version:1:source-row:334,0,0.0,0,1.0,0.0,0.0,8.579693687930872,
B0,late_stage,0,0,student-mat:dataset-version:1:source-row:342,2,15.0,2,0.0,0.0,1.0,15.467489147197412,
B0,late_stage,0,0,student-mat:dataset-version:1:source-row:347,0,9.0,0,1.0,0.0,0.0,9.57228157198833,
B0,late_stage,0,0,student-mat:dataset-version:1:source-row:357,1,11.0,1,0.0,1.0,0.0,11.868213391743843,
B0,late_stage,0,0,student-mat:dataset-version:1:source-row:362,1,10.0,1,0.0,1.0,0.0,10.720247481866087,
B0,late_stage,0,0,student-mat:dataset-version:1:source-row:371,1,12.0,1,0.0,1.0,0.0,12.178969443384442,
B0,late_stage,0,0,student-mat:dataset-version:1:source-row:374,2,19.0,2,0.0,0.0,1.0,18.911386876830683,
B0,late_stage,0,0,student-mat:dataset-version:1:source-row:382,1,10.0,1,0.0,1.0,0.0,10.720247481866087,
B0,late_stage,0,0,student-mat:dataset-version:1:source-row:384,0,5.0,0,1.0,0.0,0.0,3.9878300484198457,
B0,late_stage,0,0,student-mat:dataset-version:1:source-row:388,0,8.0,0,1.0,0.0,0.0,8.113559610469974,
M4,late_stage,0,42,student-mat:dataset-version:1:source-row:4,1,10.0,0,0.7880494594573975,0.10124773532152176,0.11070282012224197,,28fb6d0fc8b31e6a9c54e8ed71560720ef43bfb30c286a7053f818f29f833f17
M4,late_stage,0,42,student-mat:dataset-version:1:source-row:6,1,11.0,2,0.35445016622543335,0.1881561279296875,0.45739370584487915,,28fb6d0fc8b31e6a9c54e8ed71560720ef43bfb30c286a7053f818f29f833f17
M4,late_stage,0,42,student-mat:dataset-version:1:source-row:13,1,11.0,0,0.5931484699249268,0.16588184237480164,0.2409696877002716,,28fb6d0fc8b31e6a9c54e8ed71560720ef43bfb30c286a7053f818f29f833f17
M4,late_stage,0,42,student-mat:dataset-version:1:source-row:21,2,15.0,2,0.2017878293991089,0.15146225690841675,0.6467499136924744,,28fb6d0fc8b31e6a9c54e8ed71560720ef43bfb30c286a7053f818f29f833f17
M4,late_stage,0,42,student-mat:dataset-version:1:source-row:23,1,12.0,2,0.2561946511268616,0.17047119140625,0.5733341574668884,,28fb6d0fc8b31e6a9c54e8ed71560720ef43bfb30c286a7053f818f29f833f17
M4,late_stage,0,42,student-mat:dataset-version:1:source-row:26,1,11.0,2,0.35445016622543335,0.1881561279296875,0.45739370584487915,,28fb6d0fc8b31e6a9c54e8ed71560720ef43bfb30c286a7053f818f29f833f17
M4,late_stage,0,42,student-mat:dataset-version:1:source-row:27,2,15.0,2,0.11692440509796143,0.10551458597183228,0.7775610089302063,,28fb6d0fc8b31e6a9c54e8ed71560720ef43bfb30c286a7053f818f29f833f17
M4,late_stage,0,42,student-mat:dataset-version:1:source-row:36,2,18.0,2,0.11692440509796143,0.10551458597183228,0.7775610089302063,,28fb6d0fc8b31e6a9c54e8ed71560720ef43bfb30c286a7053f818f29f833f17
M4,late_stage,0,42,student-mat:dataset-version:1:source-row:49,0,7.0,0,0.889344334602356,0.05620317906141281,0.05445249378681183,,28fb6d0fc8b31e6a9c54e8ed71560720ef43bfb30c286a7053f818f29f833f17
M4,late_stage,0,42,student-mat:dataset-version:1:source-row:58,0,9.0,0,0.6681923866271973,0.144925057888031,0.18688255548477173,,28fb6d0fc8b31e6a9c54e8ed71560720ef43bfb30c286a7053f818f29f833f17
M4,late_stage,0,42,student-mat:dataset-version:1:source-row:60,1,11.0,0,0.5282700061798096,0.1792924404144287,0.29243752360343933,,28fb6d0fc8b31e6a9c54e8ed71560720ef43bfb30c286a7053f818f29f833f17
M4,late_stage,0,42,student-mat:dataset-version:1:source-row:62,0,9.0,0,0.724495530128479,0.12584136426448822,0.1496630758047104,,28fb6d0fc8b31e6a9c54e8ed71560720ef43bfb30c286a7053f818f29f833f17
M4,late_stage,0,42,student-mat:dataset-version:1:source-row:65,2,15.0,2,0.12367600202560425,0.10999512672424316,0.7663288712501526,,28fb6d0fc8b31e6a9c54e8ed71560720ef43bfb30c286a7053f818f29f833f17
M4,late_stage,0,42,student-mat:dataset-version:1:source-row:71,1,10.0,0,0.5931484699249268,0.16588184237480164,0.2409696877002716,,28fb6d0fc8b31e6a9c54e8ed71560720ef43bfb30c286a7053f818f29f833f17
M4,late_stage,0,42,student-mat:dataset-version:1:source-row:78,1,10.0,0,0.8355807662010193,0.08094729483127594,0.08347198367118835,,28fb6d0fc8b31e6a9c54e8ed71560720ef43bfb30c286a7053f818f29f833f17
M4,late_stage,0,42,student-mat:dataset-version:1:source-row:80,1,12.0,0,0.468916654586792,0.18716484308242798,0.34391850233078003,,28fb6d0fc8b31e6a9c54e8ed71560720ef43bfb30c286a7053f818f29f833f17
M4,late_stage,0,42,student-mat:dataset-version:1:source-row:82,0,6.0,0,0.9098604917526245,0.04629651829600334,0.04384300485253334,,28fb6d0fc8b31e6a9c54e8ed71560720ef43bfb30c286a7053f818f29f833f17
M4,late_stage,0,42,student-mat:dataset-version:1:source-row:84,1,10.0,0,0.6681923866271973,0.144925057888031,0.18688255548477173,,28fb6d0fc8b31e6a9c54e8ed71560720ef43bfb30c286a7053f818f29f833f17
M4,late_stage,0,42,student-mat:dataset-version:1:source-row:93,1,10.0,0,0.5183138847351074,0.18092215061187744,0.30076396465301514,,28fb6d0fc8b31e6a9c54e8ed71560720ef43bfb30c286a7053f818f29f833f17
M4,late_stage,0,42,student-mat:dataset-version:1:source-row:95,1,10.0,0,0.7627398371696472,0.11140717566013336,0.12585300207138062,,28fb6d0fc8b31e6a9c54e8ed71560720ef43bfb30c286a7053f818f29f833f17
M4,late_stage,0,42,student-mat:dataset-version:1:source-row:99,0,8.0,0,0.8178963661193848,0.08868025243282318,0.09342336654663086,,28fb6d0fc8b31e6a9c54e8ed71560720ef43bfb30c286a7053f818f29f833f17
M4,late_stage,0,42,student-mat:dataset-version:1:source-row:101,2,17.0,2,0.09400928020477295,0.08912408351898193,0.8168666362762451,,28fb6d0fc8b31e6a9c54e8ed71560720ef43bfb30c286a7053f818f29f833f17
M4,late_stage,0,42,student-mat:dataset-version:1:source-row:123,1,13.0,2,0.3152245283126831,0.18341749906539917,0.5013579726219177,,28fb6d0fc8b31e6a9c54e8ed71560720ef43bfb30c286a7053f818f29f833f17
M4,late_stage,0,42,student-mat:dataset-version:1:source-row:130,0,0.0,0,0.7996891736984253,0.09642050415277481,0.1038903072476387,,28fb6d0fc8b31e6a9c54e8ed71560720ef43bfb30c286a7053f818f29f833f17
M4,late_stage,0,42,student-mat:dataset-version:1:source-row:135,0,0.0,0,0.8483583927154541,0.07523182034492493,0.07640980184078217,,28fb6d0fc8b31e6a9c54e8ed71560720ef43bfb30c286a7053f818f29f833f17
M4,late_stage,0,42,student-mat:dataset-version:1:source-row:138,1,12.0,2,0.26903146505355835,0.1739259958267212,0.5570425391197205,,28fb6d0fc8b31e6a9c54e8ed71560720ef43bfb30c286a7053f818f29f833f17
M4,late_stage,0,42,student-mat:dataset-version:1:source-row:140,0,0.0,0,0.8178963661193848,0.08868025243282318,0.09342336654663086,,28fb6d0fc8b31e6a9c54e8ed71560720ef43bfb30c286a7053f818f29f833f17
M4,late_stage,0,42,student-mat:dataset-version:1:source-row:150,0,0.0,0,0.930688202381134,0.03599097579717636,0.03332086652517319,,28fb6d0fc8b31e6a9c54e8ed71560720ef43bfb30c286a7053f818f29f833f17
M4,late_stage,0,42,student-mat:dataset-version:1:source-row:157,1,10.0,0,0.8003907203674316,0.09612651914358139,0.10348276048898697,,28fb6d0fc8b31e6a9c54e8ed71560720ef43bfb30c286a7053f818f29f833f17
M4,late_stage,0,42,student-mat:dataset-version:1:source-row:162,0,0.0,0,0.9483527541160583,0.027060767635703087,0.024586522951722145,,28fb6d0fc8b31e6a9c54e8ed71560720ef43bfb30c286a7053f818f29f833f17
M4,late_stage,0,42,student-mat:dataset-version:1:source-row:165,1,12.0,0,0.40960925817489624,0.19022950530052185,0.4001612365245819,,28fb6d0fc8b31e6a9c54e8ed71560720ef43bfb30c286a7053f818f29f833f17
M4,late_stage,0,42,student-mat:dataset-version:1:source-row:173,0,0.0,0,0.8720116019248962,0.06437698751688004,0.06361142545938492,,28fb6d0fc8b31e6a9c54e8ed71560720ef43bfb30c286a7053f818f29f833f17
M4,late_stage,0,42,student-mat:dataset-version:1:source-row:176,1,11.0,2,0.2561946511268616,0.17047119140625,0.5733341574668884,,28fb6d0fc8b31e6a9c54e8ed71560720ef43bfb30c286a7053f818f29f833f17
M4,late_stage,0,42,student-mat:dataset-version:1:source-row:179,1,11.0,0,0.5931484699249268,0.16588184237480164,0.2409696877002716,,28fb6d0fc8b31e6a9c54e8ed71560720ef43bfb30c286a7053f818f29f833f17
M4,late_stage,0,42,student-mat:dataset-version:1:source-row:180,0,8.0,0,0.8003907203674316,0.09612651914358139,0.10348276048898697,,28fb6d0fc8b31e6a9c54e8ed71560720ef43bfb30c286a7053f818f29f833f17
M4,late_stage,0,42,student-mat:dataset-version:1:source-row:182,2,17.0,2,0.09400928020477295,0.08912408351898193,0.8168666362762451,,28fb6d0fc8b31e6a9c54e8ed71560720ef43bfb30c286a7053f818f29f833f17
M4,late_stage,0,42,student-mat:dataset-version:1:source-row:195,2,15.0,2,0.15292733907699585,0.12768036127090454,0.7193922996520996,,28fb6d0fc8b31e6a9c54e8ed71560720ef43bfb30c286a7053f818f29f833f17
M4,late_stage,0,42,student-mat:dataset-version:1:source-row:205,0,9.0,0,0.674607515335083,0.1428883671760559,0.1825040876865387,,28fb6d0fc8b31e6a9c54e8ed71560720ef43bfb30c286a7053f818f29f833f17
M4,late_stage,0,42,student-mat:dataset-version:1:source-row:209,0,7.0,0,0.889344334602356,0.05620317906141281,0.05445249378681183,,28fb6d0fc8b31e6a9c54e8ed71560720ef43bfb30c286a7053f818f29f833f17
M4,late_stage,0,42,student-mat:dataset-version:1:source-row:210,0,8.0,0,0.8355807662010193,0.08094729483127594,0.08347198367118835,,28fb6d0fc8b31e6a9c54e8ed71560720ef43bfb30c286a7053f818f29f833f17
M4,late_stage,0,42,student-mat:dataset-version:1:source-row:216,0,4.0,0,0.9186525940895081,0.041976198554039,0.03937120735645294,,28fb6d0fc8b31e6a9c54e8ed71560720ef43bfb30c286a7053f818f29f833f17
M4,late_stage,0,42,student-mat:dataset-version:1:source-row:220,0,6.0,0,0.9186525940895081,0.041976198554039,0.03937120735645294,,28fb6d0fc8b31e6a9c54e8ed71560720ef43bfb30c286a7053f818f29f833f17
M4,late_stage,0,42,student-mat:dataset-version:1:source-row:229,1,12.0,0,0.4664079546928406,0.18739625811576843,0.346195787191391,,28fb6d0fc8b31e6a9c54e8ed71560720ef43bfb30c286a7053f818f29f833f17
M4,late_stage,0,42,student-mat:dataset-version:1:source-row:237,1,12.0,2,0.30958616733551025,0.1824944019317627,0.507919430732727,,28fb6d0fc8b31e6a9c54e8ed71560720ef43bfb30c286a7053f818f29f833f17
M4,late_stage,0,42,student-mat:dataset-version:1:source-row:238,1,11.0,2,0.3609018325805664,0.1886652708053589,0.4504328966140747,,28fb6d0fc8b31e6a9c54e8ed71560720ef43bfb30c286a7053f818f29f833f17
M4,late_stage,0,42,student-mat:dataset-version:1:source-row:246,1,13.0,2,0.35445016622543335,0.1881561279296875,0.45739370584487915,,28fb6d0fc8b31e6a9c54e8ed71560720ef43bfb30c286a7053f818f29f833f17
M4,late_stage,0,42,student-mat:dataset-version:1:source-row:254,1,12.0,0,0.6052658557891846,0.16287262737751007,0.23186154663562775,,28fb6d0fc8b31e6a9c54e8ed71560720ef43bfb30c286a7053f818f29f833f17
M4,late_stage,0,42,student-mat:dataset-version:1:source-row:283,1,10.0,0,0.7860353589057922,0.10207327455282211,0.11189141124486923,,28fb6d0fc8b31e6a9c54e8ed71560720ef43bfb30c286a7053f818f29f833f17
M4,late_stage,0,42,student-mat:dataset-version:1:source-row:284,1,11.0,0,0.674607515335083,0.1428883671760559,0.1825040876865387,,28fb6d0fc8b31e6a9c54e8ed71560720ef43bfb30c286a7053f818f29f833f17
M4,late_stage,0,42,student-mat:dataset-version:1:source-row:291,2,15.0,2,0.1363663673400879,0.11800563335418701,0.7456279993057251,,28fb6d0fc8b31e6a9c54e8ed71560720ef43bfb30c286a7053f818f29f833f17
M4,late_stage,0,42,student-mat:dataset-version:1:source-row:299,2,16.0,2,0.12367600202560425,0.10999512672424316,0.7663288712501526,,28fb6d0fc8b31e6a9c54e8ed71560720ef43bfb30c286a7053f818f29f833f17
M4,late_stage,0,42,student-mat:dataset-version:1:source-row:303,2,18.0,2,0.0873788595199585,0.08402746915817261,0.8285936713218689,,28fb6d0fc8b31e6a9c54e8ed71560720ef43bfb30c286a7053f818f29f833f17
M4,late_stage,0,42,student-mat:dataset-version:1:source-row:318,1,10.0,0,0.4542296528816223,0.18839606642723083,0.35737428069114685,,28fb6d0fc8b31e6a9c54e8ed71560720ef43bfb30c286a7053f818f29f833f17
M4,late_stage,0,42,student-mat:dataset-version:1:source-row:325,1,11.0,0,0.5413588285446167,0.17697030305862427,0.2816708981990814,,28fb6d0fc8b31e6a9c54e8ed71560720ef43bfb30c286a7053f818f29f833f17
M4,late_stage,0,42,student-mat:dataset-version:1:source-row:334,0,0.0,0,0.674607515335083,0.1428883671760559,0.1825040876865387,,28fb6d0fc8b31e6a9c54e8ed71560720ef43bfb30c286a7053f818f29f833f17
M4,late_stage,0,42,student-mat:dataset-version:1:source-row:342,2,15.0,2,0.12367600202560425,0.10999512672424316,0.7663288712501526,,28fb6d0fc8b31e6a9c54e8ed71560720ef43bfb30c286a7053f818f29f833f17
M4,late_stage,0,42,student-mat:dataset-version:1:source-row:347,0,9.0,0,0.5931484699249268,0.16588184237480164,0.2409696877002716,,28fb6d0fc8b31e6a9c54e8ed71560720ef43bfb30c286a7053f818f29f833f17
M4,late_stage,0,42,student-mat:dataset-version:1:source-row:357,1,11.0,2,0.35445016622543335,0.1881561279296875,0.45739370584487915,,28fb6d0fc8b31e6a9c54e8ed71560720ef43bfb30c286a7053f818f29f833f17
M4,late_stage,0,42,student-mat:dataset-version:1:source-row:362,1,10.0,0,0.4542296528816223,0.18839606642723083,0.35737428069114685,,28fb6d0fc8b31e6a9c54e8ed71560720ef43bfb30c286a7053f818f29f833f17
M4,late_stage,0,42,student-mat:dataset-version:1:source-row:371,1,12.0,2,0.26903146505355835,0.1739259958267212,0.5570425391197205,,28fb6d0fc8b31e6a9c54e8ed71560720ef43bfb30c286a7053f818f29f833f17
M4,late_stage,0,42,student-mat:dataset-version:1:source-row:374,2,19.0,2,0.07108443975448608,0.07079404592514038,0.8581215143203735,,28fb6d0fc8b31e6a9c54e8ed71560720ef43bfb30c286a7053f818f29f833f17
M4,late_stage,0,42,student-mat:dataset-version:1:source-row:382,1,10.0,0,0.4542296528816223,0.18839606642723083,0.35737428069114685,,28fb6d0fc8b31e6a9c54e8ed71560720ef43bfb30c286a7053f818f29f833f17
M4,late_stage,0,42,student-mat:dataset-version:1:source-row:384,0,5.0,0,0.930688202381134,0.03599097579717636,0.03332086652517319,,28fb6d0fc8b31e6a9c54e8ed71560720ef43bfb30c286a7053f818f29f833f17
M4,late_stage,0,42,student-mat:dataset-version:1:source-row:388,0,8.0,0,0.8178963661193848,0.08868025243282318,0.09342336654663086,,28fb6d0fc8b31e6a9c54e8ed71560720ef43bfb30c286a7053f818f29f833f17
M0,early_warning,0,42,student-mat:dataset-version:1:source-row:4,1,10.0,2,0.3314788341522217,0.3243522047996521,0.34416893124580383,,
M0,early_warning,0,42,student-mat:dataset-version:1:source-row:6,1,11.0,2,0.28330034017562866,0.3531171381473541,0.3635825216770172,,
M0,early_warning,0,42,student-mat:dataset-version:1:source-row:13,1,11.0,2,0.2770105302333832,0.3411550521850586,0.3818344473838806,,
M0,early_warning,0,42,student-mat:dataset-version:1:source-row:21,2,15.0,2,0.28330034017562866,0.3531171381473541,0.3635825216770172,,
M0,early_warning,0,42,student-mat:dataset-version:1:source-row:23,1,12.0,1,0.2921619415283203,0.3704228401184082,0.3374152183532715,,
M0,early_warning,0,42,student-mat:dataset-version:1:source-row:26,1,11.0,2,0.28330034017562866,0.3531171381473541,0.3635825216770172,,
M0,early_warning,0,42,student-mat:dataset-version:1:source-row:27,2,15.0,1,0.2982652187347412,0.40210622549057007,0.2996286153793335,,
M0,early_warning,0,42,student-mat:dataset-version:1:source-row:36,2,18.0,1,0.2982652187347412,0.40210622549057007,0.2996286153793335,,
M0,early_warning,0,42,student-mat:dataset-version:1:source-row:49,0,7.0,2,0.3236163854598999,0.3239702880382538,0.3524132966995239,,
M0,early_warning,0,42,student-mat:dataset-version:1:source-row:58,0,9.0,2,0.28995946049690247,0.3328714370727539,0.377169132232666,,
M0,early_warning,0,42,student-mat:dataset-version:1:source-row:60,1,11.0,2,0.2770105302333832,0.3411550521850586,0.3818344473838806,,
M0,early_warning,0,42,student-mat:dataset-version:1:source-row:62,0,9.0,2,0.308552086353302,0.32786521315574646,0.36358267068862915,,
M0,early_warning,0,42,student-mat:dataset-version:1:source-row:65,2,15.0,1,0.298929899930954,0.4169375002384186,0.28413262963294983,,
M0,early_warning,0,42,student-mat:dataset-version:1:source-row:71,1,10.0,2,0.2770105302333832,0.3411550521850586,0.3818344473838806,,
M0,early_warning,0,42,student-mat:dataset-version:1:source-row:78,1,10.0,2,0.308552086353302,0.32786521315574646,0.36358267068862915,,
M0,early_warning,0,42,student-mat:dataset-version:1:source-row:80,1,12.0,2,0.2770105302333832,0.3411550521850586,0.3818344473838806,,
M0,early_warning,0,42,student-mat:dataset-version:1:source-row:82,0,6.0,2,0.3236163854598999,0.3239702880382538,0.3524132966995239,,
M0,early_warning,0,42,student-mat:dataset-version:1:source-row:84,1,10.0,2,0.28995946049690247,0.3328714370727539,0.377169132232666,,
M0,early_warning,0,42,student-mat:dataset-version:1:source-row:93,1,10.0,2,0.27646875381469727,0.34783217310905457,0.37569910287857056,,
M0,early_warning,0,42,student-mat:dataset-version:1:source-row:95,1,10.0,2,0.3236163854598999,0.3239702880382538,0.3524132966995239,,
M0,early_warning,0,42,student-mat:dataset-version:1:source-row:99,0,8.0,2,0.3236163854598999,0.3239702880382538,0.3524132966995239,,
M0,early_warning,0,42,student-mat:dataset-version:1:source-row:101,2,17.0,1,0.298929899930954,0.4169375002384186,0.28413262963294983,,
M0,early_warning,0,42,student-mat:dataset-version:1:source-row:123,1,13.0,1,0.2975848913192749,0.3880271315574646,0.3143879771232605,,
M0,early_warning,0,42,student-mat:dataset-version:1:source-row:130,0,0.0,2,0.28330034017562866,0.3531171381473541,0.3635825216770172,,
M0,early_warning,0,42,student-mat:dataset-version:1:source-row:135,0,0.0,2,0.27646875381469727,0.34783217310905457,0.37569910287857056,,
M0,early_warning,0,42,student-mat:dataset-version:1:source-row:138,1,12.0,1,0.2975848913192749,0.3880271315574646,0.3143879771232605,,
M0,early_warning,0,42,student-mat:dataset-version:1:source-row:140,0,0.0,2,0.3236163854598999,0.3239702880382538,0.3524132966995239,,
M0,early_warning,0,42,student-mat:dataset-version:1:source-row:150,0,0.0,2,0.3314788341522217,0.3243522047996521,0.34416893124580383,,
M0,early_warning,0,42,student-mat:dataset-version:1:source-row:157,1,10.0,2,0.28995946049690247,0.3328714370727539,0.377169132232666,,
M0,early_warning,0,42,student-mat:dataset-version:1:source-row:162,0,0.0,2,0.3236163854598999,0.3239702880382538,0.3524132966995239,,
M0,early_warning,0,42,student-mat:dataset-version:1:source-row:165,1,12.0,2,0.28330034017562866,0.3531171381473541,0.3635825216770172,,
M0,early_warning,0,42,student-mat:dataset-version:1:source-row:173,0,0.0,2,0.308552086353302,0.32786521315574646,0.36358267068862915,,
M0,early_warning,0,42,student-mat:dataset-version:1:source-row:176,1,11.0,1,0.2921619415283203,0.3704228401184082,0.3374152183532715,,
M0,early_warning,0,42,student-mat:dataset-version:1:source-row:179,1,11.0,2,0.2770105302333832,0.3411550521850586,0.3818344473838806,,
M0,early_warning,0,42,student-mat:dataset-version:1:source-row:180,0,8.0,2,0.28995946049690247,0.3328714370727539,0.377169132232666,,
M0,early_warning,0,42,student-mat:dataset-version:1:source-row:182,2,17.0,1,0.298929899930954,0.4169375002384186,0.28413262963294983,,
M0,early_warning,0,42,student-mat:dataset-version:1:source-row:195,2,15.0,1,0.2975848913192749,0.3880271315574646,0.3143879771232605,,
M0,early_warning,0,42,student-mat:dataset-version:1:source-row:205,0,9.0,2,0.2770105302333832,0.3411550521850586,0.3818344473838806,,
M0,early_warning,0,42,student-mat:dataset-version:1:source-row:209,0,7.0,2,0.3236163854598999,0.3239702880382538,0.3524132966995239,,
M0,early_warning,0,42,student-mat:dataset-version:1:source-row:210,0,8.0,2,0.308552086353302,0.32786521315574646,0.36358267068862915,,
M0,early_warning,0,42,student-mat:dataset-version:1:source-row:216,0,4.0,2,0.3314788341522217,0.3243522047996521,0.34416893124580383,,
M0,early_warning,0,42,student-mat:dataset-version:1:source-row:220,0,6.0,2,0.3314788341522217,0.3243522047996521,0.34416893124580383,,
M0,early_warning,0,42,student-mat:dataset-version:1:source-row:229,1,12.0,2,0.28330034017562866,0.3531171381473541,0.3635825216770172,,
M0,early_warning,0,42,student-mat:dataset-version:1:source-row:237,1,12.0,1,0.2921619415283203,0.3704228401184082,0.3374152183532715,,
M0,early_warning,0,42,student-mat:dataset-version:1:source-row:238,1,11.0,1,0.2921619415283203,0.3704228401184082,0.3374152183532715,,
M0,early_warning,0,42,student-mat:dataset-version:1:source-row:246,1,13.0,2,0.28330034017562866,0.3531171381473541,0.3635825216770172,,
M0,early_warning,0,42,student-mat:dataset-version:1:source-row:254,1,12.0,2,0.308552086353302,0.32786521315574646,0.36358267068862915,,
M0,early_warning,0,42,student-mat:dataset-version:1:source-row:283,1,10.0,2,0.308552086353302,0.32786521315574646,0.36358267068862915,,
M0,early_warning,0,42,student-mat:dataset-version:1:source-row:284,1,11.0,2,0.2770105302333832,0.3411550521850586,0.3818344473838806,,
M0,early_warning,0,42,student-mat:dataset-version:1:source-row:291,2,15.0,1,0.2982652187347412,0.40210622549057007,0.2996286153793335,,
M0,early_warning,0,42,student-mat:dataset-version:1:source-row:299,2,16.0,1,0.298929899930954,0.4169375002384186,0.28413262963294983,,
M0,early_warning,0,42,student-mat:dataset-version:1:source-row:303,2,18.0,1,0.2991921901702881,0.43173298239707947,0.26907479763031006,,
M0,early_warning,0,42,student-mat:dataset-version:1:source-row:318,1,10.0,2,0.27646875381469727,0.34783217310905457,0.37569910287857056,,
M0,early_warning,0,42,student-mat:dataset-version:1:source-row:325,1,11.0,2,0.28995946049690247,0.3328714370727539,0.377169132232666,,
M0,early_warning,0,42,student-mat:dataset-version:1:source-row:334,0,0.0,2,0.2770105302333832,0.3411550521850586,0.3818344473838806,,
M0,early_warning,0,42,student-mat:dataset-version:1:source-row:342,2,15.0,1,0.298929899930954,0.4169375002384186,0.28413262963294983,,
M0,early_warning,0,42,student-mat:dataset-version:1:source-row:347,0,9.0,2,0.2770105302333832,0.3411550521850586,0.3818344473838806,,
M0,early_warning,0,42,student-mat:dataset-version:1:source-row:357,1,11.0,2,0.28330034017562866,0.3531171381473541,0.3635825216770172,,
M0,early_warning,0,42,student-mat:dataset-version:1:source-row:362,1,10.0,2,0.27646875381469727,0.34783217310905457,0.37569910287857056,,
M0,early_warning,0,42,student-mat:dataset-version:1:source-row:371,1,12.0,1,0.2975848913192749,0.3880271315574646,0.3143879771232605,,
M0,early_warning,0,42,student-mat:dataset-version:1:source-row:374,2,19.0,1,0.2985394299030304,0.46109819412231445,0.24036242067813873,,
M0,early_warning,0,42,student-mat:dataset-version:1:source-row:382,1,10.0,2,0.27646875381469727,0.34783217310905457,0.37569910287857056,,
M0,early_warning,0,42,student-mat:dataset-version:1:source-row:384,0,5.0,2,0.3314788341522217,0.3243522047996521,0.34416893124580383,,
M0,early_warning,0,42,student-mat:dataset-version:1:source-row:388,0,8.0,2,0.3236163854598999,0.3239702880382538,0.3524132966995239,,
M1,early_warning,0,42,student-mat:dataset-version:1:source-row:4,1,10.0,2,0.40145987272262573,0.17897814512252808,0.4195619821548462,,
M1,early_warning,0,42,student-mat:dataset-version:1:source-row:6,1,11.0,2,0.3053514361381531,0.17017197608947754,0.5244765877723694,,
M1,early_warning,0,42,student-mat:dataset-version:1:source-row:13,1,11.0,2,0.35749995708465576,0.17687726020812988,0.46562278270721436,,
M1,early_warning,0,42,student-mat:dataset-version:1:source-row:21,2,15.0,2,0.3053514361381531,0.17017197608947754,0.5244765877723694,,
M1,early_warning,0,42,student-mat:dataset-version:1:source-row:23,1,12.0,2,0.26874035596847534,0.16243308782577515,0.5688265562057495,,
M1,early_warning,0,42,student-mat:dataset-version:1:source-row:26,1,11.0,2,0.3053514361381531,0.17017197608947754,0.5244765877723694,,
M1,early_warning,0,42,student-mat:dataset-version:1:source-row:27,2,15.0,2,0.19581395387649536,0.13850653171539307,0.6656795144081116,,
M1,early_warning,0,42,student-mat:dataset-version:1:source-row:36,2,18.0,2,0.19581395387649536,0.13850653171539307,0.6656795144081116,,
M1,early_warning,0,42,student-mat:dataset-version:1:source-row:49,0,7.0,2,0.3919205665588379,0.17878040671348572,0.4292990267276764,,
M1,early_warning,0,42,student-mat:dataset-version:1:source-row:58,0,9.0,2,0.3688967227935791,0.17771881818771362,0.4533844590187073,,
M1,early_warning,0,42,student-mat:dataset-version:1:source-row:60,1,11.0,2,0.35749995708465576,0.17687726020812988,0.46562278270721436,,
M1,early_warning,0,42,student-mat:dataset-version:1:source-row:62,0,9.0,2,0.384493350982666,0.17852935194969177,0.4369772970676422,,
M1,early_warning,0,42,student-mat:dataset-version:1:source-row:65,2,15.0,2,0.1638084053993225,0.12396913766860962,0.7122224569320679,,
M1,early_warning,0,42,student-mat:dataset-version:1:source-row:71,1,10.0,2,0.35749995708465576,0.17687726020812988,0.46562278270721436,,
M1,early_warning,0,42,student-mat:dataset-version:1:source-row:78,1,10.0,2,0.384493350982666,0.17852935194969177,0.4369772970676422,,
M1,early_warning,0,42,student-mat:dataset-version:1:source-row:80,1,12.0,2,0.35749995708465576,0.17687726020812988,0.46562278270721436,,
M1,early_warning,0,42,student-mat:dataset-version:1:source-row:82,0,6.0,2,0.3919205665588379,0.17878040671348572,0.4292990267276764,,
M1,early_warning,0,42,student-mat:dataset-version:1:source-row:84,1,10.0,2,0.3688967227935791,0.17771881818771362,0.4533844590187073,,
M1,early_warning,0,42,student-mat:dataset-version:1:source-row:93,1,10.0,2,0.335016667842865,0.17457622289657593,0.4904071092605591,,
M1,early_warning,0,42,student-mat:dataset-version:1:source-row:95,1,10.0,2,0.3919205665588379,0.17878040671348572,0.4292990267276764,,
M1,early_warning,0,42,student-mat:dataset-version:1:source-row:99,0,8.0,2,0.3919205665588379,0.17878040671348572,0.4292990267276764,,
M1,early_warning,0,42,student-mat:dataset-version:1:source-row:101,2,17.0,2,0.1638084053993225,0.12396913766860962,0.7122224569320679,,
M1,early_warning,0,42,student-mat:dataset-version:1:source-row:123,1,13.0,2,0.23233532905578613,0.15199369192123413,0.6156709790229797,,
M1,early_warning,0,42,student-mat:dataset-version:1:source-row:130,0,0.0,2,0.3053514361381531,0.17017197608947754,0.5244765877723694,,
M1,early_warning,0,42,student-mat:dataset-version:1:source-row:135,0,0.0,2,0.335016667842865,0.17457622289657593,0.4904071092605591,,
M1,early_warning,0,42,student-mat:dataset-version:1:source-row:138,1,12.0,2,0.23233532905578613,0.15199369192123413,0.6156709790229797,,
M1,early_warning,0,42,student-mat:dataset-version:1:source-row:140,0,0.0,2,0.3919205665588379,0.17878040671348572,0.4292990267276764,,
M1,early_warning,0,42,student-mat:dataset-version:1:source-row:150,0,0.0,2,0.40145987272262573,0.17897814512252808,0.4195619821548462,,
M1,early_warning,0,42,student-mat:dataset-version:1:source-row:157,1,10.0,2,0.3688967227935791,0.17771881818771362,0.4533844590187073,,
M1,early_warning,0,42,student-mat:dataset-version:1:source-row:162,0,0.0,2,0.3919205665588379,0.17878040671348572,0.4292990267276764,,
M1,early_warning,0,42,student-mat:dataset-version:1:source-row:165,1,12.0,2,0.3053514361381531,0.17017197608947754,0.5244765877723694,,
M1,early_warning,0,42,student-mat:dataset-version:1:source-row:173,0,0.0,2,0.384493350982666,0.17852935194969177,0.4369772970676422,,
M1,early_warning,0,42,student-mat:dataset-version:1:source-row:176,1,11.0,2,0.26874035596847534,0.16243308782577515,0.5688265562057495,,
M1,early_warning,0,42,student-mat:dataset-version:1:source-row:179,1,11.0,2,0.35749995708465576,0.17687726020812988,0.46562278270721436,,
M1,early_warning,0,42,student-mat:dataset-version:1:source-row:180,0,8.0,2,0.3688967227935791,0.17771881818771362,0.4533844590187073,,
M1,early_warning,0,42,student-mat:dataset-version:1:source-row:182,2,17.0,2,0.1638084053993225,0.12396913766860962,0.7122224569320679,,
M1,early_warning,0,42,student-mat:dataset-version:1:source-row:195,2,15.0,2,0.23233532905578613,0.15199369192123413,0.6156709790229797,,
M1,early_warning,0,42,student-mat:dataset-version:1:source-row:205,0,9.0,2,0.35749995708465576,0.17687726020812988,0.46562278270721436,,
M1,early_warning,0,42,student-mat:dataset-version:1:source-row:209,0,7.0,2,0.3919205665588379,0.17878040671348572,0.4292990267276764,,
M1,early_warning,0,42,student-mat:dataset-version:1:source-row:210,0,8.0,2,0.384493350982666,0.17852935194969177,0.4369772970676422,,
M1,early_warning,0,42,student-mat:dataset-version:1:source-row:216,0,4.0,2,0.40145987272262573,0.17897814512252808,0.4195619821548462,,
M1,early_warning,0,42,student-mat:dataset-version:1:source-row:220,0,6.0,2,0.40145987272262573,0.17897814512252808,0.4195619821548462,,
M1,early_warning,0,42,student-mat:dataset-version:1:source-row:229,1,12.0,2,0.3053514361381531,0.17017197608947754,0.5244765877723694,,
M1,early_warning,0,42,student-mat:dataset-version:1:source-row:237,1,12.0,2,0.26874035596847534,0.16243308782577515,0.5688265562057495,,
M1,early_warning,0,42,student-mat:dataset-version:1:source-row:238,1,11.0,2,0.26874035596847534,0.16243308782577515,0.5688265562057495,,
M1,early_warning,0,42,student-mat:dataset-version:1:source-row:246,1,13.0,2,0.3053514361381531,0.17017197608947754,0.5244765877723694,,
M1,early_warning,0,42,student-mat:dataset-version:1:source-row:254,1,12.0,2,0.384493350982666,0.17852935194969177,0.4369772970676422,,
M1,early_warning,0,42,student-mat:dataset-version:1:source-row:283,1,10.0,2,0.384493350982666,0.17852935194969177,0.4369772970676422,,
M1,early_warning,0,42,student-mat:dataset-version:1:source-row:284,1,11.0,2,0.35749995708465576,0.17687726020812988,0.46562278270721436,,
M1,early_warning,0,42,student-mat:dataset-version:1:source-row:291,2,15.0,2,0.19581395387649536,0.13850653171539307,0.6656795144081116,,
M1,early_warning,0,42,student-mat:dataset-version:1:source-row:299,2,16.0,2,0.1638084053993225,0.12396913766860962,0.7122224569320679,,
M1,early_warning,0,42,student-mat:dataset-version:1:source-row:303,2,18.0,2,0.13614851236343384,0.10917770862579346,0.7546737790107727,,
M1,early_warning,0,42,student-mat:dataset-version:1:source-row:318,1,10.0,2,0.335016667842865,0.17457622289657593,0.4904071092605591,,
M1,early_warning,0,42,student-mat:dataset-version:1:source-row:325,1,11.0,2,0.3688967227935791,0.17771881818771362,0.4533844590187073,,
M1,early_warning,0,42,student-mat:dataset-version:1:source-row:334,0,0.0,2,0.35749995708465576,0.17687726020812988,0.46562278270721436,,
M1,early_warning,0,42,student-mat:dataset-version:1:source-row:342,2,15.0,2,0.1638084053993225,0.12396913766860962,0.7122224569320679,,
M1,early_warning,0,42,student-mat:dataset-version:1:source-row:347,0,9.0,2,0.35749995708465576,0.17687726020812988,0.46562278270721436,,
M1,early_warning,0,42,student-mat:dataset-version:1:source-row:357,1,11.0,2,0.3053514361381531,0.17017197608947754,0.5244765877723694,,
M1,early_warning,0,42,student-mat:dataset-version:1:source-row:362,1,10.0,2,0.335016667842865,0.17457622289657593,0.4904071092605591,,
M1,early_warning,0,42,student-mat:dataset-version:1:source-row:371,1,12.0,2,0.23233532905578613,0.15199369192123413,0.6156709790229797,,
M1,early_warning,0,42,student-mat:dataset-version:1:source-row:374,2,19.0,2,0.09257054328918457,0.08126473426818848,0.826164722442627,,
M1,early_warning,0,42,student-mat:dataset-version:1:source-row:382,1,10.0,2,0.335016667842865,0.17457622289657593,0.4904071092605591,,
M1,early_warning,0,42,student-mat:dataset-version:1:source-row:384,0,5.0,2,0.40145987272262573,0.17897814512252808,0.4195619821548462,,
M1,early_warning,0,42,student-mat:dataset-version:1:source-row:388,0,8.0,2,0.3919205665588379,0.17878040671348572,0.4292990267276764,,
M2,early_warning,0,42,student-mat:dataset-version:1:source-row:4,1,10.0,2,0.3889322280883789,0.1786770522594452,0.4323907196521759,10.845419645656715,
M2,early_warning,0,42,student-mat:dataset-version:1:source-row:6,1,11.0,2,0.31118232011795044,0.1711522340774536,0.517665445804596,9.837554328156434,
M2,early_warning,0,42,student-mat:dataset-version:1:source-row:13,1,11.0,2,0.35379868745803833,0.1765449047088623,0.46965640783309937,10.5042715784939,
M2,early_warning,0,42,student-mat:dataset-version:1:source-row:21,2,15.0,2,0.31118232011795044,0.1711522340774536,0.517665445804596,9.837554328156434,
M2,early_warning,0,42,student-mat:dataset-version:1:source-row:23,1,12.0,2,0.27897536754608154,0.16485202312469482,0.5561726093292236,9.331032691627488,
M2,early_warning,0,42,student-mat:dataset-version:1:source-row:26,1,11.0,2,0.31118232011795044,0.1711522340774536,0.517665445804596,9.837554328156434,
M2,early_warning,0,42,student-mat:dataset-version:1:source-row:27,2,15.0,2,0.20992791652679443,0.14408326148986816,0.6459888219833374,8.29655244707028,
M2,early_warning,0,42,student-mat:dataset-version:1:source-row:36,2,18.0,2,0.20992791652679443,0.14408326148986816,0.6459888219833374,8.29655244707028,
M2,early_warning,0,42,student-mat:dataset-version:1:source-row:49,0,7.0,2,0.3791043758392334,0.17828041315078735,0.44261521100997925,10.661236112981527,
M2,early_warning,0,42,student-mat:dataset-version:1:source-row:58,0,9.0,2,0.3604418635368347,0.17710232734680176,0.4624558091163635,10.492090208157716,
M2,early_warning,0,42,student-mat:dataset-version:1:source-row:60,1,11.0,2,0.35379868745803833,0.1765449047088623,0.46965640783309937,10.5042715784939,
M2,early_warning,0,42,student-mat:dataset-version:1:source-row:62,0,9.0,2,0.3701654076576233,0.17778658866882324,0.45204800367355347,10.550002505400428,
M2,early_warning,0,42,student-mat:dataset-version:1:source-row:65,2,15.0,2,0.17906612157821655,0.13122022151947021,0.6897136569023132,7.796501394069638,
M2,early_warning,0,42,student-mat:dataset-version:1:source-row:71,1,10.0,2,0.35379868745803833,0.1765449047088623,0.46965640783309937,10.5042715784939,
M2,early_warning,0,42,student-mat:dataset-version:1:source-row:78,1,10.0,2,0.3701654076576233,0.17778658866882324,0.45204800367355347,10.550002505400428,
M2,early_warning,0,42,student-mat:dataset-version:1:source-row:80,1,12.0,2,0.35379868745803833,0.1765449047088623,0.46965640783309937,10.5042715784939,
M2,early_warning,0,42,student-mat:dataset-version:1:source-row:82,0,6.0,2,0.3791043758392334,0.17828041315078735,0.44261521100997925,10.661236112981527,
M2,early_warning,0,42,student-mat:dataset-version:1:source-row:84,1,10.0,2,0.3604418635368347,0.17710232734680176,0.4624558091163635,10.492090208157716,
M2,early_warning,0,42,student-mat:dataset-version:1:source-row:93,1,10.0,2,0.3373866677284241,0.17484694719314575,0.4877663850784302,10.287051308221118,
M2,early_warning,0,42,student-mat:dataset-version:1:source-row:95,1,10.0,2,0.3791043758392334,0.17828041315078735,0.44261521100997925,10.661236112981527,
M2,early_warning,0,42,student-mat:dataset-version:1:source-row:99,0,8.0,2,0.3791043758392334,0.17828041315078735,0.44261521100997925,10.661236112981527,
M2,early_warning,0,42,student-mat:dataset-version:1:source-row:101,2,17.0,2,0.17906612157821655,0.13122022151947021,0.6897136569023132,7.796501394069638,
M2,early_warning,0,42,student-mat:dataset-version:1:source-row:123,1,13.0,2,0.2445243000984192,0.1557970643043518,0.599678635597229,8.796603364731379,
M2,early_warning,0,42,student-mat:dataset-version:1:source-row:130,0,0.0,2,0.31118232011795044,0.1711522340774536,0.517665445804596,9.837554328156434,
M2,early_warning,0,42,student-mat:dataset-version:1:source-row:135,0,0.0,2,0.3373866677284241,0.17484694719314575,0.4877663850784302,10.287051308221118,
M2,early_warning,0,42,student-mat:dataset-version:1:source-row:138,1,12.0,2,0.2445243000984192,0.1557970643043518,0.599678635597229,8.796603364731379,
M2,early_warning,0,42,student-mat:dataset-version:1:source-row:140,0,0.0,2,0.3791043758392334,0.17828041315078735,0.44261521100997925,10.661236112981527,
M2,early_warning,0,42,student-mat:dataset-version:1:source-row:150,0,0.0,2,0.3889322280883789,0.1786770522594452,0.4323907196521759,10.845419645656715,
M2,early_warning,0,42,student-mat:dataset-version:1:source-row:157,1,10.0,2,0.3604418635368347,0.17710232734680176,0.4624558091163635,10.492090208157716,
M2,early_warning,0,42,student-mat:dataset-version:1:source-row:162,0,0.0,2,0.3791043758392334,0.17828041315078735,0.44261521100997925,10.661236112981527,
M2,early_warning,0,42,student-mat:dataset-version:1:source-row:165,1,12.0,2,0.31118232011795044,0.1711522340774536,0.517665445804596,9.837554328156434,
M2,early_warning,0,42,student-mat:dataset-version:1:source-row:173,0,0.0,2,0.3701654076576233,0.17778658866882324,0.45204800367355347,10.550002505400428,
M2,early_warning,0,42,student-mat:dataset-version:1:source-row:176,1,11.0,2,0.27897536754608154,0.16485202312469482,0.5561726093292236,9.331032691627488,
M2,early_warning,0,42,student-mat:dataset-version:1:source-row:179,1,11.0,2,0.35379868745803833,0.1765449047088623,0.46965640783309937,10.5042715784939,
M2,early_warning,0,42,student-mat:dataset-version:1:source-row:180,0,8.0,2,0.3604418635368347,0.17710232734680176,0.4624558091163635,10.492090208157716,
M2,early_warning,0,42,student-mat:dataset-version:1:source-row:182,2,17.0,2,0.17906612157821655,0.13122022151947021,0.6897136569023132,7.796501394069638,
M2,early_warning,0,42,student-mat:dataset-version:1:source-row:195,2,15.0,2,0.2445243000984192,0.1557970643043518,0.599678635597229,8.796603364731379,
M2,early_warning,0,42,student-mat:dataset-version:1:source-row:205,0,9.0,2,0.35379868745803833,0.1765449047088623,0.46965640783309937,10.5042715784939,
M2,early_warning,0,42,student-mat:dataset-version:1:source-row:209,0,7.0,2,0.3791043758392334,0.17828041315078735,0.44261521100997925,10.661236112981527,
M2,early_warning,0,42,student-mat:dataset-version:1:source-row:210,0,8.0,2,0.3701654076576233,0.17778658866882324,0.45204800367355347,10.550002505400428,
M2,early_warning,0,42,student-mat:dataset-version:1:source-row:216,0,4.0,2,0.3889322280883789,0.1786770522594452,0.4323907196521759,10.845419645656715,
M2,early_warning,0,42,student-mat:dataset-version:1:source-row:220,0,6.0,2,0.3889322280883789,0.1786770522594452,0.4323907196521759,10.845419645656715,
M2,early_warning,0,42,student-mat:dataset-version:1:source-row:229,1,12.0,2,0.31118232011795044,0.1711522340774536,0.517665445804596,9.837554328156434,
M2,early_warning,0,42,student-mat:dataset-version:1:source-row:237,1,12.0,2,0.27897536754608154,0.16485202312469482,0.5561726093292236,9.331032691627488,
M2,early_warning,0,42,student-mat:dataset-version:1:source-row:238,1,11.0,2,0.27897536754608154,0.16485202312469482,0.5561726093292236,9.331032691627488,
M2,early_warning,0,42,student-mat:dataset-version:1:source-row:246,1,13.0,2,0.31118232011795044,0.1711522340774536,0.517665445804596,9.837554328156434,
M2,early_warning,0,42,student-mat:dataset-version:1:source-row:254,1,12.0,2,0.3701654076576233,0.17778658866882324,0.45204800367355347,10.550002505400428,
M2,early_warning,0,42,student-mat:dataset-version:1:source-row:283,1,10.0,2,0.3701654076576233,0.17778658866882324,0.45204800367355347,10.550002505400428,
M2,early_warning,0,42,student-mat:dataset-version:1:source-row:284,1,11.0,2,0.35379868745803833,0.1765449047088623,0.46965640783309937,10.5042715784939,
M2,early_warning,0,42,student-mat:dataset-version:1:source-row:291,2,15.0,2,0.20992791652679443,0.14408326148986816,0.6459888219833374,8.29655244707028,
M2,early_warning,0,42,student-mat:dataset-version:1:source-row:299,2,16.0,2,0.17906612157821655,0.13122022151947021,0.6897136569023132,7.796501394069638,
M2,early_warning,0,42,student-mat:dataset-version:1:source-row:303,2,18.0,2,0.15186923742294312,0.11783796548843384,0.730292797088623,7.296450205729454,
M2,early_warning,0,42,student-mat:dataset-version:1:source-row:318,1,10.0,2,0.3373866677284241,0.17484694719314575,0.4877663850784302,10.287051308221118,
M2,early_warning,0,42,student-mat:dataset-version:1:source-row:325,1,11.0,2,0.3604418635368347,0.17710232734680176,0.4624558091163635,10.492090208157716,
M2,early_warning,0,42,student-mat:dataset-version:1:source-row:334,0,0.0,2,0.35379868745803833,0.1765449047088623,0.46965640783309937,10.5042715784939,
M2,early_warning,0,42,student-mat:dataset-version:1:source-row:342,2,15.0,2,0.17906612157821655,0.13122022151947021,0.6897136569023132,7.796501394069638,
M2,early_warning,0,42,student-mat:dataset-version:1:source-row:347,0,9.0,2,0.35379868745803833,0.1765449047088623,0.46965640783309937,10.5042715784939,
M2,early_warning,0,42,student-mat:dataset-version:1:source-row:357,1,11.0,2,0.31118232011795044,0.1711522340774536,0.517665445804596,9.837554328156434,
M2,early_warning,0,42,student-mat:dataset-version:1:source-row:362,1,10.0,2,0.3373866677284241,0.17484694719314575,0.4877663850784302,10.287051308221118,
M2,early_warning,0,42,student-mat:dataset-version:1:source-row:371,1,12.0,2,0.2445243000984192,0.1557970643043518,0.599678635597229,8.796603364731379,
M2,early_warning,0,42,student-mat:dataset-version:1:source-row:374,2,19.0,2,0.10767906904220581,0.09160679578781128,0.8007141351699829,6.296348099728171,
M2,early_warning,0,42,student-mat:dataset-version:1:source-row:382,1,10.0,2,0.3373866677284241,0.17484694719314575,0.4877663850784302,10.287051308221118,
M2,early_warning,0,42,student-mat:dataset-version:1:source-row:384,0,5.0,2,0.3889322280883789,0.1786770522594452,0.4323907196521759,10.845419645656715,
M2,early_warning,0,42,student-mat:dataset-version:1:source-row:388,0,8.0,2,0.3791043758392334,0.17828041315078735,0.44261521100997925,10.661236112981527,
M3,early_warning,0,42,student-mat:dataset-version:1:source-row:4,1,10.0,2,0.32427144050598145,0.31960979104042053,0.35611873865127563,9.824557536547847,
M3,early_warning,0,42,student-mat:dataset-version:1:source-row:6,1,11.0,2,0.28489023447036743,0.3478121757507324,0.367297500371933,10.453619655068692,
M3,early_warning,0,42,student-mat:dataset-version:1:source-row:13,1,11.0,2,0.2762712836265564,0.3381548821926117,0.3855738043785095,9.617266011959181,
M3,early_warning,0,42,student-mat:dataset-version:1:source-row:21,2,15.0,2,0.28489023447036743,0.3478121757507324,0.367297500371933,10.453619655068692,
M3,early_warning,0,42,student-mat:dataset-version:1:source-row:23,1,12.0,1,0.29547733068466187,0.3685067594051361,0.3360159695148468,11.160851457242439,
M3,early_warning,0,42,student-mat:dataset-version:1:source-row:26,1,11.0,2,0.28489023447036743,0.3478121757507324,0.367297500371933,10.453619655068692,
M3,early_warning,0,42,student-mat:dataset-version:1:source-row:27,2,15.0,1,0.3039153218269348,0.40001896023750305,0.29606571793556213,12.541177556740625,
M3,early_warning,0,42,student-mat:dataset-version:1:source-row:36,2,18.0,1,0.3039153218269348,0.40001896023750305,0.29606571793556213,12.541177556740625,
M3,early_warning,0,42,student-mat:dataset-version:1:source-row:49,0,7.0,2,0.3172275722026825,0.31939181685447693,0.3633806109428406,9.696780293967105,
M3,early_warning,0,42,student-mat:dataset-version:1:source-row:58,0,9.0,2,0.2866857051849365,0.3286161422729492,0.38469815254211426,9.582770466350112,
M3,early_warning,0,42,student-mat:dataset-version:1:source-row:60,1,11.0,2,0.2762712836265564,0.3381548821926117,0.3855738043785095,9.617266011959181,
M3,early_warning,0,42,student-mat:dataset-version:1:source-row:62,0,9.0,2,0.30287593603134155,0.32279837131500244,0.3743256628513336,9.623594150618974,
M3,early_warning,0,42,student-mat:dataset-version:1:source-row:65,2,15.0,1,0.30556419491767883,0.41460341215133667,0.2798324227333069,13.212011413025747,
M3,early_warning,0,42,student-mat:dataset-version:1:source-row:71,1,10.0,2,0.2762712836265564,0.3381548821926117,0.3855738043785095,9.617266011959181,
M3,early_warning,0,42,student-mat:dataset-version:1:source-row:78,1,10.0,2,0.30287593603134155,0.32279837131500244,0.3743256628513336,9.623594150618974,
M3,early_warning,0,42,student-mat:dataset-version:1:source-row:80,1,12.0,2,0.2762712836265564,0.3381548821926117,0.3855738043785095,9.617266011959181,
M3,early_warning,0,42,student-mat:dataset-version:1:source-row:82,0,6.0,2,0.3172275722026825,0.31939181685447693,0.3633806109428406,9.696780293967105,
M3,early_warning,0,42,student-mat:dataset-version:1:source-row:84,1,10.0,2,0.2866857051849365,0.3286161422729492,0.38469815254211426,9.582770466350112,
M3,early_warning,0,42,student-mat:dataset-version:1:source-row:93,1,10.0,2,0.27704453468322754,0.34253326058387756,0.3804222047328949,9.99322305419412,
M3,early_warning,0,42,student-mat:dataset-version:1:source-row:95,1,10.0,2,0.3172275722026825,0.31939181685447693,0.3633806109428406,9.696780293967105,
M3,early_warning,0,42,student-mat:dataset-version:1:source-row:99,0,8.0,2,0.3172275722026825,0.31939181685447693,0.3633806109428406,9.696780293967105,
M3,early_warning,0,42,student-mat:dataset-version:1:source-row:101,2,17.0,1,0.30556419491767883,0.41460341215133667,0.2798324227333069,13.212011413025747,
M3,early_warning,0,42,student-mat:dataset-version:1:source-row:123,1,13.0,1,0.3023756444454193,0.3862975835800171,0.311326801776886,11.86133807195609,
M3,early_warning,0,42,student-mat:dataset-version:1:source-row:130,0,0.0,2,0.28489023447036743,0.3478121757507324,0.367297500371933,10.453619655068692,
M3,early_warning,0,42,student-mat:dataset-version:1:source-row:135,0,0.0,2,0.27704453468322754,0.34253326058387756,0.3804222047328949,9.99322305419412,
M3,early_warning,0,42,student-mat:dataset-version:1:source-row:138,1,12.0,1,0.3023756444454193,0.3862975835800171,0.311326801776886,11.86133807195609,
M3,early_warning,0,42,student-mat:dataset-version:1:source-row:140,0,0.0,2,0.3172275722026825,0.31939181685447693,0.3633806109428406,9.696780293967105,
M3,early_warning,0,42,student-mat:dataset-version:1:source-row:150,0,0.0,2,0.32427144050598145,0.31960979104042053,0.35611873865127563,9.824557536547847,
M3,early_warning,0,42,student-mat:dataset-version:1:source-row:157,1,10.0,2,0.2866857051849365,0.3286161422729492,0.38469815254211426,9.582770466350112,
M3,early_warning,0,42,student-mat:dataset-version:1:source-row:162,0,0.0,2,0.3172275722026825,0.31939181685447693,0.3633806109428406,9.696780293967105,
M3,early_warning,0,42,student-mat:dataset-version:1:source-row:165,1,12.0,2,0.28489023447036743,0.3478121757507324,0.367297500371933,10.453619655068692,
M3,early_warning,0,42,student-mat:dataset-version:1:source-row:173,0,0.0,2,0.30287593603134155,0.32279837131500244,0.3743256628513336,9.623594150618974,
M3,early_warning,0,42,student-mat:dataset-version:1:source-row:176,1,11.0,1,0.29547733068466187,0.3685067594051361,0.3360159695148468,11.160851457242439,
M3,early_warning,0,42,student-mat:dataset-version:1:source-row:179,1,11.0,2,0.2762712836265564,0.3381548821926117,0.3855738043785095,9.617266011959181,
M3,early_warning,0,42,student-mat:dataset-version:1:source-row:180,0,8.0,2,0.2866857051849365,0.3286161422729492,0.38469815254211426,9.582770466350112,
M3,early_warning,0,42,student-mat:dataset-version:1:source-row:182,2,17.0,1,0.30556419491767883,0.41460341215133667,0.2798324227333069,13.212011413025747,
M3,early_warning,0,42,student-mat:dataset-version:1:source-row:195,2,15.0,1,0.3023756444454193,0.3862975835800171,0.311326801776886,11.86133807195609,
M3,early_warning,0,42,student-mat:dataset-version:1:source-row:205,0,9.0,2,0.2762712836265564,0.3381548821926117,0.3855738043785095,9.617266011959181,
M3,early_warning,0,42,student-mat:dataset-version:1:source-row:209,0,7.0,2,0.3172275722026825,0.31939181685447693,0.3633806109428406,9.696780293967105,
M3,early_warning,0,42,student-mat:dataset-version:1:source-row:210,0,8.0,2,0.30287593603134155,0.32279837131500244,0.3743256628513336,9.623594150618974,
M3,early_warning,0,42,student-mat:dataset-version:1:source-row:216,0,4.0,2,0.32427144050598145,0.31960979104042053,0.35611873865127563,9.824557536547847,
M3,early_warning,0,42,student-mat:dataset-version:1:source-row:220,0,6.0,2,0.32427144050598145,0.31960979104042053,0.35611873865127563,9.824557536547847,
M3,early_warning,0,42,student-mat:dataset-version:1:source-row:229,1,12.0,2,0.28489023447036743,0.3478121757507324,0.367297500371933,10.453619655068692,
M3,early_warning,0,42,student-mat:dataset-version:1:source-row:237,1,12.0,1,0.29547733068466187,0.3685067594051361,0.3360159695148468,11.160851457242439,
M3,early_warning,0,42,student-mat:dataset-version:1:source-row:238,1,11.0,1,0.29547733068466187,0.3685067594051361,0.3360159695148468,11.160851457242439,
M3,early_warning,0,42,student-mat:dataset-version:1:source-row:246,1,13.0,2,0.28489023447036743,0.3478121757507324,0.367297500371933,10.453619655068692,
M3,early_warning,0,42,student-mat:dataset-version:1:source-row:254,1,12.0,2,0.30287593603134155,0.32279837131500244,0.3743256628513336,9.623594150618974,
M3,early_warning,0,42,student-mat:dataset-version:1:source-row:283,1,10.0,2,0.30287593603134155,0.32279837131500244,0.3743256628513336,9.623594150618974,
M3,early_warning,0,42,student-mat:dataset-version:1:source-row:284,1,11.0,2,0.2762712836265564,0.3381548821926117,0.3855738043785095,9.617266011959181,
M3,early_warning,0,42,student-mat:dataset-version:1:source-row:291,2,15.0,1,0.3039153218269348,0.40001896023750305,0.29606571793556213,12.541177556740625,
M3,early_warning,0,42,student-mat:dataset-version:1:source-row:299,2,16.0,1,0.30556419491767883,0.41460341215133667,0.2798324227333069,13.212011413025747,
M3,early_warning,0,42,student-mat:dataset-version:1:source-row:303,2,18.0,1,0.3067830502986908,0.42910560965538025,0.26411131024360657,13.882845133971326,
M3,early_warning,0,42,student-mat:dataset-version:1:source-row:318,1,10.0,2,0.27704453468322754,0.34253326058387756,0.3804222047328949,9.99322305419412,
M3,early_warning,0,42,student-mat:dataset-version:1:source-row:325,1,11.0,2,0.2866857051849365,0.3286161422729492,0.38469815254211426,9.582770466350112,
M3,early_warning,0,42,student-mat:dataset-version:1:source-row:334,0,0.0,2,0.2762712836265564,0.3381548821926117,0.3855738043785095,9.617266011959181,
M3,early_warning,0,42,student-mat:dataset-version:1:source-row:342,2,15.0,1,0.30556419491767883,0.41460341215133667,0.2798324227333069,13.212011413025747,
M3,early_warning,0,42,student-mat:dataset-version:1:source-row:347,0,9.0,2,0.2762712836265564,0.3381548821926117,0.3855738043785095,9.617266011959181,
M3,early_warning,0,42,student-mat:dataset-version:1:source-row:357,1,11.0,2,0.28489023447036743,0.3478121757507324,0.367297500371933,10.453619655068692,
M3,early_warning,0,42,student-mat:dataset-version:1:source-row:362,1,10.0,2,0.27704453468322754,0.34253326058387756,0.3804222047328949,9.99322305419412,
M3,early_warning,0,42,student-mat:dataset-version:1:source-row:371,1,12.0,1,0.3023756444454193,0.3862975835800171,0.311326801776886,11.86133807195609,
M3,early_warning,0,42,student-mat:dataset-version:1:source-row:374,2,19.0,1,0.30795609951019287,0.45774802565574646,0.2342958152294159,15.224513117220656,
M3,early_warning,0,42,student-mat:dataset-version:1:source-row:382,1,10.0,2,0.27704453468322754,0.34253326058387756,0.3804222047328949,9.99322305419412,
M3,early_warning,0,42,student-mat:dataset-version:1:source-row:384,0,5.0,2,0.32427144050598145,0.31960979104042053,0.35611873865127563,9.824557536547847,
M3,early_warning,0,42,student-mat:dataset-version:1:source-row:388,0,8.0,2,0.3172275722026825,0.31939181685447693,0.3633806109428406,9.696780293967105,
B0,early_warning,0,0,student-mat:dataset-version:1:source-row:4,1,10.0,0,1.0,0.0,0.0,4.904164049414581,
B0,early_warning,0,0,student-mat:dataset-version:1:source-row:6,1,11.0,1,0.0,1.0,0.0,11.636942324761593,
B0,early_warning,0,0,student-mat:dataset-version:1:source-row:13,1,11.0,0,1.0,0.0,0.0,9.392682899645923,
B0,early_warning,0,0,student-mat:dataset-version:1:source-row:21,2,15.0,1,0.0,1.0,0.0,11.636942324761593,
B0,early_warning,0,0,student-mat:dataset-version:1:source-row:23,1,12.0,1,0.0,1.0,0.0,12.759072037319427,
B0,early_warning,0,0,student-mat:dataset-version:1:source-row:26,1,11.0,1,0.0,1.0,0.0,11.636942324761593,
B0,early_warning,0,0,student-mat:dataset-version:1:source-row:27,2,15.0,2,0.0,0.0,1.0,15.0033314624351,
B0,early_warning,0,0,student-mat:dataset-version:1:source-row:36,2,18.0,2,0.0,0.0,1.0,15.0033314624351,
B0,early_warning,0,0,student-mat:dataset-version:1:source-row:49,0,7.0,0,1.0,0.0,0.0,6.026293761972417,
B0,early_warning,0,0,student-mat:dataset-version:1:source-row:58,0,9.0,0,1.0,0.0,0.0,8.270553187088087,
B0,early_warning,0,0,student-mat:dataset-version:1:source-row:60,1,11.0,0,1.0,0.0,0.0,9.392682899645923,
B0,early_warning,0,0,student-mat:dataset-version:1:source-row:62,0,9.0,0,1.0,0.0,0.0,7.148423474530251,
B0,early_warning,0,0,student-mat:dataset-version:1:source-row:65,2,15.0,2,0.0,0.0,1.0,16.12546117499293,
B0,early_warning,0,0,student-mat:dataset-version:1:source-row:71,1,10.0,0,1.0,0.0,0.0,9.392682899645923,
B0,early_warning,0,0,student-mat:dataset-version:1:source-row:78,1,10.0,0,1.0,0.0,0.0,7.148423474530251,
B0,early_warning,0,0,student-mat:dataset-version:1:source-row:80,1,12.0,0,1.0,0.0,0.0,9.392682899645923,
B0,early_warning,0,0,student-mat:dataset-version:1:source-row:82,0,6.0,0,1.0,0.0,0.0,6.026293761972417,
B0,early_warning,0,0,student-mat:dataset-version:1:source-row:84,1,10.0,0,1.0,0.0,0.0,8.270553187088087,
B0,early_warning,0,0,student-mat:dataset-version:1:source-row:93,1,10.0,1,0.0,1.0,0.0,10.514812612203757,
B0,early_warning,0,0,student-mat:dataset-version:1:source-row:95,1,10.0,0,1.0,0.0,0.0,6.026293761972417,
B0,early_warning,0,0,student-mat:dataset-version:1:source-row:99,0,8.0,0,1.0,0.0,0.0,6.026293761972417,
B0,early_warning,0,0,student-mat:dataset-version:1:source-row:101,2,17.0,2,0.0,0.0,1.0,16.12546117499293,
B0,early_warning,0,0,student-mat:dataset-version:1:source-row:123,1,13.0,1,0.0,1.0,0.0,13.881201749877263,
B0,early_warning,0,0,student-mat:dataset-version:1:source-row:130,0,0.0,1,0.0,1.0,0.0,11.636942324761593,
B0,early_warning,0,0,student-mat:dataset-version:1:source-row:135,0,0.0,1,0.0,1.0,0.0,10.514812612203757,
B0,early_warning,0,0,student-mat:dataset-version:1:source-row:138,1,12.0,1,0.0,1.0,0.0,13.881201749877263,
B0,early_warning,0,0,student-mat:dataset-version:1:source-row:140,0,0.0,0,1.0,0.0,0.0,6.026293761972417,
B0,early_warning,0,0,student-mat:dataset-version:1:source-row:150,0,0.0,0,1.0,0.0,0.0,4.904164049414581,
B0,early_warning,0,0,student-mat:dataset-version:1:source-row:157,1,10.0,0,1.0,0.0,0.0,8.270553187088087,
B0,early_warning,0,0,student-mat:dataset-version:1:source-row:162,0,0.0,0,1.0,0.0,0.0,6.026293761972417,
B0,early_warning,0,0,student-mat:dataset-version:1:source-row:165,1,12.0,1,0.0,1.0,0.0,11.636942324761593,
B0,early_warning,0,0,student-mat:dataset-version:1:source-row:173,0,0.0,0,1.0,0.0,0.0,7.148423474530251,
B0,early_warning,0,0,student-mat:dataset-version:1:source-row:176,1,11.0,1,0.0,1.0,0.0,12.759072037319427,
B0,early_warning,0,0,student-mat:dataset-version:1:source-row:179,1,11.0,0,1.0,0.0,0.0,9.392682899645923,
B0,early_warning,0,0,student-mat:dataset-version:1:source-row:180,0,8.0,0,1.0,0.0,0.0,8.270553187088087,
B0,early_warning,0,0,student-mat:dataset-version:1:source-row:182,2,17.0,2,0.0,0.0,1.0,16.12546117499293,
B0,early_warning,0,0,student-mat:dataset-version:1:source-row:195,2,15.0,1,0.0,1.0,0.0,13.881201749877263,
B0,early_warning,0,0,student-mat:dataset-version:1:source-row:205,0,9.0,0,1.0,0.0,0.0,9.392682899645923,
B0,early_warning,0,0,student-mat:dataset-version:1:source-row:209,0,7.0,0,1.0,0.0,0.0,6.026293761972417,
B0,early_warning,0,0,student-mat:dataset-version:1:source-row:210,0,8.0,0,1.0,0.0,0.0,7.148423474530251,
B0,early_warning,0,0,student-mat:dataset-version:1:source-row:216,0,4.0,0,1.0,0.0,0.0,4.904164049414581,
B0,early_warning,0,0,student-mat:dataset-version:1:source-row:220,0,6.0,0,1.0,0.0,0.0,4.904164049414581,
B0,early_warning,0,0,student-mat:dataset-version:1:source-row:229,1,12.0,1,0.0,1.0,0.0,11.636942324761593,
B0,early_warning,0,0,student-mat:dataset-version:1:source-row:237,1,12.0,1,0.0,1.0,0.0,12.759072037319427,
B0,early_warning,0,0,student-mat:dataset-version:1:source-row:238,1,11.0,1,0.0,1.0,0.0,12.759072037319427,
B0,early_warning,0,0,student-mat:dataset-version:1:source-row:246,1,13.0,1,0.0,1.0,0.0,11.636942324761593,
B0,early_warning,0,0,student-mat:dataset-version:1:source-row:254,1,12.0,0,1.0,0.0,0.0,7.148423474530251,
B0,early_warning,0,0,student-mat:dataset-version:1:source-row:283,1,10.0,0,1.0,0.0,0.0,7.148423474530251,
B0,early_warning,0,0,student-mat:dataset-version:1:source-row:284,1,11.0,0,1.0,0.0,0.0,9.392682899645923,
B0,early_warning,0,0,student-mat:dataset-version:1:source-row:291,2,15.0,2,0.0,0.0,1.0,15.0033314624351,
B0,early_warning,0,0,student-mat:dataset-version:1:source-row:299,2,16.0,2,0.0,0.0,1.0,16.12546117499293,
B0,early_warning,0,0,student-mat:dataset-version:1:source-row:303,2,18.0,2,0.0,0.0,1.0,17.247590887550768,
B0,early_warning,0,0,student-mat:dataset-version:1:source-row:318,1,10.0,1,0.0,1.0,0.0,10.514812612203757,
B0,early_warning,0,0,student-mat:dataset-version:1:source-row:325,1,11.0,0,1.0,0.0,0.0,8.270553187088087,
B0,early_warning,0,0,student-mat:dataset-version:1:source-row:334,0,0.0,0,1.0,0.0,0.0,9.392682899645923,
B0,early_warning,0,0,student-mat:dataset-version:1:source-row:342,2,15.0,2,0.0,0.0,1.0,16.12546117499293,
B0,early_warning,0,0,student-mat:dataset-version:1:source-row:347,0,9.0,0,1.0,0.0,0.0,9.392682899645923,
B0,early_warning,0,0,student-mat:dataset-version:1:source-row:357,1,11.0,1,0.0,1.0,0.0,11.636942324761593,
B0,early_warning,0,0,student-mat:dataset-version:1:source-row:362,1,10.0,1,0.0,1.0,0.0,10.514812612203757,
B0,early_warning,0,0,student-mat:dataset-version:1:source-row:371,1,12.0,1,0.0,1.0,0.0,13.881201749877263,
B0,early_warning,0,0,student-mat:dataset-version:1:source-row:374,2,19.0,2,0.0,0.0,1.0,19.491850312666436,
B0,early_warning,0,0,student-mat:dataset-version:1:source-row:382,1,10.0,1,0.0,1.0,0.0,10.514812612203757,
B0,early_warning,0,0,student-mat:dataset-version:1:source-row:384,0,5.0,0,1.0,0.0,0.0,4.904164049414581,
B0,early_warning,0,0,student-mat:dataset-version:1:source-row:388,0,8.0,0,1.0,0.0,0.0,6.026293761972417,
